molecule_name,true_pec50,true_bin,abs_error,threshold,n_neighbors,n_same_bin,n_low_train,n_high_train,mean_neighbor_pec50,max_sim
OADMET-0006617,3.515,3-4,0.748118203004513,0.4,5,1,1,0,4.272,0.4716981053352356
OADMET-0006617,3.515,3-4,0.748118203004513,0.5,0,0,0,0,,0.4716981053352356
OADMET-0006617,3.515,3-4,0.748118203004513,0.6,0,0,0,0,,0.4716981053352356
OADMET-0006615,5.335,5-6,0.059848758808549896,0.4,1,0,0,1,6.01,0.52173912525177
OADMET-0006615,5.335,5-6,0.059848758808549896,0.5,1,0,0,1,6.01,0.52173912525177
OADMET-0006615,5.335,5-6,0.059848758808549896,0.6,0,0,0,0,,0.52173912525177
OADMET-0006612,4.28,4-5,0.4317728925968618,0.4,1,0,0,1,6.26,0.5873016119003296
OADMET-0006612,4.28,4-5,0.4317728925968618,0.5,1,0,0,1,6.26,0.5873016119003296
OADMET-0006612,4.28,4-5,0.4317728925968618,0.6,0,0,0,0,,0.5873016119003296
OADMET-0006610,4.949999999999999,4-5,0.3224312331476238,0.4,2,1,0,1,5.3575,0.5319148898124695
OADMET-0006610,4.949999999999999,4-5,0.3224312331476238,0.5,1,0,0,1,6.015000000000001,0.5319148898124695
OADMET-0006610,4.949999999999999,4-5,0.3224312331476238,0.6,0,0,0,0,,0.5319148898124695
OADMET-0006609,2.015,<3,0.8329765273876113,0.4,1,0,0,1,6.205,0.5333333611488342
OADMET-0006609,2.015,<3,0.8329765273876113,0.5,1,0,0,1,6.205,0.5333333611488342
OADMET-0006609,2.015,<3,0.8329765273876113,0.6,0,0,0,0,,0.5333333611488342
OADMET-0006606,5.49,5-6,0.044069269772769815,0.4,1,1,0,0,5.904999999999999,0.699999988079071
OADMET-0006606,5.49,5-6,0.044069269772769815,0.5,1,1,0,0,5.904999999999999,0.699999988079071
OADMET-0006606,5.49,5-6,0.044069269772769815,0.6,1,1,0,0,5.904999999999999,0.699999988079071
OADMET-0006604,4.715,4-5,0.00780533308661191,0.4,1,0,0,1,6.855,0.5901639461517334
OADMET-0006604,4.715,4-5,0.00780533308661191,0.5,1,0,0,1,6.855,0.5901639461517334
OADMET-0006604,4.715,4-5,0.00780533308661191,0.6,0,0,0,0,,0.5901639461517334
OADMET-0006603,2.275,<3,0.7695952381544648,0.4,1,0,0,1,6.845,0.5076923370361328
OADMET-0006603,2.275,<3,0.7695952381544648,0.5,1,0,0,1,6.845,0.5076923370361328
OADMET-0006603,2.275,<3,0.7695952381544648,0.6,0,0,0,0,,0.5076923370361328
OADMET-0006600,3.99,3-4,0.3946117811201084,0.4,3,0,0,1,5.111666666666666,0.5625
OADMET-0006600,3.99,3-4,0.3946117811201084,0.5,1,0,0,1,6.045,0.5625
OADMET-0006600,3.99,3-4,0.3946117811201084,0.6,0,0,0,0,,0.5625
OADMET-0006599,2.3600000000000003,<3,0.8674310738368725,0.4,2,1,1,0,3.9300000000000006,0.5
OADMET-0006599,2.3600000000000003,<3,0.8674310738368725,0.5,1,0,0,0,5.880000000000001,0.5
OADMET-0006599,2.3600000000000003,<3,0.8674310738368725,0.6,0,0,0,0,,0.5
OADMET-0006597,5.215,5-6,0.4217749016213128,0.4,1,0,0,1,6.01,0.8064516186714172
OADMET-0006597,5.215,5-6,0.4217749016213128,0.5,1,0,0,1,6.01,0.8064516186714172
OADMET-0006597,5.215,5-6,0.4217749016213128,0.6,1,0,0,1,6.01,0.8064516186714172
OADMET-0006596,4.89,4-5,0.5352458362643153,0.4,2,1,0,1,5.8425,0.5625
OADMET-0006596,4.89,4-5,0.5352458362643153,0.5,1,0,0,1,6.855,0.5625
OADMET-0006596,4.89,4-5,0.5352458362643153,0.6,0,0,0,0,,0.5625
OADMET-0006593,4.46,4-5,0.44747441408062194,0.4,1,0,0,1,6.855,0.43661972880363464
OADMET-0006593,4.46,4-5,0.44747441408062194,0.5,0,0,0,0,,0.43661972880363464
OADMET-0006593,4.46,4-5,0.44747441408062194,0.6,0,0,0,0,,0.43661972880363464
OADMET-0006589,3.42,3-4,0.31075458307065595,0.4,2,0,0,1,5.34,0.5087719559669495
OADMET-0006589,3.42,3-4,0.31075458307065595,0.5,1,0,0,1,6.0600000000000005,0.5087719559669495
OADMET-0006589,3.42,3-4,0.31075458307065595,0.6,0,0,0,0,,0.5087719559669495
OADMET-0006587,5.31,5-6,0.2585410204949916,0.4,2,0,0,1,4.9025,0.5454545617103577
OADMET-0006587,5.31,5-6,0.2585410204949916,0.5,1,0,0,1,6.115,0.5454545617103577
OADMET-0006587,5.31,5-6,0.2585410204949916,0.6,0,0,0,0,,0.5454545617103577
OADMET-0006585,4.215,4-5,0.02747994794345221,0.4,2,1,0,1,5.175,0.46875
OADMET-0006585,4.215,4-5,0.02747994794345221,0.5,0,0,0,0,,0.46875
OADMET-0006585,4.215,4-5,0.02747994794345221,0.6,0,0,0,0,,0.46875
OADMET-0006582,4.67,4-5,0.15306391030036437,0.4,3,2,0,1,5.088333333333334,0.5161290168762207
OADMET-0006582,4.67,4-5,0.15306391030036437,0.5,1,0,0,1,6.115,0.5161290168762207
OADMET-0006582,4.67,4-5,0.15306391030036437,0.6,0,0,0,0,,0.5161290168762207
OADMET-0006581,5.395,5-6,0.2875709524133043,0.4,2,1,0,1,5.83,0.5555555820465088
OADMET-0006581,5.395,5-6,0.2875709524133043,0.5,1,0,0,1,6.140000000000001,0.5555555820465088
OADMET-0006581,5.395,5-6,0.2875709524133043,0.6,0,0,0,0,,0.5555555820465088
OADMET-0006580,5.265,5-6,0.20117308739580153,0.4,1,1,0,0,5.99,0.4821428656578064
OADMET-0006580,5.265,5-6,0.20117308739580153,0.5,0,0,0,0,,0.4821428656578064
OADMET-0006580,5.265,5-6,0.20117308739580153,0.6,0,0,0,0,,0.4821428656578064
OADMET-0006579,5.15,5-6,0.04575939908176174,0.4,5,4,0,0,5.546000000000001,0.5070422291755676
OADMET-0006579,5.15,5-6,0.04575939908176174,0.5,1,1,0,0,5.33,0.5070422291755676
OADMET-0006579,5.15,5-6,0.04575939908176174,0.6,0,0,0,0,,0.5070422291755676
OADMET-0006578,4.890000000000001,4-5,0.18706697084142032,0.4,1,0,0,0,5.85,0.4901960790157318
OADMET-0006578,4.890000000000001,4-5,0.18706697084142032,0.5,0,0,0,0,,0.4901960790157318
OADMET-0006578,4.890000000000001,4-5,0.18706697084142032,0.6,0,0,0,0,,0.4901960790157318
OADMET-0006574,5.405,5-6,0.14630479586325507,0.4,2,2,0,0,5.8100000000000005,0.49056604504585266
OADMET-0006574,5.405,5-6,0.14630479586325507,0.5,0,0,0,0,,0.49056604504585266
OADMET-0006574,5.405,5-6,0.14630479586325507,0.6,0,0,0,0,,0.49056604504585266
OADMET-0006573,4.775,4-5,1.0199294153021845,0.4,1,0,0,0,5.83,0.43283581733703613
OADMET-0006573,4.775,4-5,1.0199294153021845,0.5,0,0,0,0,,0.43283581733703613
OADMET-0006573,4.775,4-5,1.0199294153021845,0.6,0,0,0,0,,0.43283581733703613
OADMET-0006570,4.84,4-5,0.669235486634153,0.4,1,0,0,1,6.18,0.4920634925365448
OADMET-0006570,4.84,4-5,0.669235486634153,0.5,0,0,0,0,,0.4920634925365448
OADMET-0006570,4.84,4-5,0.669235486634153,0.6,0,0,0,0,,0.4920634925365448
OADMET-0006568,5.105,5-6,0.08410051927584838,0.4,1,0,0,1,6.01,0.5205479264259338
OADMET-0006568,5.105,5-6,0.08410051927584838,0.5,1,0,0,1,6.01,0.5205479264259338
OADMET-0006568,5.105,5-6,0.08410051927584838,0.6,0,0,0,0,,0.5205479264259338
OADMET-0006567,4.835,4-5,0.21971775948412464,0.4,1,0,0,1,6.6850000000000005,0.4821428656578064
OADMET-0006567,4.835,4-5,0.21971775948412464,0.5,0,0,0,0,,0.4821428656578064
OADMET-0006567,4.835,4-5,0.21971775948412464,0.6,0,0,0,0,,0.4821428656578064
OADMET-0006566,1.945,<3,1.4897619161604123,0.4,1,1,1,0,2.67,0.4126984179019928
OADMET-0006566,1.945,<3,1.4897619161604123,0.5,0,0,0,0,,0.4126984179019928
OADMET-0006566,1.945,<3,1.4897619161604123,0.6,0,0,0,0,,0.4126984179019928
OADMET-0006565,4.975,4-5,0.22082243433474424,0.4,1,0,0,1,6.01,0.465753436088562
OADMET-0006565,4.975,4-5,0.22082243433474424,0.5,0,0,0,0,,0.465753436088562
OADMET-0006565,4.975,4-5,0.22082243433474424,0.6,0,0,0,0,,0.465753436088562
OADMET-0006564,5.13,5-6,0.0231550825749407,0.4,1,1,0,0,5.85,0.5370370149612427
OADMET-0006564,5.13,5-6,0.0231550825749407,0.5,1,1,0,0,5.85,0.5370370149612427
OADMET-0006564,5.13,5-6,0.0231550825749407,0.6,0,0,0,0,,0.5370370149612427
OADMET-0006561,5.305,5-6,0.10526401913503491,0.4,1,0,0,1,6.18,0.45588234066963196
OADMET-0006561,5.305,5-6,0.10526401913503491,0.5,0,0,0,0,,0.45588234066963196
OADMET-0006561,5.305,5-6,0.10526401913503491,0.6,0,0,0,0,,0.45588234066963196
OADMET-0006559,4.245,4-5,0.11163333428575495,0.4,1,0,0,1,6.045,0.5
OADMET-0006559,4.245,4-5,0.11163333428575495,0.5,1,0,0,1,6.045,0.5
OADMET-0006559,4.245,4-5,0.11163333428575495,0.6,0,0,0,0,,0.5
OADMET-0006557,4.63,4-5,0.6006857735949778,0.4,2,0,0,1,5.035,0.43939393758773804
OADMET-0006557,4.63,4-5,0.6006857735949778,0.5,0,0,0,0,,0.43939393758773804
OADMET-0006557,4.63,4-5,0.6006857735949778,0.6,0,0,0,0,,0.43939393758773804
OADMET-0006555,5.335,5-6,0.0892937846674915,0.4,2,1,0,0,5.1899999999999995,0.4901960790157318
OADMET-0006555,5.335,5-6,0.0892937846674915,0.5,0,0,0,0,,0.4901960790157318
OADMET-0006555,5.335,5-6,0.0892937846674915,0.6,0,0,0,0,,0.4901960790157318
OADMET-0006552,5.41,5-6,0.3584222508498174,0.4,2,2,0,0,5.470000000000001,0.6393442749977112
OADMET-0006552,5.41,5-6,0.3584222508498174,0.5,1,1,0,0,5.66,0.6393442749977112
OADMET-0006552,5.41,5-6,0.3584222508498174,0.6,1,1,0,0,5.66,0.6393442749977112
OADMET-0006548,4.065,4-5,0.05023875146627166,0.4,2,1,0,0,5.345000000000001,0.4761904776096344
OADMET-0006548,4.065,4-5,0.05023875146627166,0.5,0,0,0,0,,0.4761904776096344
OADMET-0006548,4.065,4-5,0.05023875146627166,0.6,0,0,0,0,,0.4761904776096344
OADMET-0006547,4.925000000000001,4-5,0.058673348865423414,0.4,6,3,0,1,5.1525,0.5322580933570862
OADMET-0006547,4.925000000000001,4-5,0.058673348865423414,0.5,2,1,0,0,4.775,0.5322580933570862
OADMET-0006547,4.925000000000001,4-5,0.058673348865423414,0.6,0,0,0,0,,0.5322580933570862
OADMET-0006546,6.72,>=6,1.1077552208815495,0.4,2,0,0,0,4.6175,0.6122449040412903
OADMET-0006546,6.72,>=6,1.1077552208815495,0.5,1,0,0,0,5.904999999999999,0.6122449040412903
OADMET-0006546,6.72,>=6,1.1077552208815495,0.6,1,0,0,0,5.904999999999999,0.6122449040412903
OADMET-0006545,4.96,4-5,0.137791308407885,0.4,1,0,0,0,5.880000000000001,0.6000000238418579
OADMET-0006545,4.96,4-5,0.137791308407885,0.5,1,0,0,0,5.880000000000001,0.6000000238418579
OADMET-0006545,4.96,4-5,0.137791308407885,0.6,1,0,0,0,5.880000000000001,0.6000000238418579
OADMET-0006544,4.87,4-5,0.38013882160380597,0.4,4,2,0,0,5.0225,0.6290322542190552
OADMET-0006544,4.87,4-5,0.38013882160380597,0.5,2,0,0,0,5.470000000000001,0.6290322542190552
OADMET-0006544,4.87,4-5,0.38013882160380597,0.6,1,0,0,0,5.66,0.6290322542190552
OADMET-0006542,5.565,5-6,0.177955292085743,0.4,1,1,0,0,5.904999999999999,0.6000000238418579
OADMET-0006542,5.565,5-6,0.177955292085743,0.5,1,1,0,0,5.904999999999999,0.6000000238418579
OADMET-0006542,5.565,5-6,0.177955292085743,0.6,1,1,0,0,5.904999999999999,0.6000000238418579
OADMET-0006540,5.805,5-6,0.29950266069813924,0.4,1,1,0,0,5.904999999999999,0.6000000238418579
OADMET-0006540,5.805,5-6,0.29950266069813924,0.5,1,1,0,0,5.904999999999999,0.6000000238418579
OADMET-0006540,5.805,5-6,0.29950266069813924,0.6,1,1,0,0,5.904999999999999,0.6000000238418579
OADMET-0006539,5.390000000000001,5-6,0.35056782700316713,0.4,2,2,0,0,5.82,0.47887325286865234
OADMET-0006539,5.390000000000001,5-6,0.35056782700316713,0.5,0,0,0,0,,0.47887325286865234
OADMET-0006539,5.390000000000001,5-6,0.35056782700316713,0.6,0,0,0,0,,0.47887325286865234
OADMET-0006536,4.605,4-5,0.2973557404936784,0.4,1,0,0,1,6.18,0.43478259444236755
OADMET-0006536,4.605,4-5,0.2973557404936784,0.5,0,0,0,0,,0.43478259444236755
OADMET-0006536,4.605,4-5,0.2973557404936784,0.6,0,0,0,0,,0.43478259444236755
OADMET-0006534,2.8200000000000003,<3,2.074503708189022,0.4,2,0,0,1,5.8875,0.5535714030265808
OADMET-0006534,2.8200000000000003,<3,2.074503708189022,0.5,1,0,0,1,6.6850000000000005,0.5535714030265808
OADMET-0006534,2.8200000000000003,<3,2.074503708189022,0.6,0,0,0,0,,0.5535714030265808
OADMET-0006533,4.655,4-5,0.2535129866772756,0.4,3,1,0,0,5.330000000000001,0.47058823704719543
OADMET-0006533,4.655,4-5,0.2535129866772756,0.5,0,0,0,0,,0.47058823704719543
OADMET-0006533,4.655,4-5,0.2535129866772756,0.6,0,0,0,0,,0.47058823704719543
OADMET-0006532,5.25,5-6,0.48474620058791906,0.4,2,1,0,1,5.7275,0.5102040767669678
OADMET-0006532,5.25,5-6,0.48474620058791906,0.5,1,0,0,1,6.045,0.5102040767669678
OADMET-0006532,5.25,5-6,0.48474620058791906,0.6,0,0,0,0,,0.5102040767669678
OADMET-0006531,5.955,5-6,0.6246610681737588,0.4,2,1,0,1,5.83,0.5230769515037537
OADMET-0006531,5.955,5-6,0.6246610681737588,0.5,2,1,0,1,5.83,0.5230769515037537
OADMET-0006531,5.955,5-6,0.6246610681737588,0.6,0,0,0,0,,0.5230769515037537
OADMET-0006530,5.445,5-6,0.13714640247576426,0.4,2,1,0,1,5.9,0.5142857432365417
OADMET-0006530,5.445,5-6,0.13714640247576426,0.5,1,0,0,1,6.26,0.5142857432365417
OADMET-0006530,5.445,5-6,0.13714640247576426,0.6,0,0,0,0,,0.5142857432365417
OADMET-0006529,5.375,5-6,0.6768796799327337,0.4,3,0,0,2,5.960000000000001,0.5070422291755676
OADMET-0006529,5.375,5-6,0.6768796799327337,0.5,1,0,0,0,4.83,0.5070422291755676
OADMET-0006529,5.375,5-6,0.6768796799327337,0.6,0,0,0,0,,0.5070422291755676
OADMET-0006525,4.415,4-5,0.019036764843121112,0.4,5,2,0,1,5.305000000000001,0.6071428656578064
OADMET-0006525,4.415,4-5,0.019036764843121112,0.5,5,2,0,1,5.305000000000001,0.6071428656578064
OADMET-0006525,4.415,4-5,0.019036764843121112,0.6,1,1,0,0,4.81,0.6071428656578064
OADMET-0006523,4.76,4-5,0.33750082227493916,0.4,2,1,0,1,5.32,0.4923076927661896
OADMET-0006523,4.76,4-5,0.33750082227493916,0.5,0,0,0,0,,0.4923076927661896
OADMET-0006523,4.76,4-5,0.33750082227493916,0.6,0,0,0,0,,0.4923076927661896
OADMET-0006522,5.625,5-6,0.47398002025716934,0.4,1,0,0,1,6.6850000000000005,0.44999998807907104
OADMET-0006522,5.625,5-6,0.47398002025716934,0.5,0,0,0,0,,0.44999998807907104
OADMET-0006522,5.625,5-6,0.47398002025716934,0.6,0,0,0,0,,0.44999998807907104
OADMET-0006520,4.845000000000001,4-5,0.1448819083098174,0.4,2,0,1,1,4.24,0.5076923370361328
OADMET-0006520,4.845000000000001,4-5,0.1448819083098174,0.5,1,0,0,1,6.26,0.5076923370361328
OADMET-0006520,4.845000000000001,4-5,0.1448819083098174,0.6,0,0,0,0,,0.5076923370361328
OADMET-0006517,4.244999999999999,4-5,0.25890015924676657,0.4,0,0,0,0,,0.3970588147640228
OADMET-0006517,4.244999999999999,4-5,0.25890015924676657,0.5,0,0,0,0,,0.3970588147640228
OADMET-0006517,4.244999999999999,4-5,0.25890015924676657,0.6,0,0,0,0,,0.3970588147640228
OADMET-0006515,5.23,5-6,0.5294739921734406,0.4,1,0,0,1,6.01,0.465753436088562
OADMET-0006515,5.23,5-6,0.5294739921734406,0.5,0,0,0,0,,0.465753436088562
OADMET-0006515,5.23,5-6,0.5294739921734406,0.6,0,0,0,0,,0.465753436088562
OADMET-0006514,2.725,<3,1.6283015549010362,0.4,2,0,0,0,5.6899999999999995,0.5
OADMET-0006514,2.725,<3,1.6283015549010362,0.5,1,0,0,0,5.79,0.5
OADMET-0006514,2.725,<3,1.6283015549010362,0.6,0,0,0,0,,0.5
OADMET-0006511,3.655,3-4,0.4641210560926221,0.4,2,0,0,1,5.32,0.5625
OADMET-0006511,3.655,3-4,0.4641210560926221,0.5,1,0,0,0,4.64,0.5625
OADMET-0006511,3.655,3-4,0.4641210560926221,0.6,0,0,0,0,,0.5625
OADMET-0006507,4.465,4-5,0.20340399859334468,0.4,2,1,0,1,5.32,0.484375
OADMET-0006507,4.465,4-5,0.20340399859334468,0.5,0,0,0,0,,0.484375
OADMET-0006507,4.465,4-5,0.20340399859334468,0.6,0,0,0,0,,0.484375
OADMET-0006506,2.2,<3,1.1048917379045786,0.4,2,0,0,1,5.6975,0.5714285969734192
OADMET-0006506,2.2,<3,1.1048917379045786,0.5,1,0,0,1,6.205,0.5714285969734192
OADMET-0006506,2.2,<3,1.1048917379045786,0.6,0,0,0,0,,0.5714285969734192
OADMET-0006504,5.15,5-6,0.028880267774391122,0.4,3,1,0,1,5.265,0.5681818127632141
OADMET-0006504,5.15,5-6,0.028880267774391122,0.5,1,0,0,1,6.015000000000001,0.5681818127632141
OADMET-0006504,5.15,5-6,0.028880267774391122,0.6,0,0,0,0,,0.5681818127632141
OADMET-0006501,4.27,4-5,0.07171263310802978,0.4,2,0,0,0,5.6899999999999995,0.4754098355770111
OADMET-0006501,4.27,4-5,0.07171263310802978,0.5,0,0,0,0,,0.4754098355770111
OADMET-0006501,4.27,4-5,0.07171263310802978,0.6,0,0,0,0,,0.4754098355770111
OADMET-0006499,5.065,5-6,0.020959097443705943,0.4,1,0,0,1,6.045,0.6363636255264282
OADMET-0006499,5.065,5-6,0.020959097443705943,0.5,1,0,0,1,6.045,0.6363636255264282
OADMET-0006499,5.065,5-6,0.020959097443705943,0.6,1,0,0,1,6.045,0.6363636255264282
OADMET-0006494,4.295,4-5,0.27995882125114235,0.4,1,0,0,0,5.85,0.5094339847564697
OADMET-0006494,4.295,4-5,0.27995882125114235,0.5,1,0,0,0,5.85,0.5094339847564697
OADMET-0006494,4.295,4-5,0.27995882125114235,0.6,0,0,0,0,,0.5094339847564697
OADMET-0006490,3.245,3-4,0.1743682233260584,0.4,3,0,1,0,4.226666666666667,0.5373134613037109
OADMET-0006490,3.245,3-4,0.1743682233260584,0.5,1,0,0,0,5.84,0.5373134613037109
OADMET-0006490,3.245,3-4,0.1743682233260584,0.6,0,0,0,0,,0.5373134613037109
OADMET-0006484,5.51,5-6,0.03661311047915827,0.4,1,0,0,1,6.01,0.4647887349128723
OADMET-0006484,5.51,5-6,0.03661311047915827,0.5,0,0,0,0,,0.4647887349128723
OADMET-0006484,5.51,5-6,0.03661311047915827,0.6,0,0,0,0,,0.4647887349128723
OADMET-0006482,6.035,>=6,0.3023277550622696,0.4,3,1,0,1,5.758333333333333,0.5849056839942932
OADMET-0006482,6.035,>=6,0.3023277550622696,0.5,1,1,0,1,6.015000000000001,0.5849056839942932
OADMET-0006482,6.035,>=6,0.3023277550622696,0.6,0,0,0,0,,0.5849056839942932
OADMET-0006477,5.35,5-6,0.14960859593478215,0.4,1,0,0,1,6.11,0.45945945382118225
OADMET-0006477,5.35,5-6,0.14960859593478215,0.5,0,0,0,0,,0.45945945382118225
OADMET-0006477,5.35,5-6,0.14960859593478215,0.6,0,0,0,0,,0.45945945382118225
OADMET-0006472,1.755,<3,1.4065782323991418,0.4,1,0,0,1,6.205,0.578125
OADMET-0006472,1.755,<3,1.4065782323991418,0.5,1,0,0,1,6.205,0.578125
OADMET-0006472,1.755,<3,1.4065782323991418,0.6,0,0,0,0,,0.578125
OADMET-0006469,4.58,4-5,0.5711104653393058,0.4,1,0,0,0,5.99,0.4464285671710968
OADMET-0006469,4.58,4-5,0.5711104653393058,0.5,0,0,0,0,,0.4464285671710968
OADMET-0006469,4.58,4-5,0.5711104653393058,0.6,0,0,0,0,,0.4464285671710968
OADMET-0006468,5.87,5-6,0.8297271311791921,0.4,2,1,0,1,5.175,0.4920634925365448
OADMET-0006468,5.87,5-6,0.8297271311791921,0.5,0,0,0,0,,0.4920634925365448
OADMET-0006468,5.87,5-6,0.8297271311791921,0.6,0,0,0,0,,0.4920634925365448
OADMET-0006463,5.54,5-6,0.6168977254295509,0.4,3,1,0,1,5.375,0.5319148898124695
OADMET-0006463,5.54,5-6,0.6168977254295509,0.5,2,0,0,1,5.3575,0.5319148898124695
OADMET-0006463,5.54,5-6,0.6168977254295509,0.6,0,0,0,0,,0.5319148898124695
OADMET-0006462,5.550000000000001,5-6,0.05036809554948274,0.4,1,1,0,0,5.904999999999999,0.7446808218955994
OADMET-0006462,5.550000000000001,5-6,0.05036809554948274,0.5,1,1,0,0,5.904999999999999,0.7446808218955994
OADMET-0006462,5.550000000000001,5-6,0.05036809554948274,0.6,1,1,0,0,5.904999999999999,0.7446808218955994
OADMET-0006461,5.34,5-6,0.000668718863570561,0.4,5,4,0,0,5.546000000000001,0.49295774102211
OADMET-0006461,5.34,5-6,0.000668718863570561,0.5,0,0,0,0,,0.49295774102211
OADMET-0006461,5.34,5-6,0.000668718863570561,0.6,0,0,0,0,,0.49295774102211
OADMET-0006460,1.98,<3,0.7295319596727268,0.4,1,0,0,0,5.945,0.5
OADMET-0006460,1.98,<3,0.7295319596727268,0.5,1,0,0,0,5.945,0.5
OADMET-0006460,1.98,<3,0.7295319596727268,0.6,0,0,0,0,,0.5
OADMET-0006458,1.945,<3,2.22658476867593,0.4,1,0,0,1,6.01,0.5
OADMET-0006458,1.945,<3,2.22658476867593,0.5,1,0,0,1,6.01,0.5
OADMET-0006458,1.945,<3,2.22658476867593,0.6,0,0,0,0,,0.5
OADMET-0006455,6.225,>=6,1.076222532823313,0.4,1,0,0,0,5.83,0.43283581733703613
OADMET-0006455,6.225,>=6,1.076222532823313,0.5,0,0,0,0,,0.43283581733703613
OADMET-0006455,6.225,>=6,1.076222532823313,0.6,0,0,0,0,,0.43283581733703613
OADMET-0006453,5.135,5-6,0.26255901688116534,0.4,2,1,0,1,5.7250000000000005,0.5714285969734192
OADMET-0006453,5.135,5-6,0.26255901688116534,0.5,2,1,0,1,5.7250000000000005,0.5714285969734192
OADMET-0006453,5.135,5-6,0.26255901688116534,0.6,0,0,0,0,,0.5714285969734192
OADMET-0006452,4.72,4-5,0.4739690699658423,0.4,1,0,0,0,5.945,0.5357142686843872
OADMET-0006452,4.72,4-5,0.4739690699658423,0.5,1,0,0,0,5.945,0.5357142686843872
OADMET-0006452,4.72,4-5,0.4739690699658423,0.6,0,0,0,0,,0.5357142686843872
OADMET-0006451,5.11,5-6,0.10247280179239393,0.4,5,3,0,1,5.386,0.6000000238418579
OADMET-0006451,5.11,5-6,0.10247280179239393,0.5,2,1,0,1,5.9,0.6000000238418579
OADMET-0006451,5.11,5-6,0.10247280179239393,0.6,1,1,0,0,5.54,0.6000000238418579
OADMET-0006449,4.465,4-5,0.5992103980889647,0.4,3,0,0,1,5.03,0.581818163394928
OADMET-0006449,4.465,4-5,0.5992103980889647,0.5,2,0,0,1,5.7250000000000005,0.581818163394928
OADMET-0006449,4.465,4-5,0.5992103980889647,0.6,0,0,0,0,,0.581818163394928
OADMET-0006445,5.029999999999999,5-6,0.10902092315929313,0.4,3,1,0,0,5.066666666666666,0.5625
OADMET-0006445,5.029999999999999,5-6,0.10902092315929313,0.5,1,0,0,0,4.71,0.5625
OADMET-0006445,5.029999999999999,5-6,0.10902092315929313,0.6,0,0,0,0,,0.5625
OADMET-0006443,4.6850000000000005,4-5,0.02360971977535531,0.4,3,0,0,0,5.623333333333334,0.5666666626930237
OADMET-0006443,4.6850000000000005,4-5,0.02360971977535531,0.5,1,0,0,0,5.69,0.5666666626930237
OADMET-0006443,4.6850000000000005,4-5,0.02360971977535531,0.6,0,0,0,0,,0.5666666626930237
OADMET-0006442,4.75,4-5,0.02921479592960985,0.4,1,0,0,1,6.045,0.5306122303009033
OADMET-0006442,4.75,4-5,0.02921479592960985,0.5,1,0,0,1,6.045,0.5306122303009033
OADMET-0006442,4.75,4-5,0.02921479592960985,0.6,0,0,0,0,,0.5306122303009033
OADMET-0006441,4.734999999999999,4-5,0.5997577375579883,0.4,1,0,0,0,5.99,0.5090909004211426
OADMET-0006441,4.734999999999999,4-5,0.5997577375579883,0.5,1,0,0,0,5.99,0.5090909004211426
OADMET-0006441,4.734999999999999,4-5,0.5997577375579883,0.6,0,0,0,0,,0.5090909004211426
OADMET-0006440,5.165,5-6,0.2616691907985542,0.4,2,0,0,1,5.3475,0.5111111402511597
OADMET-0006440,5.165,5-6,0.2616691907985542,0.5,1,0,0,1,6.045,0.5111111402511597
OADMET-0006440,5.165,5-6,0.2616691907985542,0.6,0,0,0,0,,0.5111111402511597
OADMET-0006439,1.745,<3,2.875959352467861,0.4,2,1,1,1,4.365,0.4761904776096344
OADMET-0006439,1.745,<3,2.875959352467861,0.5,0,0,0,0,,0.4761904776096344
OADMET-0006439,1.745,<3,2.875959352467861,0.6,0,0,0,0,,0.4761904776096344
OADMET-0006435,2.475,<3,0.7367832614961634,0.4,2,0,0,0,5.27,0.5522388219833374
OADMET-0006435,2.475,<3,0.7367832614961634,0.5,2,0,0,0,5.27,0.5522388219833374
OADMET-0006435,2.475,<3,0.7367832614961634,0.6,0,0,0,0,,0.5522388219833374
OADMET-0006433,1.845,<3,1.2192894256077669,0.4,1,0,0,1,6.205,0.5423728823661804
OADMET-0006433,1.845,<3,1.2192894256077669,0.5,1,0,0,1,6.205,0.5423728823661804
OADMET-0006433,1.845,<3,1.2192894256077669,0.6,0,0,0,0,,0.5423728823661804
OADMET-0006431,4.005,4-5,0.460483632350023,0.4,1,0,0,0,5.945,0.5230769515037537
OADMET-0006431,4.005,4-5,0.460483632350023,0.5,1,0,0,0,5.945,0.5230769515037537
OADMET-0006431,4.005,4-5,0.460483632350023,0.6,0,0,0,0,,0.5230769515037537
OADMET-0006430,5.285,5-6,0.13882151315436353,0.4,3,1,0,0,5.136666666666667,0.5531914830207825
OADMET-0006430,5.285,5-6,0.13882151315436353,0.5,1,0,0,0,4.78,0.5531914830207825
OADMET-0006430,5.285,5-6,0.13882151315436353,0.6,0,0,0,0,,0.5531914830207825
OADMET-0006429,5.37,5-6,0.21842072732007622,0.4,2,1,0,1,6.04,0.4821428656578064
OADMET-0006429,5.37,5-6,0.21842072732007622,0.5,0,0,0,0,,0.4821428656578064
OADMET-0006429,5.37,5-6,0.21842072732007622,0.6,0,0,0,0,,0.4821428656578064
OADMET-0006427,3.38,3-4,1.5984522766192493,0.4,1,0,0,1,6.11,0.5076923370361328
OADMET-0006427,3.38,3-4,1.5984522766192493,0.5,1,0,0,1,6.11,0.5076923370361328
OADMET-0006427,3.38,3-4,1.5984522766192493,0.6,0,0,0,0,,0.5076923370361328
OADMET-0006424,5.38,5-6,0.5444291434561448,0.4,2,1,0,1,5.7250000000000005,0.5535714030265808
OADMET-0006424,5.38,5-6,0.5444291434561448,0.5,2,1,0,1,5.7250000000000005,0.5535714030265808
OADMET-0006424,5.38,5-6,0.5444291434561448,0.6,0,0,0,0,,0.5535714030265808
OADMET-0006420,6.140000000000001,>=6,0.24877597805789797,0.4,2,1,0,1,5.7250000000000005,0.6000000238418579
OADMET-0006420,6.140000000000001,>=6,0.24877597805789797,0.5,2,1,0,1,5.7250000000000005,0.6000000238418579
OADMET-0006420,6.140000000000001,>=6,0.24877597805789797,0.6,1,1,0,1,6.050000000000001,0.6000000238418579
OADMET-0006418,3.84,3-4,0.3308466831640544,0.4,3,0,0,2,5.960000000000001,0.523809552192688
OADMET-0006418,3.84,3-4,0.3308466831640544,0.5,1,0,0,0,4.83,0.523809552192688
OADMET-0006418,3.84,3-4,0.3308466831640544,0.6,0,0,0,0,,0.523809552192688
OADMET-0006416,6.015,>=6,0.15629149111161045,0.4,2,1,0,1,5.7250000000000005,0.6382978558540344
OADMET-0006416,6.015,>=6,0.15629149111161045,0.5,2,1,0,1,5.7250000000000005,0.6382978558540344
OADMET-0006416,6.015,>=6,0.15629149111161045,0.6,2,1,0,1,5.7250000000000005,0.6382978558540344
OADMET-0006415,5.505000000000001,5-6,0.35348227313303404,0.4,1,0,0,1,6.045,0.49056604504585266
OADMET-0006415,5.505000000000001,5-6,0.35348227313303404,0.5,0,0,0,0,,0.49056604504585266
OADMET-0006415,5.505000000000001,5-6,0.35348227313303404,0.6,0,0,0,0,,0.49056604504585266
OADMET-0006414,3.74,3-4,0.7209394532807654,0.4,4,0,1,1,4.48,0.6315789222717285
OADMET-0006414,3.74,3-4,0.7209394532807654,0.5,1,0,0,1,6.140000000000001,0.6315789222717285
OADMET-0006414,3.74,3-4,0.7209394532807654,0.6,1,0,0,1,6.140000000000001,0.6315789222717285
OADMET-0006413,5.995,5-6,0.8917499512954778,0.4,3,2,0,1,6.005,0.546875
OADMET-0006413,5.995,5-6,0.8917499512954778,0.5,1,0,0,1,6.845,0.546875
OADMET-0006413,5.995,5-6,0.8917499512954778,0.6,0,0,0,0,,0.546875
OADMET-0006412,5.735,5-6,0.18547090982140801,0.4,2,1,0,1,5.7250000000000005,0.5535714030265808
OADMET-0006412,5.735,5-6,0.18547090982140801,0.5,2,1,0,1,5.7250000000000005,0.5535714030265808
OADMET-0006412,5.735,5-6,0.18547090982140801,0.6,0,0,0,0,,0.5535714030265808
OADMET-0006410,2.535,<3,0.932367059186419,0.4,4,2,2,0,3.8125,0.5873016119003296
OADMET-0006410,2.535,<3,0.932367059186419,0.5,2,0,0,0,5.27,0.5873016119003296
OADMET-0006410,2.535,<3,0.932367059186419,0.6,0,0,0,0,,0.5873016119003296
OADMET-0006409,6.005,>=6,0.27479638073618506,0.4,2,1,0,1,5.83,0.5666666626930237
OADMET-0006409,6.005,>=6,0.27479638073618506,0.5,2,1,0,1,5.83,0.5666666626930237
OADMET-0006409,6.005,>=6,0.27479638073618506,0.6,0,0,0,0,,0.5666666626930237
OADMET-0006408,5.805,5-6,0.12635169616984054,0.4,4,3,0,1,5.5200000000000005,0.686274528503418
OADMET-0006408,5.805,5-6,0.12635169616984054,0.5,2,1,0,1,5.7250000000000005,0.686274528503418
OADMET-0006408,5.805,5-6,0.12635169616984054,0.6,1,0,0,1,6.050000000000001,0.686274528503418
OADMET-0006404,5.465,5-6,0.1382205903118976,0.4,2,2,0,0,5.6899999999999995,0.5
OADMET-0006404,5.465,5-6,0.1382205903118976,0.5,1,1,0,0,5.79,0.5
OADMET-0006404,5.465,5-6,0.1382205903118976,0.6,0,0,0,0,,0.5
OADMET-0006401,4.74,4-5,0.0030786135321854147,0.4,7,4,0,1,5.033571428571428,0.5573770403862
OADMET-0006401,4.74,4-5,0.0030786135321854147,0.5,1,1,0,0,4.4,0.5573770403862
OADMET-0006401,4.74,4-5,0.0030786135321854147,0.6,0,0,0,0,,0.5573770403862
OADMET-0006400,4.835,4-5,0.3217266765608846,0.4,2,0,0,0,5.6899999999999995,0.5087719559669495
OADMET-0006400,4.835,4-5,0.3217266765608846,0.5,1,0,0,0,5.79,0.5087719559669495
OADMET-0006400,4.835,4-5,0.3217266765608846,0.6,0,0,0,0,,0.5087719559669495
OADMET-0006399,5.17,5-6,0.08115965889433419,0.4,5,4,0,0,5.546000000000001,0.5
OADMET-0006399,5.17,5-6,0.08115965889433419,0.5,1,1,0,0,5.77,0.5
OADMET-0006399,5.17,5-6,0.08115965889433419,0.6,0,0,0,0,,0.5
OADMET-0006396,5.779999999999999,5-6,0.5990461994262706,0.4,1,1,0,0,5.945,0.625
OADMET-0006396,5.779999999999999,5-6,0.5990461994262706,0.5,1,1,0,0,5.945,0.625
OADMET-0006396,5.779999999999999,5-6,0.5990461994262706,0.6,1,1,0,0,5.945,0.625
OADMET-0006395,5.07,5-6,0.20568086133747343,0.4,1,0,0,1,6.045,0.5600000023841858
OADMET-0006395,5.07,5-6,0.20568086133747343,0.5,1,0,0,1,6.045,0.5600000023841858
OADMET-0006395,5.07,5-6,0.20568086133747343,0.6,0,0,0,0,,0.5600000023841858
OADMET-0006393,5.3100000000000005,5-6,0.0079016793507094,0.4,2,2,0,0,5.645,0.42424243688583374
OADMET-0006393,5.3100000000000005,5-6,0.0079016793507094,0.5,0,0,0,0,,0.42424243688583374
OADMET-0006393,5.3100000000000005,5-6,0.0079016793507094,0.6,0,0,0,0,,0.42424243688583374
OADMET-0006386,6.26,>=6,0.6342353753928371,0.4,3,1,0,1,5.536666666666666,0.5396825671195984
OADMET-0006386,6.26,>=6,0.6342353753928371,0.5,1,1,0,1,6.140000000000001,0.5396825671195984
OADMET-0006386,6.26,>=6,0.6342353753928371,0.6,0,0,0,0,,0.5396825671195984
OADMET-0006385,4.125,4-5,0.20685331229034798,0.4,8,4,0,1,5.076875,0.5087719559669495
OADMET-0006385,4.125,4-5,0.20685331229034798,0.5,1,1,0,0,4.81,0.5087719559669495
OADMET-0006385,4.125,4-5,0.20685331229034798,0.6,0,0,0,0,,0.5087719559669495
OADMET-0006379,2.97,<3,0.6212110536310829,0.4,1,0,0,0,4.78,0.5283018946647644
OADMET-0006379,2.97,<3,0.6212110536310829,0.5,1,0,0,0,4.78,0.5283018946647644
OADMET-0006379,2.97,<3,0.6212110536310829,0.6,0,0,0,0,,0.5283018946647644
OADMET-0006378,4.859999999999999,4-5,0.023966630776535602,0.4,1,0,0,0,5.85,0.43396225571632385
OADMET-0006378,4.859999999999999,4-5,0.023966630776535602,0.5,0,0,0,0,,0.43396225571632385
OADMET-0006378,4.859999999999999,4-5,0.023966630776535602,0.6,0,0,0,0,,0.43396225571632385
OADMET-0006375,4.970000000000001,4-5,0.2605524892399176,0.4,1,0,0,0,5.945,0.5081967115402222
OADMET-0006375,4.970000000000001,4-5,0.2605524892399176,0.5,1,0,0,0,5.945,0.5081967115402222
OADMET-0006375,4.970000000000001,4-5,0.2605524892399176,0.6,0,0,0,0,,0.5081967115402222
OADMET-0006374,5.6,5-6,0.22981541826497054,0.4,1,0,0,1,6.045,0.6595744490623474
OADMET-0006374,5.6,5-6,0.22981541826497054,0.5,1,0,0,1,6.045,0.6595744490623474
OADMET-0006374,5.6,5-6,0.22981541826497054,0.6,1,0,0,1,6.045,0.6595744490623474
OADMET-0006372,4.855,4-5,0.2316058841759201,0.4,4,1,0,0,5.217499999999999,0.6000000238418579
OADMET-0006372,4.855,4-5,0.2316058841759201,0.5,1,0,0,0,5.66,0.6000000238418579
OADMET-0006372,4.855,4-5,0.2316058841759201,0.6,1,0,0,0,5.66,0.6000000238418579
OADMET-0006371,4.895,4-5,0.31268406389077796,0.4,1,0,0,0,5.79,0.4833333194255829
OADMET-0006371,4.895,4-5,0.31268406389077796,0.5,0,0,0,0,,0.4833333194255829
OADMET-0006371,4.895,4-5,0.31268406389077796,0.6,0,0,0,0,,0.4833333194255829
OADMET-0006369,3.47,3-4,0.2630557134772178,0.4,1,0,0,1,6.855,0.4545454680919647
OADMET-0006369,3.47,3-4,0.2630557134772178,0.5,0,0,0,0,,0.4545454680919647
OADMET-0006369,3.47,3-4,0.2630557134772178,0.6,0,0,0,0,,0.4545454680919647
OADMET-0006368,5.79,5-6,0.013297623188582186,0.4,4,2,0,0,5.07,0.5094339847564697
OADMET-0006368,5.79,5-6,0.013297623188582186,0.5,1,0,0,0,4.71,0.5094339847564697
OADMET-0006368,5.79,5-6,0.013297623188582186,0.6,0,0,0,0,,0.5094339847564697
OADMET-0006366,5.915,5-6,0.382542720951931,0.4,1,1,0,0,5.904999999999999,0.6000000238418579
OADMET-0006366,5.915,5-6,0.382542720951931,0.5,1,1,0,0,5.904999999999999,0.6000000238418579
OADMET-0006366,5.915,5-6,0.382542720951931,0.6,1,1,0,0,5.904999999999999,0.6000000238418579
OADMET-0006363,3.445,3-4,0.324707462535728,0.4,3,0,0,0,5.250000000000001,0.5263158082962036
OADMET-0006363,3.445,3-4,0.324707462535728,0.5,1,0,0,0,5.880000000000001,0.5263158082962036
OADMET-0006363,3.445,3-4,0.324707462535728,0.6,0,0,0,0,,0.5263158082962036
OADMET-0006360,5.475,5-6,0.2971226970598364,0.4,2,1,0,1,5.32,0.47826087474823
OADMET-0006360,5.475,5-6,0.2971226970598364,0.5,0,0,0,0,,0.47826087474823
OADMET-0006360,5.475,5-6,0.2971226970598364,0.6,0,0,0,0,,0.47826087474823
OADMET-0006351,5.58,5-6,0.12112859605825932,0.4,2,1,0,1,5.8875,0.49180328845977783
OADMET-0006351,5.58,5-6,0.12112859605825932,0.5,0,0,0,0,,0.49180328845977783
OADMET-0006351,5.58,5-6,0.12112859605825932,0.6,0,0,0,0,,0.49180328845977783
OADMET-0006350,4.87,4-5,0.5443488122092406,0.4,1,0,0,0,5.85,0.4736842215061188
OADMET-0006350,4.87,4-5,0.5443488122092406,0.5,0,0,0,0,,0.4736842215061188
OADMET-0006350,4.87,4-5,0.5443488122092406,0.6,0,0,0,0,,0.4736842215061188
OADMET-0006347,5.58,5-6,0.761531746455332,0.4,3,0,0,2,5.960000000000001,0.469696968793869
OADMET-0006347,5.58,5-6,0.761531746455332,0.5,0,0,0,0,,0.469696968793869
OADMET-0006347,5.58,5-6,0.761531746455332,0.6,0,0,0,0,,0.469696968793869
OADMET-0006344,4.195,4-5,0.6721667394952875,0.4,3,1,0,0,5.266666666666667,0.508474588394165
OADMET-0006344,4.195,4-5,0.6721667394952875,0.5,1,0,0,0,5.880000000000001,0.508474588394165
OADMET-0006344,4.195,4-5,0.6721667394952875,0.6,0,0,0,0,,0.508474588394165
OADMET-0006341,4.65,4-5,0.1466754224090696,0.4,1,0,0,1,6.205,0.5593220591545105
OADMET-0006341,4.65,4-5,0.1466754224090696,0.5,1,0,0,1,6.205,0.5593220591545105
OADMET-0006341,4.65,4-5,0.1466754224090696,0.6,0,0,0,0,,0.5593220591545105
OADMET-0006340,5.2,5-6,0.1588287003102975,0.4,2,2,0,0,5.470000000000001,0.6393442749977112
OADMET-0006340,5.2,5-6,0.1588287003102975,0.5,1,1,0,0,5.66,0.6393442749977112
OADMET-0006340,5.2,5-6,0.1588287003102975,0.6,1,1,0,0,5.66,0.6393442749977112
OADMET-0006336,1.805,<3,2.0417020591264494,0.4,1,0,0,1,6.6850000000000005,0.5
OADMET-0006336,1.805,<3,2.0417020591264494,0.5,1,0,0,1,6.6850000000000005,0.5
OADMET-0006336,1.805,<3,2.0417020591264494,0.6,0,0,0,0,,0.5
OADMET-0006335,3.665,3-4,0.5456504450809923,0.4,2,0,0,0,5.27,0.5737704634666443
OADMET-0006335,3.665,3-4,0.5456504450809923,0.5,1,0,0,0,5.84,0.5737704634666443
OADMET-0006335,3.665,3-4,0.5456504450809923,0.6,0,0,0,0,,0.5737704634666443
OADMET-0006334,4.91,4-5,0.1920242875296676,0.4,1,0,0,1,6.11,0.4444444477558136
OADMET-0006334,4.91,4-5,0.1920242875296676,0.5,0,0,0,0,,0.4444444477558136
OADMET-0006334,4.91,4-5,0.1920242875296676,0.6,0,0,0,0,,0.4444444477558136
OADMET-0006331,4.88,4-5,0.6673628709828581,0.4,2,0,0,1,5.9,0.5
OADMET-0006331,4.88,4-5,0.6673628709828581,0.5,1,0,0,1,6.26,0.5
OADMET-0006331,4.88,4-5,0.6673628709828581,0.6,0,0,0,0,,0.5
OADMET-0006328,4.869999999999999,4-5,0.26730591537680315,0.4,1,0,0,1,6.115,0.5151515007019043
OADMET-0006328,4.869999999999999,4-5,0.26730591537680315,0.5,1,0,0,1,6.115,0.5151515007019043
OADMET-0006328,4.869999999999999,4-5,0.26730591537680315,0.6,0,0,0,0,,0.5151515007019043
OADMET-0006326,5.24,5-6,0.37279189039365423,0.4,2,1,0,1,5.654999999999999,0.5138888955116272
OADMET-0006326,5.24,5-6,0.37279189039365423,0.5,1,0,0,1,6.01,0.5138888955116272
OADMET-0006326,5.24,5-6,0.37279189039365423,0.6,0,0,0,0,,0.5138888955116272
OADMET-0006324,4.215,4-5,0.020622004385081993,0.4,1,0,0,0,5.945,0.6792452931404114
OADMET-0006324,4.215,4-5,0.020622004385081993,0.5,1,0,0,0,5.945,0.6792452931404114
OADMET-0006324,4.215,4-5,0.020622004385081993,0.6,1,0,0,0,5.945,0.6792452931404114
OADMET-0006318,5.745,5-6,0.44647898724196633,0.4,7,3,0,1,5.159285714285715,0.5737704634666443
OADMET-0006318,5.745,5-6,0.44647898724196633,0.5,2,1,0,0,4.775,0.5737704634666443
OADMET-0006318,5.745,5-6,0.44647898724196633,0.6,0,0,0,0,,0.5737704634666443
OADMET-0006313,5.07,5-6,0.18638905550883944,0.4,5,4,0,0,5.546000000000001,0.5352112650871277
OADMET-0006313,5.07,5-6,0.18638905550883944,0.5,1,1,0,0,5.33,0.5352112650871277
OADMET-0006313,5.07,5-6,0.18638905550883944,0.6,0,0,0,0,,0.5352112650871277
OADMET-0006311,4.725,4-5,0.17922992141634442,0.4,3,1,0,0,4.916666666666667,0.4727272689342499
OADMET-0006311,4.725,4-5,0.17922992141634442,0.5,0,0,0,0,,0.4727272689342499
OADMET-0006311,4.725,4-5,0.17922992141634442,0.6,0,0,0,0,,0.4727272689342499
OADMET-0006308,4.795,4-5,0.5614475816787099,0.4,2,0,0,1,5.7250000000000005,0.5714285969734192
OADMET-0006308,4.795,4-5,0.5614475816787099,0.5,1,0,0,1,6.050000000000001,0.5714285969734192
OADMET-0006308,4.795,4-5,0.5614475816787099,0.6,0,0,0,0,,0.5714285969734192
OADMET-0006306,5.24,5-6,0.17873379068073536,0.4,5,2,0,1,5.305000000000001,0.5079365372657776
OADMET-0006306,5.24,5-6,0.17873379068073536,0.5,2,2,0,0,5.4925,0.5079365372657776
OADMET-0006306,5.24,5-6,0.17873379068073536,0.6,0,0,0,0,,0.5079365372657776
OADMET-0006305,3.565,3-4,0.6123906370940051,0.4,1,0,0,1,6.115,0.53125
OADMET-0006305,3.565,3-4,0.6123906370940051,0.5,1,0,0,1,6.115,0.53125
OADMET-0006305,3.565,3-4,0.6123906370940051,0.6,0,0,0,0,,0.53125
OADMET-0006304,5.025,5-6,0.600281097198752,0.4,2,1,0,1,5.83,0.5076923370361328
OADMET-0006304,5.025,5-6,0.600281097198752,0.5,2,1,0,1,5.83,0.5076923370361328
OADMET-0006304,5.025,5-6,0.600281097198752,0.6,0,0,0,0,,0.5076923370361328
OADMET-0006303,5.875,5-6,0.4927100258519994,0.4,1,1,0,0,5.904999999999999,0.6122449040412903
OADMET-0006303,5.875,5-6,0.4927100258519994,0.5,1,1,0,0,5.904999999999999,0.6122449040412903
OADMET-0006303,5.875,5-6,0.4927100258519994,0.6,1,1,0,0,5.904999999999999,0.6122449040412903
OADMET-0006302,5.495,5-6,0.0713876332859753,0.4,1,0,0,1,6.11,0.5820895433425903
OADMET-0006302,5.495,5-6,0.0713876332859753,0.5,1,0,0,1,6.11,0.5820895433425903
OADMET-0006302,5.495,5-6,0.0713876332859753,0.6,0,0,0,0,,0.5820895433425903
OADMET-0006301,5.58,5-6,0.45148275042608166,0.4,1,1,0,0,5.85,0.5
OADMET-0006301,5.58,5-6,0.45148275042608166,0.5,1,1,0,0,5.85,0.5
OADMET-0006301,5.58,5-6,0.45148275042608166,0.6,0,0,0,0,,0.5
OADMET-0006299,4.725,4-5,0.22698416834167912,0.4,1,0,0,0,5.945,0.5087719559669495
OADMET-0006299,4.725,4-5,0.22698416834167912,0.5,1,0,0,0,5.945,0.5087719559669495
OADMET-0006299,4.725,4-5,0.22698416834167912,0.6,0,0,0,0,,0.5087719559669495
OADMET-0006298,4.26,4-5,0.27819928829766294,0.4,3,2,0,1,5.135000000000001,0.5423728823661804
OADMET-0006298,4.26,4-5,0.27819928829766294,0.5,1,0,0,1,6.115,0.5423728823661804
OADMET-0006298,4.26,4-5,0.27819928829766294,0.6,0,0,0,0,,0.5423728823661804
OADMET-0006296,5.890000000000001,5-6,0.6944543408073853,0.4,3,2,0,1,5.68,0.5555555820465088
OADMET-0006296,5.890000000000001,5-6,0.6944543408073853,0.5,2,1,0,1,5.83,0.5555555820465088
OADMET-0006296,5.890000000000001,5-6,0.6944543408073853,0.6,0,0,0,0,,0.5555555820465088
OADMET-0006294,5.185,5-6,0.08449232748691848,0.4,3,2,0,0,5.216666666666666,0.48148149251937866
OADMET-0006294,5.185,5-6,0.08449232748691848,0.5,0,0,0,0,,0.48148149251937866
OADMET-0006294,5.185,5-6,0.08449232748691848,0.6,0,0,0,0,,0.48148149251937866
OADMET-0006292,4.34,4-5,0.2773181262350626,0.4,6,2,0,1,5.2875000000000005,0.6000000238418579
OADMET-0006292,4.34,4-5,0.2773181262350626,0.5,2,1,0,0,4.775,0.6000000238418579
OADMET-0006292,4.34,4-5,0.2773181262350626,0.6,1,0,0,0,5.15,0.6000000238418579
OADMET-0006290,3.2750000000000004,3-4,0.33310830399029534,0.4,1,0,0,1,6.845,0.515625
OADMET-0006290,3.2750000000000004,3-4,0.33310830399029534,0.5,1,0,0,1,6.845,0.515625
OADMET-0006290,3.2750000000000004,3-4,0.33310830399029534,0.6,0,0,0,0,,0.515625
OADMET-0006288,4.98,4-5,0.009022779861205699,0.4,6,2,0,1,5.2875000000000005,0.6101694703102112
OADMET-0006288,4.98,4-5,0.009022779861205699,0.5,4,2,0,1,5.1725,0.6101694703102112
OADMET-0006288,4.98,4-5,0.009022779861205699,0.6,1,0,0,0,5.15,0.6101694703102112
OADMET-0006287,4.055,4-5,0.719271987191255,0.4,2,0,0,0,5.545,0.52173912525177
OADMET-0006287,4.055,4-5,0.719271987191255,0.5,2,0,0,0,5.545,0.52173912525177
OADMET-0006287,4.055,4-5,0.719271987191255,0.6,0,0,0,0,,0.52173912525177
OADMET-0006285,3.57,3-4,0.5867203057414474,0.4,5,0,1,0,4.728,0.48076921701431274
OADMET-0006285,3.57,3-4,0.5867203057414474,0.5,0,0,0,0,,0.48076921701431274
OADMET-0006285,3.57,3-4,0.5867203057414474,0.6,0,0,0,0,,0.48076921701431274
OADMET-0006284,6.08,>=6,0.7389323746162297,0.4,2,1,0,1,5.9,0.48571428656578064
OADMET-0006284,6.08,>=6,0.7389323746162297,0.5,0,0,0,0,,0.48571428656578064
OADMET-0006284,6.08,>=6,0.7389323746162297,0.6,0,0,0,0,,0.48571428656578064
OADMET-0006283,5.16,5-6,0.10148741974208697,0.4,4,2,0,0,5.074999999999999,0.7017543911933899
OADMET-0006283,5.16,5-6,0.10148741974208697,0.5,2,1,0,0,5.085,0.7017543911933899
OADMET-0006283,5.16,5-6,0.10148741974208697,0.6,1,1,0,0,5.66,0.7017543911933899
OADMET-0006280,5.275,5-6,0.00816290337882819,0.4,2,1,0,1,5.645,0.46666666865348816
OADMET-0006280,5.275,5-6,0.00816290337882819,0.5,0,0,0,0,,0.46666666865348816
OADMET-0006280,5.275,5-6,0.00816290337882819,0.6,0,0,0,0,,0.46666666865348816
OADMET-0006277,2.505,<3,0.12260540518780605,0.4,2,0,0,0,5.27,0.6557376980781555
OADMET-0006277,2.505,<3,0.12260540518780605,0.5,1,0,0,0,5.84,0.6557376980781555
OADMET-0006277,2.505,<3,0.12260540518780605,0.6,1,0,0,0,5.84,0.6557376980781555
OADMET-0006275,3.415,3-4,0.4711994427502648,0.4,6,0,0,1,5.1525,0.47457626461982727
OADMET-0006275,3.415,3-4,0.4711994427502648,0.5,0,0,0,0,,0.47457626461982727
OADMET-0006275,3.415,3-4,0.4711994427502648,0.6,0,0,0,0,,0.47457626461982727
OADMET-0006274,4.5600000000000005,4-5,0.020957945124072452,0.4,5,1,0,0,5.546000000000001,0.5
OADMET-0006274,4.5600000000000005,4-5,0.020957945124072452,0.5,2,1,0,0,5.4350000000000005,0.5
OADMET-0006274,4.5600000000000005,4-5,0.020957945124072452,0.6,0,0,0,0,,0.5
OADMET-0006273,5.55,5-6,0.22334969488637313,0.4,1,0,0,1,6.18,0.5147058963775635
OADMET-0006273,5.55,5-6,0.22334969488637313,0.5,1,0,0,1,6.18,0.5147058963775635
OADMET-0006273,5.55,5-6,0.22334969488637313,0.6,0,0,0,0,,0.5147058963775635
OADMET-0006272,4.824999999999999,4-5,0.08706682300214741,0.4,1,0,0,0,5.945,0.5081967115402222
OADMET-0006272,4.824999999999999,4-5,0.08706682300214741,0.5,1,0,0,0,5.945,0.5081967115402222
OADMET-0006272,4.824999999999999,4-5,0.08706682300214741,0.6,0,0,0,0,,0.5081967115402222
OADMET-0006271,5.4,5-6,0.015638620771206924,0.4,5,4,0,0,5.546000000000001,0.47999998927116394
OADMET-0006271,5.4,5-6,0.015638620771206924,0.5,0,0,0,0,,0.47999998927116394
OADMET-0006271,5.4,5-6,0.015638620771206924,0.6,0,0,0,0,,0.47999998927116394
OADMET-0006270,2.765,<3,1.2071767975622527,0.4,1,0,0,1,6.845,0.5076923370361328
OADMET-0006270,2.765,<3,1.2071767975622527,0.5,1,0,0,1,6.845,0.5076923370361328
OADMET-0006270,2.765,<3,1.2071767975622527,0.6,0,0,0,0,,0.5076923370361328
OADMET-0006268,5.335,5-6,0.7500258894552134,0.4,2,0,0,1,5.577500000000001,0.46268656849861145
OADMET-0006268,5.335,5-6,0.7500258894552134,0.5,0,0,0,0,,0.46268656849861145
OADMET-0006268,5.335,5-6,0.7500258894552134,0.6,0,0,0,0,,0.46268656849861145
OADMET-0006266,2.815,<3,0.24146633596601585,0.4,1,0,0,1,6.845,0.4923076927661896
OADMET-0006266,2.815,<3,0.24146633596601585,0.5,0,0,0,0,,0.4923076927661896
OADMET-0006266,2.815,<3,0.24146633596601585,0.6,0,0,0,0,,0.4923076927661896
OADMET-0006264,4.275,4-5,0.6423320686435883,0.4,1,0,0,1,6.6850000000000005,0.4909090995788574
OADMET-0006264,4.275,4-5,0.6423320686435883,0.5,0,0,0,0,,0.4909090995788574
OADMET-0006264,4.275,4-5,0.6423320686435883,0.6,0,0,0,0,,0.4909090995788574
OADMET-0006262,4.96,4-5,0.07019746154735351,0.4,2,0,0,0,5.855,0.5483871102333069
OADMET-0006262,4.96,4-5,0.07019746154735351,0.5,2,0,0,0,5.855,0.5483871102333069
OADMET-0006262,4.96,4-5,0.07019746154735351,0.6,0,0,0,0,,0.5483871102333069
OADMET-0006260,3.1100000000000003,3-4,0.024350134910784416,0.4,1,0,0,1,6.115,0.523809552192688
OADMET-0006260,3.1100000000000003,3-4,0.024350134910784416,0.5,1,0,0,1,6.115,0.523809552192688
OADMET-0006260,3.1100000000000003,3-4,0.024350134910784416,0.6,0,0,0,0,,0.523809552192688
OADMET-0006259,5.59,5-6,0.02739480952430373,0.4,5,4,0,0,5.546000000000001,0.5
OADMET-0006259,5.59,5-6,0.02739480952430373,0.5,1,0,0,0,5.0,0.5
OADMET-0006259,5.59,5-6,0.02739480952430373,0.6,0,0,0,0,,0.5
OADMET-0006257,3.58,3-4,0.14561284481655212,0.4,4,0,2,1,3.84625,0.5319148898124695
OADMET-0006257,3.58,3-4,0.14561284481655212,0.5,1,0,0,1,6.015000000000001,0.5319148898124695
OADMET-0006257,3.58,3-4,0.14561284481655212,0.6,0,0,0,0,,0.5319148898124695
OADMET-0006256,3.735,3-4,0.711699070631965,0.4,0,0,0,0,,0.32307693362236023
OADMET-0006256,3.735,3-4,0.711699070631965,0.5,0,0,0,0,,0.32307693362236023
OADMET-0006256,3.735,3-4,0.711699070631965,0.6,0,0,0,0,,0.32307693362236023
OADMET-0006255,5.775,5-6,0.10136902077234833,0.4,1,0,0,1,6.125,0.4444444477558136
OADMET-0006255,5.775,5-6,0.10136902077234833,0.5,0,0,0,0,,0.4444444477558136
OADMET-0006255,5.775,5-6,0.10136902077234833,0.6,0,0,0,0,,0.4444444477558136
OADMET-0006252,4.69,4-5,0.10983730254762403,0.4,1,0,0,1,6.0600000000000005,0.4492753744125366
OADMET-0006252,4.69,4-5,0.10983730254762403,0.5,0,0,0,0,,0.4492753744125366
OADMET-0006252,4.69,4-5,0.10983730254762403,0.6,0,0,0,0,,0.4492753744125366
OADMET-0006251,5.445,5-6,0.2772436580582438,0.4,4,2,0,0,5.0225,0.688524603843689
OADMET-0006251,5.445,5-6,0.2772436580582438,0.5,1,1,0,0,5.66,0.688524603843689
OADMET-0006251,5.445,5-6,0.2772436580582438,0.6,1,1,0,0,5.66,0.688524603843689
OADMET-0006249,1.96,<3,1.4821915544868318,0.4,1,0,0,1,6.115,0.5151515007019043
OADMET-0006249,1.96,<3,1.4821915544868318,0.5,1,0,0,1,6.115,0.5151515007019043
OADMET-0006249,1.96,<3,1.4821915544868318,0.6,0,0,0,0,,0.5151515007019043
OADMET-0006246,3.5700000000000003,3-4,0.473970638766803,0.4,0,0,0,0,,0.3295454680919647
OADMET-0006246,3.5700000000000003,3-4,0.473970638766803,0.5,0,0,0,0,,0.3295454680919647
OADMET-0006246,3.5700000000000003,3-4,0.473970638766803,0.6,0,0,0,0,,0.3295454680919647
OADMET-0006245,5.87,5-6,0.5683501368384061,0.4,2,1,0,0,4.680000000000001,0.5645161271095276
OADMET-0006245,5.87,5-6,0.5683501368384061,0.5,1,1,0,0,5.880000000000001,0.5645161271095276
OADMET-0006245,5.87,5-6,0.5683501368384061,0.6,0,0,0,0,,0.5645161271095276
OADMET-0006244,3.875,3-4,1.4027291969830786,0.4,1,0,0,1,6.845,0.4923076927661896
OADMET-0006244,3.875,3-4,1.4027291969830786,0.5,0,0,0,0,,0.4923076927661896
OADMET-0006244,3.875,3-4,1.4027291969830786,0.6,0,0,0,0,,0.4923076927661896
OADMET-0006237,3.125,3-4,0.3205259068883919,0.4,2,0,0,0,5.27,0.5522388219833374
OADMET-0006237,3.125,3-4,0.3205259068883919,0.5,2,0,0,0,5.27,0.5522388219833374
OADMET-0006237,3.125,3-4,0.3205259068883919,0.6,0,0,0,0,,0.5522388219833374
OADMET-0006234,5.365,5-6,0.19185776533114396,0.4,2,1,0,1,5.83,0.5151515007019043
OADMET-0006234,5.365,5-6,0.19185776533114396,0.5,1,0,0,1,6.140000000000001,0.5151515007019043
OADMET-0006234,5.365,5-6,0.19185776533114396,0.6,0,0,0,0,,0.5151515007019043
OADMET-0006233,4.515000000000001,4-5,0.9422149308516365,0.4,1,0,0,0,5.880000000000001,0.5892857313156128
OADMET-0006233,4.515000000000001,4-5,0.9422149308516365,0.5,1,0,0,0,5.880000000000001,0.5892857313156128
OADMET-0006233,4.515000000000001,4-5,0.9422149308516365,0.6,0,0,0,0,,0.5892857313156128
OADMET-0006232,4.815,4-5,0.2443405578704203,0.4,1,0,0,1,6.26,0.560606062412262
OADMET-0006232,4.815,4-5,0.2443405578704203,0.5,1,0,0,1,6.26,0.560606062412262
OADMET-0006232,4.815,4-5,0.2443405578704203,0.6,0,0,0,0,,0.560606062412262
OADMET-0006230,3.035,3-4,0.9084116547346333,0.4,1,0,0,0,5.85,0.4285714328289032
OADMET-0006230,3.035,3-4,0.9084116547346333,0.5,0,0,0,0,,0.4285714328289032
OADMET-0006230,3.035,3-4,0.9084116547346333,0.6,0,0,0,0,,0.4285714328289032
OADMET-0006228,5.470000000000001,5-6,0.39856010419836707,0.4,1,0,0,1,6.845,0.46875
OADMET-0006228,5.470000000000001,5-6,0.39856010419836707,0.5,0,0,0,0,,0.46875
OADMET-0006228,5.470000000000001,5-6,0.39856010419836707,0.6,0,0,0,0,,0.46875
OADMET-0006227,3.795,3-4,0.29770080208125815,0.4,3,0,1,0,4.37,0.5625
OADMET-0006227,3.795,3-4,0.29770080208125815,0.5,2,0,0,0,5.27,0.5625
OADMET-0006227,3.795,3-4,0.29770080208125815,0.6,0,0,0,0,,0.5625
OADMET-0006226,4.955,4-5,0.40316556146066507,0.4,1,0,0,1,6.11,0.43661972880363464
OADMET-0006226,4.955,4-5,0.40316556146066507,0.5,0,0,0,0,,0.43661972880363464
OADMET-0006226,4.955,4-5,0.40316556146066507,0.6,0,0,0,0,,0.43661972880363464
OADMET-0006225,5.055,5-6,0.1277188175321502,0.4,4,3,0,0,5.217499999999999,0.6551724076271057
OADMET-0006225,5.055,5-6,0.1277188175321502,0.5,1,1,0,0,5.66,0.6551724076271057
OADMET-0006225,5.055,5-6,0.1277188175321502,0.6,1,1,0,0,5.66,0.6551724076271057
OADMET-0006224,2.6100000000000003,<3,0.9025823397063624,0.4,0,0,0,0,,0.390625
OADMET-0006224,2.6100000000000003,<3,0.9025823397063624,0.5,0,0,0,0,,0.390625
OADMET-0006224,2.6100000000000003,<3,0.9025823397063624,0.6,0,0,0,0,,0.390625
OADMET-0006222,3.665,3-4,0.3605614939705113,0.4,1,0,0,1,6.6850000000000005,0.4821428656578064
OADMET-0006222,3.665,3-4,0.3605614939705113,0.5,0,0,0,0,,0.4821428656578064
OADMET-0006222,3.665,3-4,0.3605614939705113,0.6,0,0,0,0,,0.4821428656578064
OADMET-0006219,4.949999999999999,4-5,0.4850096325055402,0.4,2,1,0,1,5.32,0.46875
OADMET-0006219,4.949999999999999,4-5,0.4850096325055402,0.5,0,0,0,0,,0.46875
OADMET-0006219,4.949999999999999,4-5,0.4850096325055402,0.6,0,0,0,0,,0.46875
OADMET-0006218,5.165,5-6,0.3596645225332926,0.4,1,1,0,0,5.945,0.6363636255264282
OADMET-0006218,5.165,5-6,0.3596645225332926,0.5,1,1,0,0,5.945,0.6363636255264282
OADMET-0006218,5.165,5-6,0.3596645225332926,0.6,1,1,0,0,5.945,0.6363636255264282
OADMET-0006213,3.475,3-4,0.26653988405346807,0.4,1,0,0,1,6.205,0.5333333611488342
OADMET-0006213,3.475,3-4,0.26653988405346807,0.5,1,0,0,1,6.205,0.5333333611488342
OADMET-0006213,3.475,3-4,0.26653988405346807,0.6,0,0,0,0,,0.5333333611488342
OADMET-0006210,4.8100000000000005,4-5,0.13211458460972558,0.4,4,1,0,0,5.465,0.465753436088562
OADMET-0006210,4.8100000000000005,4-5,0.13211458460972558,0.5,0,0,0,0,,0.465753436088562
OADMET-0006210,4.8100000000000005,4-5,0.13211458460972558,0.6,0,0,0,0,,0.465753436088562
OADMET-0006209,3.41,3-4,0.9435160445060724,0.4,1,0,0,1,6.205,0.557692289352417
OADMET-0006209,3.41,3-4,0.9435160445060724,0.5,1,0,0,1,6.205,0.557692289352417
OADMET-0006209,3.41,3-4,0.9435160445060724,0.6,0,0,0,0,,0.557692289352417
OADMET-0006208,5.105,5-6,0.05239775200038199,0.4,6,3,0,1,5.2875000000000005,0.6229507923126221
OADMET-0006208,5.105,5-6,0.05239775200038199,0.5,3,1,0,0,4.786666666666667,0.6229507923126221
OADMET-0006208,5.105,5-6,0.05239775200038199,0.6,1,1,0,0,5.15,0.6229507923126221
OADMET-0006206,4.02,4-5,0.2744558631844489,0.4,4,1,0,0,5.465,0.4507042169570923
OADMET-0006206,4.02,4-5,0.2744558631844489,0.5,0,0,0,0,,0.4507042169570923
OADMET-0006206,4.02,4-5,0.2744558631844489,0.6,0,0,0,0,,0.4507042169570923
OADMET-0006204,4.67,4-5,0.9496081405316943,0.4,2,0,0,1,5.7250000000000005,0.5925925970077515
OADMET-0006204,4.67,4-5,0.9496081405316943,0.5,2,0,0,1,5.7250000000000005,0.5925925970077515
OADMET-0006204,4.67,4-5,0.9496081405316943,0.6,0,0,0,0,,0.5925925970077515
OADMET-0006203,4.895,4-5,0.8961423632523986,0.4,1,0,0,1,6.01,0.5070422291755676
OADMET-0006203,4.895,4-5,0.8961423632523986,0.5,1,0,0,1,6.01,0.5070422291755676
OADMET-0006203,4.895,4-5,0.8961423632523986,0.6,0,0,0,0,,0.5070422291755676
OADMET-0006202,6.0600000000000005,>=6,0.40034107016214726,0.4,2,0,0,0,5.3025,0.686274528503418
OADMET-0006202,6.0600000000000005,>=6,0.40034107016214726,0.5,1,0,0,0,5.904999999999999,0.686274528503418
OADMET-0006202,6.0600000000000005,>=6,0.40034107016214726,0.6,1,0,0,0,5.904999999999999,0.686274528503418
OADMET-0006201,3.995,3-4,0.09085182664396818,0.4,1,0,0,1,6.6850000000000005,0.4655172526836395
OADMET-0006201,3.995,3-4,0.09085182664396818,0.5,0,0,0,0,,0.4655172526836395
OADMET-0006201,3.995,3-4,0.09085182664396818,0.6,0,0,0,0,,0.4655172526836395
OADMET-0006200,5.41,5-6,0.041563410879062346,0.4,3,2,0,1,5.523333333333333,0.5636363625526428
OADMET-0006200,5.41,5-6,0.041563410879062346,0.5,2,1,0,1,5.7250000000000005,0.5636363625526428
OADMET-0006200,5.41,5-6,0.041563410879062346,0.6,0,0,0,0,,0.5636363625526428
OADMET-0006196,4.710000000000001,4-5,0.2130906716709866,0.4,1,0,0,1,6.11,0.49275362491607666
OADMET-0006196,4.710000000000001,4-5,0.2130906716709866,0.5,0,0,0,0,,0.49275362491607666
OADMET-0006196,4.710000000000001,4-5,0.2130906716709866,0.6,0,0,0,0,,0.49275362491607666
OADMET-0006192,4.44,4-5,0.5115699242500114,0.4,1,0,0,1,6.11,0.4444444477558136
OADMET-0006192,4.44,4-5,0.5115699242500114,0.5,0,0,0,0,,0.4444444477558136
OADMET-0006192,4.44,4-5,0.5115699242500114,0.6,0,0,0,0,,0.4444444477558136
OADMET-0006191,4.21,4-5,0.044701842166834815,0.4,2,0,0,0,5.6899999999999995,0.4912280738353729
OADMET-0006191,4.21,4-5,0.044701842166834815,0.5,0,0,0,0,,0.4912280738353729
OADMET-0006191,4.21,4-5,0.044701842166834815,0.6,0,0,0,0,,0.4912280738353729
OADMET-0006186,4.84,4-5,0.5069071381083932,0.4,2,1,0,1,5.365,0.517241358757019
OADMET-0006186,4.84,4-5,0.5069071381083932,0.5,1,0,0,1,6.0,0.517241358757019
OADMET-0006186,4.84,4-5,0.5069071381083932,0.6,0,0,0,0,,0.517241358757019
OADMET-0006185,5.92,5-6,0.1717918021410405,0.4,1,0,0,1,6.18,0.4647887349128723
OADMET-0006185,5.92,5-6,0.1717918021410405,0.5,0,0,0,0,,0.4647887349128723
OADMET-0006185,5.92,5-6,0.1717918021410405,0.6,0,0,0,0,,0.4647887349128723
OADMET-0006183,3.3200000000000003,3-4,0.6924317667381334,0.4,1,0,0,1,6.845,0.4776119291782379
OADMET-0006183,3.3200000000000003,3-4,0.6924317667381334,0.5,0,0,0,0,,0.4776119291782379
OADMET-0006183,3.3200000000000003,3-4,0.6924317667381334,0.6,0,0,0,0,,0.4776119291782379
OADMET-0006182,5.505,5-6,0.10297217673696313,0.4,4,3,0,1,5.672499999999999,0.529411792755127
OADMET-0006182,5.505,5-6,0.10297217673696313,0.5,1,1,0,0,5.54,0.529411792755127
OADMET-0006182,5.505,5-6,0.10297217673696313,0.6,0,0,0,0,,0.529411792755127
OADMET-0006180,5.86,5-6,0.009425985903209089,0.4,2,1,0,1,5.645,0.4444444477558136
OADMET-0006180,5.86,5-6,0.009425985903209089,0.5,0,0,0,0,,0.4444444477558136
OADMET-0006180,5.86,5-6,0.009425985903209089,0.6,0,0,0,0,,0.4444444477558136
OADMET-0006176,4.185,4-5,1.187576731897881,0.4,0,0,0,0,,0.3378378450870514
OADMET-0006176,4.185,4-5,1.187576731897881,0.5,0,0,0,0,,0.3378378450870514
OADMET-0006176,4.185,4-5,1.187576731897881,0.6,0,0,0,0,,0.3378378450870514
OADMET-0006170,4.74,4-5,0.11320578173724627,0.4,2,1,0,1,5.3575,0.5400000214576721
OADMET-0006170,4.74,4-5,0.11320578173724627,0.5,1,0,0,1,6.015000000000001,0.5400000214576721
OADMET-0006170,4.74,4-5,0.11320578173724627,0.6,0,0,0,0,,0.5400000214576721
OADMET-0006161,4.34,4-5,0.23533930250568957,0.4,2,0,0,1,5.83,0.53125
OADMET-0006161,4.34,4-5,0.23533930250568957,0.5,1,0,0,1,6.140000000000001,0.53125
OADMET-0006161,4.34,4-5,0.23533930250568957,0.6,0,0,0,0,,0.53125
OADMET-0006160,5.405,5-6,0.2900238889645994,0.4,1,1,0,0,5.85,0.4406779706478119
OADMET-0006160,5.405,5-6,0.2900238889645994,0.5,0,0,0,0,,0.4406779706478119
OADMET-0006160,5.405,5-6,0.2900238889645994,0.6,0,0,0,0,,0.4406779706478119
OADMET-0006158,3.9,3-4,0.144060472322169,0.4,1,0,0,1,6.115,0.546875
OADMET-0006158,3.9,3-4,0.144060472322169,0.5,1,0,0,1,6.115,0.546875
OADMET-0006158,3.9,3-4,0.144060472322169,0.6,0,0,0,0,,0.546875
OADMET-0006155,5.25,5-6,0.015472182388302613,0.4,3,2,0,0,5.1499999999999995,0.6129032373428345
OADMET-0006155,5.25,5-6,0.015472182388302613,0.5,1,1,0,0,5.66,0.6129032373428345
OADMET-0006155,5.25,5-6,0.015472182388302613,0.6,1,1,0,0,5.66,0.6129032373428345
OADMET-0006151,5.145,5-6,0.3569396477136628,0.4,2,2,0,0,5.470000000000001,0.6612903475761414
OADMET-0006151,5.145,5-6,0.3569396477136628,0.5,1,1,0,0,5.66,0.6612903475761414
OADMET-0006151,5.145,5-6,0.3569396477136628,0.6,1,1,0,0,5.66,0.6612903475761414
OADMET-0006150,4.68,4-5,0.33530394852920864,0.4,1,0,0,1,6.045,0.5102040767669678
OADMET-0006150,4.68,4-5,0.33530394852920864,0.5,1,0,0,1,6.045,0.5102040767669678
OADMET-0006150,4.68,4-5,0.33530394852920864,0.6,0,0,0,0,,0.5102040767669678
OADMET-0006149,4.66,4-5,0.30870693305579344,0.4,1,0,0,0,5.99,0.41791045665740967
OADMET-0006149,4.66,4-5,0.30870693305579344,0.5,0,0,0,0,,0.41791045665740967
OADMET-0006149,4.66,4-5,0.30870693305579344,0.6,0,0,0,0,,0.41791045665740967
OADMET-0006148,5.164999999999999,5-6,0.468591606652911,0.4,3,2,0,1,5.528333333333333,0.6078431606292725
OADMET-0006148,5.164999999999999,5-6,0.468591606652911,0.5,1,0,0,1,6.015000000000001,0.6078431606292725
OADMET-0006148,5.164999999999999,5-6,0.468591606652911,0.6,1,0,0,1,6.015000000000001,0.6078431606292725
OADMET-0006146,6.345000000000001,>=6,0.5674636348151179,0.4,1,1,0,1,6.015000000000001,0.7446808218955994
OADMET-0006146,6.345000000000001,>=6,0.5674636348151179,0.5,1,1,0,1,6.015000000000001,0.7446808218955994
OADMET-0006146,6.345000000000001,>=6,0.5674636348151179,0.6,1,1,0,1,6.015000000000001,0.7446808218955994
OADMET-0006141,5.390000000000001,5-6,0.1052661001727433,0.4,1,1,0,0,5.92,0.484375
OADMET-0006141,5.390000000000001,5-6,0.1052661001727433,0.5,0,0,0,0,,0.484375
OADMET-0006141,5.390000000000001,5-6,0.1052661001727433,0.6,0,0,0,0,,0.484375
OADMET-0006140,5.13,5-6,0.018383104423697283,0.4,2,1,0,0,5.3149999999999995,0.48076921701431274
OADMET-0006140,5.13,5-6,0.018383104423697283,0.5,0,0,0,0,,0.48076921701431274
OADMET-0006140,5.13,5-6,0.018383104423697283,0.6,0,0,0,0,,0.48076921701431274
OADMET-0006139,4.49,4-5,0.33967306259829844,0.4,2,1,0,0,5.27,0.529411792755127
OADMET-0006139,4.49,4-5,0.33967306259829844,0.5,1,0,0,0,5.84,0.529411792755127
OADMET-0006139,4.49,4-5,0.33967306259829844,0.6,0,0,0,0,,0.529411792755127
OADMET-0006135,5.4350000000000005,5-6,0.04631107159010561,0.4,2,0,0,1,5.3575,0.7209302186965942
OADMET-0006135,5.4350000000000005,5-6,0.04631107159010561,0.5,1,0,0,1,6.015000000000001,0.7209302186965942
OADMET-0006135,5.4350000000000005,5-6,0.04631107159010561,0.6,1,0,0,1,6.015000000000001,0.7209302186965942
OADMET-0006134,5.59,5-6,0.08463800861745963,0.4,1,0,0,1,6.345000000000001,0.4769230782985687
OADMET-0006134,5.59,5-6,0.08463800861745963,0.5,0,0,0,0,,0.4769230782985687
OADMET-0006134,5.59,5-6,0.08463800861745963,0.6,0,0,0,0,,0.4769230782985687
OADMET-0006132,5.465,5-6,0.07874659875231416,0.4,2,0,0,1,4.97,0.4590163826942444
OADMET-0006132,5.465,5-6,0.07874659875231416,0.5,0,0,0,0,,0.4590163826942444
OADMET-0006132,5.465,5-6,0.07874659875231416,0.6,0,0,0,0,,0.4590163826942444
OADMET-0006131,5.495,5-6,0.4244253337571937,0.4,1,1,0,0,5.99,0.4307692348957062
OADMET-0006131,5.495,5-6,0.4244253337571937,0.5,0,0,0,0,,0.4307692348957062
OADMET-0006131,5.495,5-6,0.4244253337571937,0.6,0,0,0,0,,0.4307692348957062
OADMET-0006129,5.44,5-6,0.044769591213152715,0.4,1,1,0,0,5.904999999999999,0.6274510025978088
OADMET-0006129,5.44,5-6,0.044769591213152715,0.5,1,1,0,0,5.904999999999999,0.6274510025978088
OADMET-0006129,5.44,5-6,0.044769591213152715,0.6,1,1,0,0,5.904999999999999,0.6274510025978088
OADMET-0006128,5.335,5-6,0.08368517941510856,0.4,2,1,0,1,5.7225,0.5510203838348389
OADMET-0006128,5.335,5-6,0.08368517941510856,0.5,1,0,0,1,6.015000000000001,0.5510203838348389
OADMET-0006128,5.335,5-6,0.08368517941510856,0.6,0,0,0,0,,0.5510203838348389
OADMET-0006125,5.470000000000001,5-6,0.19147021587514423,0.4,1,1,0,0,5.904999999999999,0.5882353186607361
OADMET-0006125,5.470000000000001,5-6,0.19147021587514423,0.5,1,1,0,0,5.904999999999999,0.5882353186607361
OADMET-0006125,5.470000000000001,5-6,0.19147021587514423,0.6,0,0,0,0,,0.5882353186607361
OADMET-0006123,2.56,<3,0.9034187762491706,0.4,0,0,0,0,,0.390625
OADMET-0006123,2.56,<3,0.9034187762491706,0.5,0,0,0,0,,0.390625
OADMET-0006123,2.56,<3,0.9034187762491706,0.6,0,0,0,0,,0.390625
OADMET-0006121,5.195,5-6,0.24577905289461555,0.4,2,1,0,0,5.27,0.671875
OADMET-0006121,5.195,5-6,0.24577905289461555,0.5,2,1,0,0,5.27,0.671875
OADMET-0006121,5.195,5-6,0.24577905289461555,0.6,1,1,0,0,5.84,0.671875
OADMET-0006120,4.725,4-5,0.3754638145381035,0.4,2,0,0,0,5.6899999999999995,0.6600000262260437
OADMET-0006120,4.725,4-5,0.3754638145381035,0.5,1,0,0,0,5.79,0.6600000262260437
OADMET-0006120,4.725,4-5,0.3754638145381035,0.6,1,0,0,0,5.79,0.6600000262260437
OADMET-0006119,3.955,3-4,0.4057165590381686,0.4,3,0,0,1,5.68,0.5892857313156128
OADMET-0006119,3.955,3-4,0.4057165590381686,0.5,2,0,0,1,5.83,0.5892857313156128
OADMET-0006119,3.955,3-4,0.4057165590381686,0.6,0,0,0,0,,0.5892857313156128
OADMET-0006117,4.92,4-5,0.5472445500770915,0.4,3,2,0,0,5.066666666666666,0.5400000214576721
OADMET-0006117,4.92,4-5,0.5472445500770915,0.5,1,1,0,0,4.71,0.5400000214576721
OADMET-0006117,4.92,4-5,0.5472445500770915,0.6,0,0,0,0,,0.5400000214576721
OADMET-0006116,4.485,4-5,0.3607878722911275,0.4,2,0,0,1,5.2725,0.4576271176338196
OADMET-0006116,4.485,4-5,0.3607878722911275,0.5,0,0,0,0,,0.4576271176338196
OADMET-0006116,4.485,4-5,0.3607878722911275,0.6,0,0,0,0,,0.4576271176338196
OADMET-0006115,5.27,5-6,0.05655217096553056,0.4,4,2,0,0,5.0225,0.6229507923126221
OADMET-0006115,5.27,5-6,0.05655217096553056,0.5,1,1,0,0,5.66,0.6229507923126221
OADMET-0006115,5.27,5-6,0.05655217096553056,0.6,1,1,0,0,5.66,0.6229507923126221
OADMET-0006113,4.800000000000001,4-5,1.8477975954472048,0.4,0,0,0,0,,0.3571428656578064
OADMET-0006113,4.800000000000001,4-5,1.8477975954472048,0.5,0,0,0,0,,0.3571428656578064
OADMET-0006113,4.800000000000001,4-5,1.8477975954472048,0.6,0,0,0,0,,0.3571428656578064
OADMET-0006111,5.31,5-6,0.02475480185927914,0.4,1,0,0,1,6.11,0.5671641826629639
OADMET-0006111,5.31,5-6,0.02475480185927914,0.5,1,0,0,1,6.11,0.5671641826629639
OADMET-0006111,5.31,5-6,0.02475480185927914,0.6,0,0,0,0,,0.5671641826629639
OADMET-0006108,2.56,<3,0.03359552411908373,0.4,1,0,0,1,6.845,0.469696968793869
OADMET-0006108,2.56,<3,0.03359552411908373,0.5,0,0,0,0,,0.469696968793869
OADMET-0006108,2.56,<3,0.03359552411908373,0.6,0,0,0,0,,0.469696968793869
OADMET-0006105,5.905,5-6,0.3630587567234125,0.4,3,2,0,1,5.676666666666667,0.5147058963775635
OADMET-0006105,5.905,5-6,0.3630587567234125,0.5,1,0,0,1,6.26,0.5147058963775635
OADMET-0006105,5.905,5-6,0.3630587567234125,0.6,0,0,0,0,,0.5147058963775635
OADMET-0006103,3.765,3-4,0.5445896905461987,0.4,2,0,0,0,5.27,0.5735294222831726
OADMET-0006103,3.765,3-4,0.5445896905461987,0.5,2,0,0,0,5.27,0.5735294222831726
OADMET-0006103,3.765,3-4,0.5445896905461987,0.6,0,0,0,0,,0.5735294222831726
OADMET-0006102,4.955,4-5,0.07678502907502427,0.4,1,0,0,0,5.945,0.49180328845977783
OADMET-0006102,4.955,4-5,0.07678502907502427,0.5,0,0,0,0,,0.49180328845977783
OADMET-0006102,4.955,4-5,0.07678502907502427,0.6,0,0,0,0,,0.49180328845977783
OADMET-0006100,5.234999999999999,5-6,0.2907296883241415,0.4,5,4,0,0,5.546000000000001,0.5147058963775635
OADMET-0006100,5.234999999999999,5-6,0.2907296883241415,0.5,3,2,0,0,5.546666666666667,0.5147058963775635
OADMET-0006100,5.234999999999999,5-6,0.2907296883241415,0.6,0,0,0,0,,0.5147058963775635
OADMET-0006096,2.49,<3,1.00009870413004,0.4,2,0,0,0,5.6899999999999995,0.5
OADMET-0006096,2.49,<3,1.00009870413004,0.5,1,0,0,0,5.79,0.5
OADMET-0006096,2.49,<3,1.00009870413004,0.6,0,0,0,0,,0.5
OADMET-0006094,5.165,5-6,0.2673716958798389,0.4,2,2,0,0,5.6899999999999995,0.5283018946647644
OADMET-0006094,5.165,5-6,0.2673716958798389,0.5,1,1,0,0,5.79,0.5283018946647644
OADMET-0006094,5.165,5-6,0.2673716958798389,0.6,0,0,0,0,,0.5283018946647644
OADMET-0006092,5.795,5-6,0.4305621943412268,0.4,2,1,0,1,5.9,0.5211267471313477
OADMET-0006092,5.795,5-6,0.4305621943412268,0.5,1,1,0,0,5.54,0.5211267471313477
OADMET-0006092,5.795,5-6,0.4305621943412268,0.6,0,0,0,0,,0.5211267471313477
OADMET-0006091,4.94,4-5,0.26772968485753257,0.4,2,0,0,1,5.654999999999999,0.47887325286865234
OADMET-0006091,4.94,4-5,0.26772968485753257,0.5,0,0,0,0,,0.47887325286865234
OADMET-0006091,4.94,4-5,0.26772968485753257,0.6,0,0,0,0,,0.47887325286865234
OADMET-0004676,5.085,5-6,0.12594110968312666,0.4,3,1,0,0,5.066666666666666,0.5744680762290955
OADMET-0004676,5.085,5-6,0.12594110968312666,0.5,2,1,0,0,5.3149999999999995,0.5744680762290955
OADMET-0004676,5.085,5-6,0.12594110968312666,0.6,0,0,0,0,,0.5744680762290955
OADMET-0004675,4.895,4-5,0.24099966867180722,0.4,2,1,0,1,5.577500000000001,0.44285714626312256
OADMET-0004675,4.895,4-5,0.24099966867180722,0.5,0,0,0,0,,0.44285714626312256
OADMET-0004675,4.895,4-5,0.24099966867180722,0.6,0,0,0,0,,0.44285714626312256
OADMET-0004674,4.995,4-5,0.26724783113661843,0.4,1,0,0,1,6.345000000000001,0.4375
OADMET-0004674,4.995,4-5,0.26724783113661843,0.5,0,0,0,0,,0.4375
OADMET-0004674,4.995,4-5,0.26724783113661843,0.6,0,0,0,0,,0.4375
