member,pearson_vs_new_oof
tabpfn_cheme_2d_full_boltz_log2fc_pred_seed10ens_top500_umap,0.997492843756719
tabpfn_cheme_2d_full_boltz_log2fc_pred_optuna_trial10_seed5ens_umap_default,0.9861122134342716
tabpfn_chemprop_pretrain_embed_umap_default,0.965803345287621
tabpfn_kermt_pretrain_embed_umap_default,0.9454082639656128
tabpfn_gatedgcn_pretrain_embed_umap_default,0.9317770637271309
tabpfn_attentivefp_pretrain_embed_umap_default,0.9263239789356895
tabpfn_molformer_c3_pretrain_embed_umap,0.9257005637306429
tabpfn_pooled_boltz_allpairs_umap_default,0.9074596201777303
tabpfn_pooled_boltz_umap_default,0.9045950677544383
