source,gate,gamma,MAE,delta_mae_vs_raw,Spearman_R,train_gate_mean,test_gate_mean,id55_abs_delta_mean,id55_abs_delta_p90,id55_abs_delta_max,id55_spearman,id56_minus_id55_projection,id56_minus_id55_pearson,id56_minus_id51_projection,id56_minus_id51_pearson
optuna_top500_minus_current_raw,log2fc_33_pred_soft_q60_to_q95_MAX_positive_delta_AND_num_rings_high_soft_q20,0.35,0.387422000038001,-0.004021994549488317,0.8528384708798352,0.3027034169511171,0.29436036459629256,0.01079664938485205,0.03250779187686046,0.07777866021105329,0.9995371733280999,0.061939411227410354,0.27554608674704784,0.11685023126538806,0.44462706251142714
optuna_top500_minus_current_raw,positive_delta_AND_num_rings_high_soft_q20,0.5,0.38746420759826683,-0.003979786989222467,0.852627364515097,0.1821256038647343,0.17673814165042234,0.009418890963918675,0.03406597874757314,0.10370005745145594,0.9996541466141036,0.06139799179053875,0.2861093358665737,0.10716762608038491,0.42590607958273774
optuna_top500_minus_current_raw,log2fc_33_pred_soft_q50_to_q95_MAX_family_gap_high_soft_q20,0.25,0.3875639476051585,-0.003880046982330798,0.8523697677748866,0.43172196840082794,0.44187935328027517,0.012900240922008178,0.03448278300645438,0.08602404299757271,0.999460287391631,0.08322842619766894,0.3267635923116804,0.15511341239558687,0.5264875315209884
optuna_top500_minus_current_raw,log2fc_33_pred_soft_q60_to_q95_MAX_family_gap_high_soft_q20,0.25,0.3876187626597816,-0.003825231927707673,0.8522882382614666,0.4172694651886961,0.42368479348061183,0.012473199655865005,0.03433091916762123,0.08602404299757271,0.9994907751097915,0.08047871715970682,0.32191568518336117,0.1503743561952734,0.5193740246701397
optuna_top500_minus_current_raw,log2fc_33_pred_soft_q50_to_q95_MAX_positive_delta_AND_family_gap_high_soft_q20,0.25,0.3876193267039109,-0.003824667883578381,0.8523153271077067,0.3772726106584206,0.3917220191076239,0.01180134346880479,0.03433091916762123,0.08602404299757271,0.9994723758163243,0.07873307530214135,0.3286164690742696,0.14702891620150543,0.5273949158679578
optuna_top500_minus_current_raw,log2fc_33_pred_soft_q60_to_q95_MAX_positive_delta_AND_family_gap_high_soft_q20,0.25,0.3876908112851449,-0.0037531833023444205,0.852203811544788,0.3548309103908491,0.3662494792723984,0.011285481078623491,0.034238129831076776,0.08602404299757271,0.9995049079004257,0.07578378958905342,0.3243190934084443,0.14188779843624183,0.5208326621020813
optuna_top500_minus_current_raw,log2fc_33_pred_soft_q50_to_q95_MEAN_positive_delta_AND_num_rings_high_soft_q20,0.5,0.3877599978497313,-0.0036839967377579885,0.8525008774051054,0.20404216203026815,0.21185387508180342,0.011174718335078361,0.034775049193141075,0.07487216330589241,0.9996011708705943,0.06630773977910244,0.29923186131563684,0.1221700495387812,0.47219918583348375
optuna_top500_minus_current_raw,lf_mean_soft_q50_to_q95_MAX_num_rings_high_soft_q20,0.25,0.387834061001475,-0.0036099335860143023,0.8521137872721066,0.46631330223880607,0.4759286194487464,0.014162824086062993,0.03418410332596747,0.09152106805825255,0.9995574392165564,0.10118598318414927,0.36842404464433787,0.1761890498410786,0.5678506857082946
optuna_top500_minus_current_raw,log2fc_33_pred_soft_q50_to_q95_MAX_num_rings_high_soft_q20,0.25,0.3878747526606338,-0.003569241926855482,0.8521922963815809,0.4687050200921921,0.46917567064566057,0.013483662160701288,0.03234425285068419,0.09152106805825255,0.9995833048899813,0.09650589568113051,0.3701406654060297,0.1661278521079182,0.5657371201601651
optuna_top500_minus_current_raw,log2fc_33_pred_soft_q50_to_q95_MEAN_family_gap_high_soft_q20,0.35,0.38789075362831005,-0.003553240959179249,0.8520688599472208,0.28884036099102905,0.30511890229418576,0.01227210912822628,0.03496341331463437,0.08033758352180875,0.9995065967244638,0.08006359286388952,0.332662986903688,0.14652790351027156,0.5253076089580787
optuna_top500_minus_current_raw,log2fc_33_pred_soft_q60_to_q95_MAX_num_rings_high_soft_q20,0.25,0.3879677936516241,-0.0034762009358652035,0.8521282553621503,0.4553684000761269,0.4480443024420273,0.012739508907828401,0.030274748304356613,0.09152106805825255,0.9996209923316723,0.09056279339485217,0.3603297836979623,0.15553146439891552,0.5502459834233142
optuna_top500_minus_current_raw,family_gap_high_soft_q20,0.25,0.38799857369523316,-0.0034454208922561347,0.8518028621377709,0.35172200178625607,0.3632681960751871,0.011066311615775662,0.03259925596210955,0.08602404299757271,0.9996049929460488,0.07876781735029507,0.3423713377627587,0.14073933994465657,0.5285660774455042
optuna_top500_minus_current_raw,log2fc_33_pred_soft_q50_to_q95_MEAN_positive_delta_AND_family_gap_high_soft_q20,0.35,0.38800822051591227,-0.0034357740715770246,0.8519183263799579,0.24152273386092976,0.2660637208379361,0.011288135336885996,0.03416461591661708,0.08033758352180875,0.9995395732359434,0.07633991004944678,0.3365560663524623,0.13974923594263905,0.5287657431045996
optuna_top500_minus_current_raw,log2fc_33_pred_soft_q60_to_q95_MEAN_positive_delta_AND_num_rings_high_soft_q20,0.5,0.38805695494368814,-0.0033870396438011596,0.8521786040246225,0.182879481873387,0.18539593510544322,0.009640260777576147,0.03212345459637529,0.07445137781148858,0.9996710348544839,0.055110843032618415,0.27656072175827545,0.10266890426096598,0.43975601623413196
optuna_top500_minus_current_raw,log2fc_33_pred_soft_q60_to_q95_MEAN_family_gap_high_soft_q20,0.35,0.3881016545959151,-0.0033423399915741836,0.8518364236284914,0.2676776808341479,0.2786609623178256,0.01119798883797473,0.03142147932023054,0.07118158533480123,0.9995968154822856,0.07222576514135094,0.3255471025696349,0.13287710181580115,0.5162384515528162
optuna_top500_minus_current_raw,lf_mean_soft_q50_to_q95_MEAN_num_rings_high_soft_q20,0.35,0.38812208276440063,-0.0033219118230886635,0.8521634808654478,0.30368625145172007,0.2992431316291944,0.012056666277788624,0.028297829710419012,0.06406474764077652,0.9996927229105516,0.0828709109697307,0.3611299245011109,0.14562134082037134,0.5587096661047598
optuna_top500_minus_current_raw,positive_delta_AND_family_gap_high_soft_q20,0.25,0.3881660514481717,-0.0032779431393176184,0.8515736845913727,0.25708674752605754,0.2851578331626878,0.009660634771003845,0.032534876618388255,0.08602404299757271,0.9996359250915878,0.07344827047251991,0.34971127156782383,0.13105552913375318,0.5350507238305366
optuna_top500_minus_current_raw,log2fc_33_pred_soft_q60_to_q95_MEAN_positive_delta_AND_num_rings_high_soft_q20_AND_family_gap_high_soft_q20,0.35,0.38819801767027523,-0.0032459769172140662,0.8518301626321374,0.23916032184434338,0.24468668876202454,0.009663067116897524,0.02755031982840546,0.058253255448941665,0.9997535205759213,0.06247670817869292,0.3441792775455727,0.11359051396262389,0.537986165342697
optuna_top500_minus_current_raw,log2fc_33_pred_soft_q60_to_q95_MEAN_positive_delta_AND_family_gap_high_soft_q20,0.35,0.38822086238085046,-0.0032231322066388346,0.8516841790345254,0.22036005370404863,0.2396057808615759,0.010214015046634455,0.031013883762145155,0.07118158533480123,0.9996238366668945,0.06850208232690812,0.32983717154129477,0.12609843424816855,0.5202071088561508
optuna_top500_minus_current_raw,log2fc_33_pred_soft_q50_to_q95_MEAN_num_rings_high_soft_q20,0.35,0.38831901415092956,-0.0031249804365597322,0.8519294655992696,0.3035993278917818,0.2995731733274174,0.011514862294430593,0.026520058091630716,0.06406474764077652,0.9996889008350969,0.07924937479885405,0.3645675259266369,0.13699323719044862,0.5568545800752651
optuna_top500_minus_current_raw,lf_mean_soft_q50_to_q95_MAX_positive_delta_AND_num_rings_high_soft_q20,0.25,0.3883493759342487,-0.0030946186532406217,0.8518859961350899,0.3193149084902687,0.324639598457701,0.009169795858635489,0.028756989088409846,0.07143947788488703,0.9996999226340821,0.05501335885328136,0.2946565382252003,0.10431859547733803,0.4775486933477203
optuna_top500_minus_current_raw,log2fc_33_pred_soft_q50_to_q95_MAX_positive_delta_AND_num_rings_high_soft_q20,0.25,0.3883706796745511,-0.0030733149129382187,0.8520037904514969,0.32847221230559664,0.3278364498217493,0.008664413278414357,0.026238162662621186,0.05792615305938753,0.9997083667542723,0.05101260474427755,0.29173129950256493,0.09541218815982208,0.46845373036505156
optuna_top500_minus_current_raw,log2fc_33_pred_soft_q60_to_q95_MAX_positive_delta_AND_num_rings_high_soft_q20,0.25,0.3884852545201106,-0.0029587400673786735,0.8518872841192137,0.3027034169511171,0.29436036459629256,0.007711892417751471,0.02321985134061464,0.05555618586503819,0.9997520984083103,0.04424243659100754,0.27554608674704867,0.08346445090384867,0.4446270625114273
optuna_top500_minus_current_raw,positive_delta_AND_num_rings_high_soft_q20,0.35,0.38853490158150583,-0.002909093005983465,0.851720429209016,0.1821256038647343,0.17673814165042234,0.006593223674743076,0.023846185123301212,0.07259004021601889,0.9998131627301069,0.04297859425337738,0.2861093358665752,0.0750173382562697,0.4259060795827389
optuna_top500_minus_current_raw,log2fc_33_pred_soft_q60_to_q95_MEAN_num_rings_high_soft_q20,0.35,0.38853881451738975,-0.0029051800700995445,0.8517165604368511,0.28243664773490074,0.27311523335105725,0.01044074200417905,0.02509345468164437,0.06406474764077652,0.9997292548410587,0.07141154707631554,0.35207808727124995,0.12334243549597826,0.5382036535393109
optuna_top500_minus_current_raw,lf_mean_soft_q50_to_q95_MEAN_positive_delta_AND_num_rings_high_soft_q20,0.35,0.38857544542292793,-0.0028685491645613626,0.8517760340677281,0.20412908559020643,0.21152383338358044,0.008364106817912869,0.027129250429823237,0.06213966851151387,0.9997936079254558,0.05003695401624809,0.2973951796889989,0.09414713830706933,0.4773134495063776
optuna_top500_minus_current_raw,num_rings_high_soft_q20,0.25,0.3886713947641361,-0.0027725998233532057,0.8515705134209028,0.38123993558776165,0.3521767381416504,0.009984530424639003,0.02483784883656952,0.09152106805825255,0.9997588537044625,0.07760464868595918,0.36238746237196207,0.12711838805919573,0.530574717751391
optuna_top500_minus_current_raw,lf_mean_soft_q50_to_q95_MEAN_family_gap_high_soft_q20,0.25,0.38868247898757685,-0.0027615155999124452,0.8514342257258344,0.2889272845509673,0.3047888605959628,0.009152795079703074,0.025837341331200216,0.06851228522793829,0.9997486318747584,0.059775092167690135,0.3242319618194995,0.11082571938585302,0.5172779083780104
optuna_top500_minus_current_raw,log2fc_33_pred_soft_q50_to_q95_MEAN_positive_delta_AND_num_rings_high_soft_q20,0.35,0.38876956479848357,-0.002674429789005728,0.8515590126325188,0.20404216203026815,0.21185387508180342,0.007822302834554838,0.024342534435198716,0.05241051431412469,0.999796096718775,0.04641541784537153,0.29923186131563634,0.08551903467714665,0.4721991858334837
optuna_top500_minus_current_raw,lf_mean_soft_q50_to_q95_MEAN_positive_delta_AND_family_gap_high_soft_q20,0.25,0.3887717119568838,-0.0026722826306054825,0.8513209207511491,0.24160965742086798,0.26573367913971313,0.008449956657317147,0.025732937316162108,0.06851228522793829,0.9997616980396844,0.05711531872880249,0.32692859901041527,0.10598381398040126,0.5192928213437532
optuna_top500_minus_current_raw,log2fc_33_pred_soft_q50_to_q95_MEAN_family_gap_high_soft_q20,0.25,0.3888276704181107,-0.00261632416937857,0.8512612554277819,0.28884036099102905,0.30511890229418576,0.008765792234447333,0.024973866653310497,0.057383988229863014,0.9997535205759213,0.057188280617063866,0.33266298690368795,0.10466278822162241,0.5253076089580785
optuna_top500_minus_current_raw,log2fc_33_pred_soft_q50_to_q95_MEAN_positive_delta_AND_family_gap_high_soft_q20,0.25,0.3889169033874177,-0.0025270912000716073,0.8511361457640465,0.24152273386092976,0.2660637208379361,0.008062953812061416,0.024403297083297915,0.057383988229863014,0.9997719198693882,0.05452850717817626,0.33655606635246244,0.09982088281617066,0.5287657431045995
optuna_top500_minus_current_raw,log2fc_33_pred_soft_q60_to_q95_MEAN_family_gap_high_soft_q20,0.25,0.3889835265202282,-0.002460468067261079,0.8510775158507107,0.2676776808341479,0.2786609623178256,0.007998563455696254,0.022443913800164597,0.050843989524858024,0.9997905858192825,0.051589832243822055,0.3255471025696346,0.09491221558271506,0.5162384515528154
optuna_top500_minus_current_raw,log2fc_33_pred_soft_q60_to_q95_MEAN_positive_delta_AND_num_rings_high_soft_q20,0.35,0.38899177165102483,-0.0024522229364644654,0.8513373901547588,0.182879481873387,0.18539593510544322,0.006748182544303298,0.02248641821746258,0.05211596446804201,0.9998293398866818,0.038577590122832885,0.27656072175827556,0.07186823298267618,0.43975601623413235
optuna_top500_minus_current_raw,lf_mean_soft_q50_to_q95_MEAN_num_rings_high_soft_q20,0.25,0.38901533450805,-0.0024286600794393154,0.8513490114379811,0.30368625145172007,0.2992431316291944,0.008611904484134743,0.020212735507442226,0.045760534029126276,0.9998185847441238,0.05919350783552209,0.36112992450111175,0.1040152434431226,0.5587096661047608
optuna_top500_minus_current_raw,log2fc_33_pred_soft_q50_to_q95_MAX_family_gap_high_soft_q20,0.15,0.38902340029845445,-0.0024205942890348497,0.8511231423838896,0.43172196840082794,0.44187935328027517,0.007740144553204912,0.02068966980387259,0.051614425798543806,0.9997971633444833,0.04993705571860133,0.3267635923116799,0.09306804743735209,0.5264875315209873
optuna_top500_minus_current_raw,lf_mean_soft_q50_to_q95_MAX_family_gap_high_soft_q20,0.15,0.38904245156995976,-0.0024015430175295394,0.8510392806823054,0.42384287124686904,0.43210432773645624,0.007699427046878035,0.02140389939480212,0.051614425798543806,0.9997975188863861,0.050820169078607265,0.33339755153981365,0.09388573772456572,0.5318316195432315
optuna_top500_minus_current_raw,log2fc_33_pred_soft_q60_to_q95_MAX_family_gap_high_soft_q20,0.15,0.3890570718796131,-0.0023869227078762156,0.8510712800525754,0.4172694651886961,0.42368479348061183,0.007483919793519007,0.020598551500572528,0.051614425798543806,0.9998031186713544,0.048287230295824136,0.32191568518336156,0.09022461371716406,0.5193740246701396
optuna_top500_minus_current_raw,log2fc_33_pred_soft_q50_to_q95_MAX_positive_delta_AND_family_gap_high_soft_q20,0.15,0.38906595770736874,-0.00237803688012056,0.8510854915943106,0.3772726106584206,0.3917220191076239,0.007080806081282872,0.020598551500572528,0.051614425798543806,0.9998036519842084,0.04723984518128477,0.32861646907426895,0.08821734972090323,0.5273949158679573
optuna_top500_minus_current_raw,log2fc_33_pred_soft_q60_to_q95_MEAN_positive_delta_AND_num_rings_high_soft_q20_AND_family_gap_high_soft_q20,0.25,0.38907148185901674,-0.0023725127284725533,0.8510941472670294,0.23916032184434338,0.24468668876202454,0.0069021907977839326,0.019678799877432596,0.04160946817781497,0.9998586720936584,0.04462622012763792,0.3441792775455737,0.08113608140187424,0.5379861653426977
optuna_top500_minus_current_raw,log2fc_33_pred_soft_q60_to_q95_MEAN_positive_delta_AND_family_gap_high_soft_q20,0.25,0.3890727594895353,-0.0023712350979540053,0.850954273307343,0.22036005370404863,0.2396057808615759,0.00729572503331033,0.022152774115817665,0.050843989524858024,0.9998026742439758,0.04893005880493443,0.32983717154129477,0.09007031017726333,0.5202071088561506
optuna_top500_minus_current_raw,lf_mean_soft_q50_to_q95_MAX_positive_delta_AND_family_gap_high_soft_q20,0.15,0.3890918576321656,-0.0023521369553237137,0.8509921101240409,0.3658020474593773,0.3762541363856557,0.007001671119489954,0.021241601012722284,0.051614425798543806,0.9998062296630034,0.04809171341046148,0.336950140300292,0.08891920082340211,0.5346896829184966
optuna_top500_minus_current_raw,log2fc_33_pred_soft_q60_to_q95_MAX_positive_delta_AND_family_gap_high_soft_q20,0.15,0.3891096310044939,-0.00233436358299538,0.8510230806797866,0.3548309103908491,0.3662494792723984,0.0067712886471740915,0.020542877898645888,0.051614425798543806,0.9998136960429611,0.04547027375343205,0.32431909340844417,0.0851326790617451,0.5208326621020809
seed10_top500_minus_current_raw,positive_delta_AND_num_rings_high_soft_q20,0.5,0.38912530054172,-0.0023186940457692873,0.8516918776822759,0.19162640901771336,0.15919428200129954,0.008771643225553101,0.03326581801941728,0.11077326322815573,0.9995690832138715,-0.08251185406267227,-0.32302310493909475,-0.05798406466436655,-0.2012117281615344
optuna_top500_minus_current_raw,log2fc_33_pred_soft_q50_to_q95,0.35,0.3891595264313936,-0.002284468156095676,0.8511596820842235,0.22595872019580202,0.2469696085131845,0.00905138199436661,0.030823963973297275,0.08109661428314219,0.9995041968166203,0.049852241437365684,0.22520534857936625,0.09602073109802367,0.37310431059535015
optuna_top500_minus_current_raw,log2fc_33_pred_soft_q50_to_q95_MEAN_num_rings_high_soft_q20,0.25,0.38917361328329303,-0.0022703813041962673,0.8511521257472187,0.3035993278917818,0.2995731733274174,0.008224901638879008,0.018942898636879056,0.045760534029126276,0.9998261400095572,0.05660669628489578,0.3645675259266363,0.09785231227889189,0.5568545800752641
optuna_top500_minus_current_raw,lf_mean_soft_q50_to_q95_MAX_num_rings_high_soft_q20,0.15,0.3892001299565356,-0.002243864630953718,0.8509648563901274,0.46631330223880607,0.4759286194487464,0.008497694451637776,0.020510461995580445,0.054912640834951176,0.9998173403474641,0.06071158991048925,0.36842404464433676,0.10571342990464679,0.5678506857082938
optuna_top500_minus_current_raw,log2fc_33_pred_soft_q50_to_q95_MAX_num_rings_high_soft_q20,0.15,0.38923961547006297,-0.002204379117426325,0.8510242572167548,0.4687050200921921,0.46917567064566057,0.00809019729642077,0.01940655171041108,0.054912640834951176,0.9998237401017135,0.05790353740867805,0.37014066540602775,0.09967671126475068,0.5657371201601636
optuna_top500_minus_current_raw,family_gap_high_soft_q20,0.15,0.38929592875887176,-0.0021480658286175403,0.8507604174909976,0.35172200178625607,0.3632681960751871,0.006639786969465407,0.019559553577265375,0.051614425798543806,0.9998435615627917,0.047260690410177095,0.34237133776275863,0.08444360396679401,0.5285660774455039
optuna_top500_minus_current_raw,log2fc_33_pred_soft_q60_to_q95_MAX_num_rings_high_soft_q20,0.15,0.3892969689577009,-0.0021470256297884127,0.8509822818885696,0.4553684000761269,0.4480443024420273,0.007643705344697034,0.018164848982613967,0.054912640834951176,0.999835828526407,0.054337676036911094,0.360329783697961,0.09331887863934914,0.5502459834233134
optuna_top500_minus_current_raw,positive_delta_AND_num_rings_high_soft_q20,0.25,0.38932795499093503,-0.0021160395965542644,0.8510398262491099,0.1821256038647343,0.17673814165042234,0.004709445481959348,0.01703298937378648,0.051850028725727526,0.9999004482672311,0.030698995895269705,0.28610933586657644,0.05358381304019277,0.42590607958273996
optuna_top500_minus_current_raw,log2fc_33_pred_soft_q60_to_q95_MEAN_num_rings_high_soft_q20,0.25,0.389334408513456,-0.002109586074033276,0.8509800092290832,0.28243664773490074,0.27311523335105725,0.007457672860127908,0.01792389620117465,0.045760534029126276,0.9998463170125379,0.05100824791165383,0.3520780872712484,0.08810173963998447,0.5382036535393099
optuna_top500_minus_current_raw,lf_mean_soft_q50_to_q95_MEAN_positive_delta_AND_num_rings_high_soft_q20,0.25,0.38935012269429026,-0.0020938718931990397,0.8510732441607181,0.20412908559020643,0.21152383338358044,0.0059743620127949,0.019378036021302593,0.04438547750822419,0.9998801823787746,0.03574068144017716,0.29739517968899903,0.06724795593362093,0.47731344950637816
seed10_top500_minus_current_raw,log2fc_33_pred_soft_q50_to_q95_MAX_positive_delta_AND_num_rings_high_soft_q20,0.35,0.3893617834921345,-0.00208221109535478,0.8515546632339251,0.3345142007477684,0.33349217433315576,0.01197431943946541,0.03434355427407781,0.11048554612621331,0.9992915827587778,-0.09797122750783968,-0.3404391881949903,-0.06589978711731308,-0.20341691631142997
seed10_top500_minus_current_raw,lf_mean_soft_q50_to_q95_MEAN_positive_delta_AND_num_rings_high_soft_q20,0.5,0.3893865821216644,-0.002057412465824915,0.8514124403436336,0.20887948816669594,0.20275190355901904,0.01050366771196642,0.030658373768539703,0.10516220863711112,0.9995465063030471,-0.07633365036362383,-0.2903767719038376,-0.044293505378123564,-0.1479060845995722
seed10_top500_minus_current_raw,log2fc_33_pred_soft_q60_to_q95_MAX_positive_delta_AND_num_rings_high_soft_q20,0.35,0.38939208479505033,-0.002051909792438966,0.8514971417885434,0.3078199439696435,0.29702239715541817,0.010695627351803044,0.03160967500236254,0.11048554612621331,0.9993799349216103,-0.08876545663468385,-0.32742464133583726,-0.05903051126615587,-0.19317602190985161
optuna_top500_minus_current_raw,positive_delta_AND_family_gap_high_soft_q20,0.15,0.3894057453602977,-0.002038249227191591,0.8506238688506161,0.25708674752605754,0.2851578331626878,0.005796380862602311,0.019520925971032634,0.051614425798543806,0.9998560055293878,0.04406896228351197,0.3497112715678238,0.07863331748025197,0.5350507238305364
optuna_top500_minus_current_raw,lf_mean_soft_q50_to_q95,0.25,0.389435763176619,-0.002008231410870309,0.8510238975079534,0.22613256731567852,0.24630952511673845,0.007239278543630487,0.02551337133751144,0.07143947788488703,0.9997287215282047,0.040782366985085125,0.23320219472323325,0.0809120988270496,0.39489042130903396
seed10_top500_minus_current_raw,log2fc_33_pred_soft_q50_to_q95_MAX_positive_delta_AND_family_gap_high_soft_q20,0.25,0.3894415724857747,-0.002002422101714585,0.8510777198040791,0.3488985287859253,0.36136790934005714,0.00999108759968903,0.03091674907985436,0.09773116838194351,0.9994477545395591,-0.0618817616797077,-0.23849021512052604,-0.020971924786462346,-0.06794668706409958
seed10_top500_minus_current_raw,log2fc_33_pred_soft_q60_to_q95_MAX_positive_delta_AND_family_gap_high_soft_q20,0.25,0.38945532951509887,-0.0019886650723904276,0.8510108060185885,0.32390106115001016,0.3293922889360321,0.009260986080809748,0.02995065251152536,0.09773116838194351,0.9994873974617153,-0.054962515759282404,-0.21648023419343193,-0.014229024781389253,-0.044415132747189306
seed10_top500_minus_current_raw,positive_delta_AND_family_gap_high_soft_q20,0.25,0.38946118635195237,-0.001982808235536926,0.8508656134590198,0.22169552423832029,0.21568288578233427,0.006631614497207246,0.02400700099151596,0.09773116838194351,0.9997007226033632,-0.0320890605206734,-0.14545304691577576,0.0026335217062960254,0.025014216147330487
seed10_top500_minus_current_raw,lf_mean_soft_q50_to_q95_MEAN_positive_delta_AND_family_gap_high_soft_q20,0.35,0.38948222748015293,-0.001961767107336365,0.8510349886984452,0.2239140457769994,0.23099620544953636,0.008924622417477976,0.028281924272139145,0.11048194163082581,0.9996001931303617,-0.04701674869707286,-0.1905225133384508,-0.008867565937751053,-0.024534120041420516
seed10_top500_minus_current_raw,lf_mean_soft_q50_to_q95_MAX_positive_delta_AND_family_gap_high_soft_q20,0.25,0.38949777664842283,-0.0019462179390664636,0.8509632556267707,0.3397520020266091,0.3485348933868363,0.009544332174271704,0.03091674907985436,0.09773116838194351,0.9995117520820536,-0.05908396419489195,-0.23473822037667014,-0.019515095233167877,-0.06428744352128535
optuna_top500_minus_current_raw,log2fc_33_pred_soft_q50_to_q95_MEAN_positive_delta_AND_num_rings_high_soft_q20,0.25,0.3895061708654413,-0.0019378237220479821,0.8508723165234544,0.20404216203026815,0.21185387508180342,0.005587359167539165,0.017387524596570537,0.03743608165294621,0.9998863154765969,0.03315386988955094,0.29923186131563495,0.061085024769390275,0.47219918583348236
optuna_top500_minus_current_raw,lf_mean_soft_q50_to_q95_MAX_positive_delta_AND_num_rings_high_soft_q20,0.15,0.38952430051545517,-0.0019196940720341282,0.8508226878704892,0.3193149084902687,0.324639598457701,0.005501877515181275,0.017254193453046265,0.042863686730932216,0.999882315630191,0.033008015311968716,0.2946565382251999,0.0625911572864027,0.47754869334771993
seed10_top500_minus_current_raw,log2fc_33_pred_soft_q50_to_q95_MEAN_positive_delta_AND_num_rings_high_soft_q20,0.5,0.38954251835802906,-0.0019014762294602416,0.8511739624559925,0.2087925646067577,0.20308194525724202,0.010427213446193927,0.03000640685306362,0.09720641451783063,0.9994847308974448,-0.07986282042211067,-0.3103881120015663,-0.05092155951542808,-0.17511143718660985
optuna_top500_minus_current_raw,log2fc_33_pred_soft_q50_to_q95_MAX_positive_delta_AND_num_rings_high_soft_q20,0.15,0.3895512742252457,-0.0018927203622435829,0.850889958320701,0.32847221230559664,0.3278364498217493,0.005198647967048616,0.01574289759757264,0.034755691835631985,0.9998805379206774,0.030607562846566478,0.2917312995025637,0.05724731289589324,0.46845373036505056
optuna_top500_minus_current_raw,log2fc_33_pred_soft_q50_to_q95_AND_family_gap_high_soft_q20,0.5,0.3895789249386162,-0.0018650696488731189,0.8505213099015597,0.10430811720105043,0.12129866399587617,0.006947855945631315,0.023862264413162762,0.09099502629108969,0.9996812566841881,0.04443205577326301,0.23513741117855527,0.08062799712129477,0.3648656869810388
seed10_top500_minus_current_raw,log2fc_33_pred_soft_q50_to_q95_MEAN_positive_delta_AND_family_gap_high_soft_q20,0.35,0.389587723414988,-0.0018562711725013115,0.8508021738145294,0.22382712221706116,0.23132624714775935,0.008871104431437222,0.027114931612605985,0.10413688070554894,0.9995808160966622,-0.049487167738013475,-0.2093486550840899,-0.013507203833864032,-0.045149689159484786
optuna_top500_minus_current_raw,log2fc_33_pred_soft_q60_to_q95,0.35,0.3895972198771434,-0.0018467747103458887,0.850698612517534,0.18363335988203974,0.19405372856046413,0.006903141413863519,0.0246523347096959,0.07777866021105329,0.999620547904294,0.03417658599228832,0.17710768572559402,0.06871912770908267,0.30449888187310936
optuna_top500_minus_current_raw,log2fc_33_pred_soft_q60_to_q95_MAX_positive_delta_AND_num_rings_high_soft_q20,0.15,0.3896219899569389,-0.0018220046305503779,0.8508264179678929,0.3027034169511171,0.29436036459629256,0.00462713545065088,0.013931910804368997,0.03333371151902309,0.999900181610804,0.02654546195460455,0.27554608674704845,0.05007867054230928,0.4446270625114273
optuna_top500_minus_current_raw,lf_mean_soft_q50_to_q95_AND_family_gap_high_soft_q20,0.35,0.3896258908901786,-0.0018181036973107245,0.8508309268424621,0.11197542651977795,0.13088389038308987,0.005966752605655381,0.0208376077959505,0.09101002193888608,0.9998087184563225,0.036186056560851755,0.22298892745098842,0.07089072952911468,0.3711395787312287
seed10_top500_minus_current_raw,lf_mean_soft_q50_to_q95_MEAN_family_gap_high_soft_q20,0.35,0.38962795545249174,-0.0018160391349975602,0.851051042585118,0.2889272845509673,0.3047888605959628,0.011677758438969866,0.03386301406729615,0.11048194163082581,0.99947699786106,-0.09893196008148254,-0.3595635878802464,-0.05822347190149287,-0.18765687853457722
seed10_top500_minus_current_raw,family_gap_high_soft_q20,0.25,0.38966792532927647,-0.0017760692582128312,0.8509182768061959,0.35172200178625607,0.3632681960751871,0.010564665956481365,0.031521603159885815,0.10502136273491658,0.9995454396773389,-0.10625364821268743,-0.4024646047799635,-0.06787491538476398,-0.2286210363339637
optuna_top500_minus_current_raw,log2fc_33_pred_soft_q60_to_q95_MEAN_positive_delta_AND_num_rings_high_soft_q20,0.25,0.38966821908061916,-0.0017757755068701364,0.8506821817568301,0.182879481873387,0.18539593510544322,0.004820130388788062,0.016061727298187733,0.03722568890574429,0.9999013371219879,0.02755542151630897,0.2765607217582737,0.05133445213048283,0.4397560162341312
seed10_top500_minus_current_raw,log2fc_33_pred_soft_q60_to_q95_MEAN_positive_delta_AND_num_rings_high_soft_q20,0.5,0.38968419542993976,-0.0017597991575495353,0.8509860025155018,0.18762988444987658,0.17662400528088182,0.009101505707992476,0.02813294316136226,0.09127201067153656,0.9995698831831527,-0.07089604249205307,-0.2993880498648487,-0.045041844378379596,-0.1681268785817091
seed10_top500_minus_current_raw,log2fc_33_pred_soft_q60_to_q95_MEAN_positive_delta_AND_family_gap_high_soft_q20,0.35,0.3896867182411865,-0.001757276346302794,0.8506739497185953,0.20266444206018003,0.2048683071713992,0.007943109014696224,0.02556022578632664,0.09573505905808766,0.9996457913793889,-0.043210423186973324,-0.1957050097900083,-0.009391403237930258,-0.031076629634709984
seed10_top500_minus_current_raw,positive_delta_AND_num_rings_high_soft_q20,0.35,0.38970853064181726,-0.0017354639456720333,0.8510973521760539,0.19162640901771336,0.15919428200129954,0.006140150257887164,0.02328607261359235,0.0775412842597083,0.9997768085705511,-0.057758297843870474,-0.32302310493909475,-0.040588845265056434,-0.20121172816153393
seed10_top500_minus_current_raw,log2fc_33_pred_soft_q60_to_q95_MEAN_positive_delta_AND_num_rings_high_soft_q20_AND_family_gap_high_soft_q20,0.35,0.3897126684971187,-0.0017313260903705774,0.8509051672214658,0.2423272568953364,0.23883873554565024,0.009177546776754458,0.02538089285428953,0.07906476802497142,0.9996672127790296,-0.08266985566221233,-0.3975258528868949,-0.05269448788946713,-0.22480044012878309
optuna_top500_minus_current_raw,lf_mean_soft_q50_to_q95_AND_positive_delta_AND_family_gap_high_soft_q20,0.35,0.3897249140343507,-0.0017190805531385744,0.8506632268617985,0.08956692956680154,0.11804737165069822,0.0057511281750822485,0.0208376077959505,0.09101002193888608,0.9998155626379505,0.035547274333596265,0.22314861896030444,0.06957031663286244,0.37007260702788075
optuna_top500_minus_current_raw,lf_mean_soft_q50_to_q95_MEAN_family_gap_high_soft_q20,0.15,0.3897300245392815,-0.0017139700482077802,0.8505471747739163,0.2889272845509673,0.3047888605959628,0.005491677047821849,0.015502404798720271,0.04110737113676333,0.9998918263760895,0.03586505530061421,0.3242319618195006,0.06649543163151203,0.5172779083780121
optuna_top500_minus_current_raw,log2fc_33_pred_soft_q50_to_q95_AND_positive_delta_AND_family_gap_high_soft_q20,0.5,0.3897357599625993,-0.0017082346248900038,0.8502622565690096,0.07891998275378836,0.10500517591152535,0.006568046451177432,0.022873958365402028,0.09099502629108969,0.9997020558854985,0.043386006224933264,0.23650493347205914,0.07844715556331593,0.3644531595966919
optuna_top500_minus_current_raw,num_rings_high_soft_q20,0.15,0.3897378438590428,-0.0017061507284464872,0.8506173352399754,0.38123993558776165,0.3521767381416504,0.005990718254783386,0.014902709301941465,0.054912640834951176,0.9998949373677385,0.04656278921157521,0.3623874623719602,0.0762710328355171,0.5305747177513893
seed10_top500_minus_current_raw,log2fc_33_pred_soft_q50_to_q95_MEAN_family_gap_high_soft_q20,0.35,0.3897393902614783,-0.0017046043260109944,0.8508044124817877,0.28884036099102905,0.30511890229418576,0.011624240452929127,0.03285516565142235,0.10413688070554894,0.9994488211652675,-0.10140237912242345,-0.3780749928211107,-0.06286310979760623,-0.20834205015916948
optuna_top500_minus_current_raw,log2fc_33_pred_soft_q50_to_q95,0.25,0.3897397928833062,-0.001704201704183117,0.8506079652231207,0.22595872019580202,0.2469696085131845,0.006465272853118995,0.022017117123784048,0.05792615305938753,0.9997386767014814,0.03560874388383265,0.22520534857936678,0.06858623649858828,0.3731043105953506
seed10_top500_minus_current_raw,lf_mean_soft_q50_to_q95_MEAN_num_rings_high_soft_q20,0.35,0.38977504873019814,-0.0016689458572911597,0.8510591054232325,0.30368625145172007,0.2992431316291944,0.011281840473086143,0.027931035532885676,0.10356514775606795,0.9996153036612285,-0.09427107515623312,-0.3923599846981063,-0.05793139031912018,-0.214899601753241
optuna_top500_minus_current_raw,lf_mean_soft_q50_to_q95_MEAN_positive_delta_AND_family_gap_high_soft_q20,0.15,0.3897852375498581,-0.0016587570376311866,0.850486626667313,0.24160965742086798,0.26573367913971313,0.005069973994390304,0.015439762389697265,0.04110737113676333,0.9998987594431932,0.034269191237281574,0.3269285990104157,0.06359028838824093,0.5192928213437543
optuna_top500_minus_current_raw,log2fc_33_pred_soft_q50_to_q95_MEAN_family_gap_high_soft_q20,0.15,0.3898262187537213,-0.001617775833767987,0.850419209847582,0.28884036099102905,0.30511890229418576,0.00525947534066841,0.014984319991985908,0.034430392937918164,0.9998958262224955,0.03431296837023841,0.3326629869036884,0.06279767293297364,0.5253076089580794
seed10_top500_minus_current_raw,log2fc_33_pred_soft_q60_to_q95_MEAN_family_gap_high_soft_q20,0.35,0.3898316318310227,-0.0016123627564665899,0.8506890115733787,0.2676776808341479,0.2786609623178256,0.010696245036188125,0.030306317329209714,0.09573505905808766,0.9995313068867047,-0.09512563457138315,-0.3786582012206737,-0.0587473092016723,-0.2078335284417268
seed10_top500_minus_current_raw,log2fc_33_pred_soft_q50_to_q95_MAX_positive_delta_AND_num_rings_high_soft_q20,0.25,0.3898471009899757,-0.0015968935975135823,0.8509766654761819,0.3345142007477684,0.33349217433315576,0.008553085313903848,0.02453111019576966,0.07891824723300989,0.999614325920996,-0.06997944821988546,-0.34043918819499025,-0.04707127651236651,-0.20341691631143005
seed10_top500_minus_current_raw,lf_mean_soft_q50_to_q95_MAX_positive_delta_AND_num_rings_high_soft_q20,0.25,0.3898499115360738,-0.0015940830514155069,0.8508887207330147,0.3284015391829227,0.33216401900703924,0.00851666487421047,0.02502673311812309,0.0658629631435117,0.9996520133626872,-0.06685324179825143,-0.32741212145053644,-0.042137155511238894,-0.18253077975694737
optuna_top500_minus_current_raw,lf_mean_soft_q50_to_q95_AND_num_rings_high_soft_q20,0.5,0.38987364304566474,-0.001570351541824555,0.8510719206623261,0.10026735359132435,0.08354579665414649,0.00410791559100625,0.01599298029826848,0.05956110224919087,0.999895915107971,0.022044090744727247,0.19268299295548882,0.041135799992509534,0.30573228124393165
seed10_top500_minus_current_raw,log2fc_33_pred_soft_q60_to_q95_MAX_positive_delta_AND_num_rings_high_soft_q20,0.25,0.3898768621762719,-0.00156713241121742,0.8509096096336188,0.3078199439696435,0.29702239715541817,0.007639733822716452,0.02257833928740194,0.07891824723300989,0.999644102555351,-0.06340389759620282,-0.32742464133583804,-0.042164650904397166,-0.19317602190985245
optuna_top500_minus_current_raw,log2fc_33_pred_soft_q50_to_q95_MEAN_positive_delta_AND_family_gap_high_soft_q20,0.15,0.38988143176429796,-0.001562562823191338,0.8503600927968683,0.24152273386092976,0.2660637208379361,0.004837772287236867,0.01464197824997857,0.034430392937918164,0.9999015148929393,0.03271710430690586,0.33655606635246266,0.059892529689702614,0.5287657431046002
seed10_top500_minus_current_raw,lf_mean_soft_q50_to_q95_MEAN_positive_delta_AND_num_rings_high_soft_q20,0.35,0.38988557181451994,-0.001558422772969359,0.8508688560808149,0.20887948816669594,0.20275190355901904,0.007352567398376498,0.021460861637977578,0.07361354604597814,0.9997518317518831,-0.053433555254536726,-0.2903767719038381,-0.031005453764686546,-0.14790608459957258
seed10_top500_minus_current_raw,log2fc_33_pred_soft_q50_to_q95_MEAN_num_rings_high_soft_q20,0.35,0.3899031558072515,-0.0015408387802378076,0.8508154426215614,0.3035993278917818,0.2995731733274174,0.011228322487045405,0.02731983584234774,0.10356514775606795,0.999595304429199,-0.09674149419717397,-0.4061303409385858,-0.06257102821523346,-0.2343557074668482
optuna_top500_minus_current_raw,log2fc_33_pred_soft_q60_to_q95_MEAN_family_gap_high_soft_q20,0.15,0.389924616307619,-0.0015193782798703093,0.8503309877548922,0.2676776808341479,0.2786609623178256,0.004799138073417743,0.01346634828009865,0.030506393714914815,0.9999082701890916,0.030953899346293307,0.32554710256963554,0.05694732934962913,0.5162384515528169
seed10_top500_minus_current_raw,lf_mean_soft_q50_to_q95_MEAN_positive_delta_AND_family_gap_high_soft_q20,0.25,0.38994259593344577,-0.0015013986540435287,0.8505450149145101,0.2239140457769994,0.23099620544953636,0.00637473029819857,0.020201374480099694,0.078915672593447,0.9997753864029401,-0.033583391926480584,-0.19052251333845052,-0.0063339756698220975,-0.02453412004141999
optuna_top500_minus_current_raw,lf_mean_soft_q50_to_q95_MEAN_num_rings_high_soft_q20,0.15,0.3899505569186659,-0.001493437668823372,0.8504822228135082,0.30368625145172007,0.2992431316291944,0.00516714269048082,0.012127641304465442,0.027456320417475588,0.9999321803820513,0.035516104701313174,0.3611299245011117,0.06240914606587339,0.5587096661047602
optuna_top500_minus_current_raw,log2fc_33_pred_soft_q60_to_q95_AND_family_gap_high_soft_q20,0.5,0.3899710170000378,-0.0014729775874515183,0.8501159238323186,0.08646749596971656,0.09608444355042134,0.005270237212036489,0.018182875404058413,0.09077666067553736,0.9997568093385215,0.03172119241646196,0.19656941899731664,0.05778187631508216,0.3055064977893343
optuna_top500_minus_current_raw,log2fc_33_pred_soft_q60_to_q95_MEAN_positive_delta_AND_family_gap_high_soft_q20,0.15,0.38997982931819564,-0.0014641652692936602,0.8502614135279306,0.22036005370404863,0.2396057808615759,0.004377435019986201,0.013291664469490882,0.030506393714914815,0.999913514432157,0.029358035282960694,0.3298371715412955,0.05404218610635806,0.5202071088561517
optuna_top500_minus_current_raw,log2fc_33_pred_soft_q60_to_q95_MEAN_positive_delta_AND_num_rings_high_soft_q20_AND_family_gap_high_soft_q20,0.15,0.389996492741883,-0.0014475018456062694,0.8503279423218432,0.23916032184434338,0.24468668876202454,0.004141314478670371,0.011807279926459736,0.02496568090668916,0.9999408911586686,0.026775732076582674,0.3441792775455729,0.04868164884112444,0.5379861653426968
seed10_top500_minus_current_raw,log2fc_33_pred_soft_q60_to_q95_MEAN_num_rings_high_soft_q20,0.35,0.3900037549111494,-0.0014402396763398828,0.8506923350324125,0.28243664773490074,0.27311523335105725,0.010300327070304382,0.02564799953105777,0.10356514775606795,0.9996441914408266,-0.09046474964613366,-0.4038255803025274,-0.05845522761929956,-0.232831137463114
seed10_top500_minus_current_raw,log2fc_33_pred_soft_q50_to_q95_MEAN_positive_delta_AND_num_rings_high_soft_q20,0.35,0.3900060993876346,-0.0014378951998547107,0.8506381040685301,0.2087925646067577,0.20308194525724202,0.007299049412335744,0.02100448479714423,0.06804449016248171,0.9997272104751179,-0.055903974295477374,-0.3103881120015662,-0.0356450916607996,-0.17511143718660982
seed10_top500_minus_current_raw,lf_mean_soft_q50_to_q95_MEAN_family_gap_high_soft_q20,0.25,0.3900272796648822,-0.0014167149226070874,0.8505880299651735,0.2889272845509673,0.3047888605959628,0.00834125602783563,0.02418786719092605,0.078915672593447,0.9997099666928347,-0.07066568577248751,-0.35956358788024606,-0.041588194215352044,-0.18765687853457694
seed10_top500_minus_current_raw,log2fc_33_pred_soft_q50_to_q95_MEAN_positive_delta_AND_family_gap_high_soft_q20,0.25,0.3900285039113404,-0.0014154906761488784,0.8503570099047221,0.22382712221706116,0.23132624714775935,0.006336503165312314,0.01936780829471907,0.07438348621824886,0.9997643646039549,-0.035347976955724066,-0.20934865508409067,-0.009648002738474529,-0.04514968915948595
optuna_top500_minus_current_raw,lf_mean_soft_q50_to_q95_AND_positive_delta_AND_num_rings_high_soft_q20,0.5,0.39004876813114736,-0.0013952264563419359,0.8506480204977671,0.06366259955376365,0.06871249625149237,0.0037694922997800087,0.01581240271131801,0.05956110224919087,0.9999104923259837,0.02150801759914771,0.19710295290206495,0.03924138386778249,0.3043283791354333
optuna_top500_minus_current_raw,log2fc_33_pred_soft_q50_to_q95_MEAN_num_rings_high_soft_q20,0.15,0.39005023116157855,-0.0013937634259107434,0.8503539532254882,0.3035993278917818,0.2995731733274174,0.0049349409833273905,0.0113657391821274,0.027456320417475588,0.9999271139099373,0.03396401777093743,0.3645675259266373,0.058711387367335055,0.556854580075265
optuna_top500_minus_current_raw,log2fc_33_pred_soft_q50_to_q95_AND_family_gap_high_soft_q20,0.35,0.39006251605118486,-0.0013814785363044368,0.8501374978200664,0.10430811720105043,0.12129866399587617,0.00486349916194193,0.016703585089214112,0.06369651840376278,0.9998326286492822,0.03110243904128424,0.23513741117855586,0.056439597984906484,0.364865686981039
optuna_top500_minus_current_raw,log2fc_33_pred_soft_q60_to_q95,0.25,0.39006353730545473,-0.001380457282034564,0.8502664396424474,0.18363335988203974,0.19405372856046413,0.004930815295616805,0.017608810506925466,0.05555618586503819,0.9997818750426651,0.024411847137348782,0.17710768572559388,0.04908509122077328,0.3044988818731091
seed10_top500_minus_current_raw,lf_mean_soft_q50_to_q95_AND_positive_delta_AND_family_gap_high_soft_q20,0.5,0.3900660182285814,-0.0013779763589079064,0.850659832966133,0.08287502717972095,0.0892623614092372,0.005166573262126861,0.01767232830739314,0.11989460320735024,0.9997723642967667,-0.011643497493188272,-0.04407143316526709,0.013861118240742052,0.07202507671244154
optuna_top500_minus_current_raw,lf_mean_soft_q50_to_q95_AND_family_gap_high_soft_q20,0.25,0.3900925483029751,-0.0013514462845142239,0.8503591076987169,0.11197542651977795,0.13088389038308987,0.004261966146896717,0.014884005568535846,0.06500715852777628,0.9998897820101488,0.025847183257751396,0.22298892745098933,0.05063623537793929,0.3711395787312299
seed10_top500_minus_current_raw,log2fc_33_pred_soft_q60_to_q95_MEAN_positive_delta_AND_family_gap_high_soft_q20,0.25,0.3901057844738786,-0.0013382101136106828,0.8502495804274662,0.20266444206018003,0.2048683071713992,0.005673649296211593,0.018257304133090103,0.06838218504149118,0.9997912080176123,-0.030864587990695146,-0.19570500979000768,-0.006708145169950123,-0.031076629634709592
optuna_top500_minus_current_raw,log2fc_33_pred_soft_q60_to_q95_AND_positive_delta_AND_family_gap_high_soft_q20,0.5,0.39011032852143895,-0.001333666066050343,0.8498903618920887,0.06510639409239223,0.08344528844673398,0.004959545955439558,0.017104062412047052,0.09077666067553736,0.9997713865565342,0.030904049590983605,0.19759907373813573,0.05590007935500387,0.30383220944530953
seed10_top500_minus_current_raw,log2fc_33_pred_soft_q60_to_q95_MEAN_positive_delta_AND_num_rings_high_soft_q20,0.35,0.39011492109408413,-0.001329073493405164,0.8504922618515282,0.18762988444987658,0.17662400528088182,0.006371053995594733,0.01969306021295321,0.06389040747007524,0.9997658756570416,-0.049627229744437146,-0.2993880498648489,-0.03152929106486575,-0.1681268785817095
seed10_top500_minus_current_raw,log2fc_33_pred_soft_q50_to_q95_MEAN_family_gap_high_soft_q20,0.25,0.3901170293361204,-0.0013269652513688834,0.8504014813786094,0.28884036099102905,0.30511890229418576,0.008303028894949367,0.023467975465301553,0.07438348621824886,0.9996933451088813,-0.0724302708017309,-0.3780749928211098,-0.04490222128400433,-0.2083420501591689
seed10_top500_minus_current_raw,log2fc_33_pred_soft_q60_to_q95_MEAN_positive_delta_AND_num_rings_high_soft_q20_AND_family_gap_high_soft_q20,0.25,0.3901343087711637,-0.001309685816325623,0.8504295547310966,0.2423272568953364,0.23883873554565024,0.006555390554824618,0.018129209181635634,0.05647483430355127,0.9998048963808681,-0.05904989690157999,-0.39752585288689307,-0.03763891992104763,-0.22480044012878084
seed10_top500_minus_current_raw,log2fc_33_pred_soft_q50_to_q95_MAX_positive_delta_AND_family_gap_high_soft_q20,0.15,0.39014123985872856,-0.0013027547287607355,0.8503090291137978,0.3488985287859253,0.36136790934005714,0.005994652559813415,0.018550049447912543,0.058638701029165574,0.9997747642046103,-0.037129057007824665,-0.23849021512052662,-0.012583154871877406,-0.0679466870640996
optuna_top500_minus_current_raw,log2fc_33_pred_soft_q60_to_q95_MEAN_num_rings_high_soft_q20,0.15,0.39014896503647795,-0.0012950295510113508,0.8502447657074024,0.28243664773490074,0.27311523335105725,0.0044746037160767185,0.010754337720704756,0.027456320417475588,0.9999389356782036,0.03060494874699238,0.3520780872712507,0.0528610437839906,0.5382036535393112
optuna_top500_minus_current_raw,positive_delta_AND_num_rings_high_soft_q20,0.15,0.39015097961856016,-0.0012930149689291404,0.8502858812520678,0.1821256038647343,0.17673814165042234,0.0028256672891756006,0.010219793624271745,0.03111001723543705,0.9999631125275902,0.018419397537161743,0.2861093358665748,0.03215028782411556,0.4259060795827378
seed10_top500_minus_current_raw,log2fc_33_pred_soft_q60_to_q95_MAX_positive_delta_AND_family_gap_high_soft_q20,0.15,0.39015248668481195,-0.0012915079026773468,0.8502558371959311,0.32390106115001016,0.3293922889360321,0.005556591648485839,0.01797039150691511,0.058638701029165574,0.9997871192857306,-0.03297750945556931,-0.2164802341934312,-0.008537414868833325,-0.044415132747187946
optuna_top500_minus_current_raw,lf_mean_soft_q50_to_q95_MEAN_positive_delta_AND_num_rings_high_soft_q20,0.15,0.39015824247824604,-0.0012857521092432544,0.8503126595175775,0.20412908559020643,0.21152383338358044,0.0035846172076769286,0.011626821612781413,0.026631286504934515,0.9999523573850321,0.021444408864106267,0.29739517968899887,0.04034877356017247,0.47731344950637744
seed10_top500_minus_current_raw,positive_delta_AND_num_rings_high_soft_q20,0.25,0.3901598731998582,-0.0012841213876311208,0.8505807176619251,0.19162640901771336,0.15919428200129954,0.004385821612776541,0.01663290900970864,0.055386631614077864,0.9998721826859627,-0.04125592703133602,-0.3230231049390944,-0.028992032332183185,-0.20121172816153407
optuna_top500_minus_current_raw,lf_mean_soft_q50_to_q95_AND_positive_delta_AND_family_gap_high_soft_q20,0.25,0.390164252358038,-0.0012797422294513194,0.8502282222311761,0.08956692956680154,0.11804737165069822,0.004107948696487336,0.014884005568535846,0.06500715852777628,0.9998945818258359,0.02539091023828319,0.22314861896030494,0.04969308330918771,0.3700726070278813
seed10_top500_minus_current_raw,positive_delta_AND_family_gap_high_soft_q20,0.15,0.390176410621963,-0.0012675839655262866,0.8501701937773383,0.22169552423832029,0.21568288578233427,0.003978968698324336,0.014404200594909256,0.058638701029165574,0.9998680939540812,-0.019253436312403963,-0.1454530469157755,0.0015801130237777152,0.02501421614733131
seed10_top500_minus_current_raw,lf_mean_soft_q50_to_q95_MAX_positive_delta_AND_family_gap_high_soft_q20,0.15,0.3901781813130264,-0.0012658132744629014,0.8502428541941996,0.3397520020266091,0.3485348933868363,0.005726599304563025,0.018550049447912543,0.058638701029165574,0.9997924524142718,-0.03545037851693516,-0.23473822037667003,-0.01170905713990069,-0.0642874435212851
optuna_top500_minus_current_raw,log2fc_33_pred_soft_q50_to_q95_AND_positive_delta_AND_family_gap_high_soft_q20,0.35,0.3901790735611684,-0.0012649210263209199,0.8499494194141243,0.07891998275378836,0.10500517591152535,0.004597632515824209,0.01601177085578147,0.06369651840376278,0.999842050509705,0.030370204357453367,0.2365049334720594,0.054913008894321255,0.3644531595966923
optuna_top500_minus_current_raw,lf_mean_soft_q50_to_q95,0.15,0.39018483437918744,-0.0012591602083018572,0.8502647869606131,0.22613256731567852,0.24630952511673845,0.004343567126178269,0.015308022802506649,0.042863686730932216,0.9998926263453707,0.024469420191051035,0.23320219472323292,0.04854725929622966,0.39489042130903335
seed10_top500_minus_current_raw,lf_mean_soft_q50_to_q95_MEAN_num_rings_high_soft_q20,0.25,0.39018576468287963,-0.0012582299046096646,0.8505354779805953,0.30368625145172007,0.2992431316291944,0.008058457480775832,0.019950739666347063,0.0739751055400486,0.9997809861879083,-0.06733648225445234,-0.39235998469810673,-0.04137956451365742,-0.2148996017532416
seed10_top500_minus_current_raw,lf_mean_soft_q50_to_q95_AND_family_gap_high_soft_q20,0.5,0.39018787745103656,-0.001256117136452739,0.8506460949479727,0.11197542651977795,0.13088389038308987,0.006726692659884521,0.021466258790291633,0.11989460320735024,0.9996884564077186,-0.03148615099340565,-0.13596564359724284,-0.008599586532847777,-0.02901112992817833
seed10_top500_minus_current_raw,log2fc_33_pred_soft_q60_to_q95_MEAN_family_gap_high_soft_q20,0.25,0.3901905965560227,-0.0012533980314666238,0.8503060625731584,0.2676776808341479,0.2786609623178256,0.0076401750258486565,0.021647369520863803,0.06838218504149118,0.9997302325812912,-0.06794688183670212,-0.3786582012206729,-0.0419623637154801,-0.2078335284417262
seed10_top500_minus_current_raw,log2fc_33_pred_soft_q50_to_q95_MAX_family_gap_high_soft_q20,0.15,0.39022098453736753,-0.0012230100501217644,0.850324969185697,0.43172196840082794,0.44187935328027517,0.007546404715550527,0.02140198488207581,0.06301281764095013,0.9997511206680777,-0.07171664003359306,-0.40740282103420633,-0.04378445956404913,-0.2212343120340753
seed10_top500_minus_current_raw,log2fc_33_pred_soft_q60_to_q95_MAX_family_gap_high_soft_q20,0.15,0.39023366083689315,-0.0012103337505961487,0.8502892474127812,0.4172694651886961,0.42368479348061183,0.007289782143401315,0.021294697146507603,0.06301281764095013,0.9997595647882679,-0.07039501688220788,-0.4049147271592679,-0.04284267154630066,-0.21912321049999045
seed10_top500_minus_current_raw,lf_mean_soft_q50_to_q95_MAX_family_gap_high_soft_q20,0.15,0.3902405815222613,-0.0012034130652279762,0.8502717349043821,0.42384287124686904,0.43210432773645624,0.00735968847934394,0.021294697146507603,0.06301281764095013,0.9997657867715659,-0.07088709332308012,-0.4096734263770125,-0.04365199225684298,-0.22430187289333406
optuna_top500_minus_current_raw,log2fc_33_pred_soft_q50_to_q95_MEAN_positive_delta_AND_num_rings_high_soft_q20,0.15,0.39025590613925293,-0.0011880884482363685,0.8501848334351199,0.20404216203026815,0.21185387508180342,0.0033524155005235008,0.010432514757942357,0.022461648991767724,0.9999512018738482,0.01989232193373058,0.2992318613156357,0.03665101486163419,0.47219918583348325
seed10_top500_minus_current_raw,lf_mean_soft_q50_to_q95_MAX_num_rings_high_soft_q20,0.15,0.3902762216355485,-0.0011677729519408153,0.8503128989006561,0.46631330223880607,0.4759286194487464,0.007892411967014675,0.018286487701325706,0.0887701266480585,0.9997994743668511,-0.06829967618470872,-0.40473642683317984,-0.041164543590082314,-0.2176729189625676
seed10_top500_minus_current_raw,log2fc_33_pred_soft_q50_to_q95_MEAN_num_rings_high_soft_q20,0.25,0.39027631808475294,-0.001167676502736359,0.8503355225041423,0.3035993278917818,0.2995731733274174,0.008020230347889588,0.019514168458819904,0.0739751055400486,0.9997685422213123,-0.06910106728369558,-0.4061303409385851,-0.0446935915823094,-0.23435570746684703
seed10_top500_minus_current_raw,family_gap_high_soft_q20,0.15,0.3902768246427834,-0.0011671699447058925,0.8502218904599592,0.35172200178625607,0.3632681960751871,0.006338799573888819,0.018912961895931526,0.06301281764095013,0.999810851707739,-0.06375218892761245,-0.40246460477996365,-0.04072494923085838,-0.22862103633396355
seed10_top500_minus_current_raw,lf_mean_soft_q50_to_q95,0.35,0.3902795130539483,-0.0011644815335409842,0.8505282042356952,0.22613256731567852,0.24630952511673845,0.00856498453886583,0.028193633913863182,0.09220814840091673,0.999531218001229,-0.049108812665202554,-0.195443803533191,-0.021422062264316134,-0.07423491330591474
seed10_top500_minus_current_raw,lf_mean_soft_q50_to_q95_MEAN_positive_delta_AND_num_rings_high_soft_q20,0.25,0.39029822707414985,-0.0011457675133394463,0.8503967854622284,0.20887948816669594,0.20275190355901904,0.005251833855983211,0.015329186884269852,0.05258110431855556,0.9998472947527707,-0.03816682518181196,-0.2903767719038378,-0.022146752689061806,-0.14790608459957227
optuna_top500_minus_current_raw,lf_mean_soft_q50_to_q95_AND_num_rings_high_soft_q20,0.35,0.39029995613259877,-0.001144038454890528,0.8505562167065798,0.10026735359132435,0.08354579665414649,0.0028755409137043754,0.01119508620878822,0.04169277157443396,0.9999426688681823,0.015430863521309044,0.19268299295548832,0.02879505999475663,0.30573228124393087
seed10_top500_minus_current_raw,log2fc_33_pred_soft_q50_to_q95_MAX_num_rings_high_soft_q20,0.15,0.39030045343851805,-0.00114354114897125,0.8503333785415991,0.4687050200921921,0.46917567064566057,0.0077941000375919105,0.017609184440371805,0.0887701266480585,0.9997874748276334,-0.06953497479367582,-0.4159028470641848,-0.04374719697240238,-0.23365072975136786
optuna_top500_minus_current_raw,log2fc_33_pred_soft_q50_to_q95_AND_num_rings_high_soft_q20,0.5,0.3903045421787091,-0.0011394524087802171,0.8502969316857091,0.09695890751254363,0.08561353419538169,0.0037098000829984567,0.013944150033344907,0.05956110224919087,0.9998847155380347,0.019262687118663736,0.18623854383177924,0.03444871896867137,0.2852940960785721
seed10_top500_minus_current_raw,log2fc_33_pred_soft_q60_to_q95_MAX_num_rings_high_soft_q20,0.15,0.3903295451217562,-0.0011144494657330806,0.8503157496816929,0.4553684000761269,0.4480443024420273,0.007452917920397004,0.01733567931033591,0.0887701266480585,0.9997995632523269,-0.06767445718339297,-0.414859702050037,-0.04287591893221899,-0.2347130338890028
optuna_top500_minus_current_raw,log2fc_33_pred_soft_q60_to_q95_AND_family_gap_high_soft_q20,0.35,0.3903496414250432,-0.0010943531624461045,0.8498464200881429,0.08646749596971656,0.09608444355042134,0.0036891660484255503,0.012728012782841172,0.06354366247287668,0.9998682717250326,0.022204834691523435,0.196569418997317,0.040447313420557594,0.30550649778933503
seed10_top500_minus_current_raw,log2fc_33_pred_soft_q60_to_q95_MEAN_num_rings_high_soft_q20,0.25,0.3903523946040289,-0.0010915999834604229,0.8502521580023117,0.28243664773490074,0.27311523335105725,0.007357376478788857,0.01831999966504121,0.0739751055400486,0.999801518732792,-0.06461767831866674,-0.40382558030252574,-0.04175373401378515,-0.2328311374631123
optuna_top500_minus_current_raw,log2fc_33_pred_soft_q60_to_q95_MEAN_positive_delta_AND_num_rings_high_soft_q20,0.15,0.39035556331945004,-0.0010884312680392583,0.850074718740963,0.182879481873387,0.18539593510544322,0.002892078233272829,0.009637036378912712,0.022335413343446575,0.9999599126504655,0.016533252909785547,0.2765607217582764,0.030800671278289764,0.4397560162341325
optuna_top500_minus_current_raw,log2fc_33_pred_soft_q50_to_q95,0.15,0.3903823146487117,-0.0010616799387775933,0.8500188690874741,0.22595872019580202,0.2469696085131845,0.003879163711871398,0.013210270274270642,0.034755691835631985,0.9998913819487112,0.021365246330299553,0.22520534857936605,0.04115174189915297,0.37310431059535004
seed10_top500_minus_current_raw,log2fc_33_pred_soft_q50_to_q95_MEAN_positive_delta_AND_num_rings_high_soft_q20,0.25,0.3903861098383432,-0.0010578847491460874,0.8501980405149717,0.2087925646067577,0.20308194525724202,0.005213606723096965,0.015003203426531365,0.04860320725891576,0.9998444504175485,-0.03993141021105524,-0.31038811200156596,-0.025460779757713922,-0.17511143718660918
seed10_top500_minus_current_raw,lf_mean_soft_q50_to_q95_AND_positive_delta_AND_family_gap_high_soft_q20,0.35,0.39039432338554436,-0.001049671201944935,0.8502489448911824,0.08287502717972095,0.0892623614092372,0.0036166012834888024,0.012370629815175251,0.0839262222451449,0.9998720049150115,-0.008150448245231812,-0.04407143316526733,0.009702782768519366,0.07202507671244121
optuna_top500_minus_current_raw,log2fc_33_pred_soft_q50_to_q95_AND_family_gap_high_soft_q20,0.25,0.39041265334123515,-0.0010313412462541471,0.8498505689156794,0.10430811720105043,0.12129866399587617,0.0034739279728156556,0.011931132206581381,0.04549751314554484,0.9999015148929393,0.022216027886631583,0.23513741117855552,0.040313998560647456,0.3648656869810382
seed10_top500_minus_current_raw,log2fc_33_pred_soft_q50_to_q95_MAX_positive_delta_AND_num_rings_high_soft_q20,0.15,0.39041746768622737,-0.001026526901261926,0.850237375357322,0.3345142007477684,0.33349217433315576,0.0051318511883423155,0.014718666117462222,0.047350948339805576,0.9998342285878447,-0.04198766893193136,-0.34043918819499097,-0.02824276590741996,-0.2034169163114305
seed10_top500_minus_current_raw,lf_mean_soft_q50_to_q95_MAX_positive_delta_AND_num_rings_high_soft_q20,0.15,0.39042174146699327,-0.0010222531204960306,0.8501920585592957,0.3284015391829227,0.33216401900703924,0.0051099989245263,0.015016039870873498,0.03951777788610755,0.9998471169818193,-0.040111945078950946,-0.3274121214505362,-0.025282293306743326,-0.1825307797569468
optuna_top500_minus_current_raw,lf_mean_soft_q50_to_q95_AND_positive_delta_AND_num_rings_high_soft_q20,0.35,0.39043430046060595,-0.0010096941268833426,0.8502362774590904,0.06366259955376365,0.06871249625149237,0.0026386446098460034,0.011068681897922343,0.04169277157443396,0.9999481797676749,0.01505561231940339,0.19710295290206473,0.027468968707447708,0.30432837913543254
seed10_top500_minus_current_raw,log2fc_33_pred_soft_q60_to_q95_MAX_positive_delta_AND_num_rings_high_soft_q20,0.15,0.3904387137772757,-0.0010052808102136157,0.8502028197207674,0.3078199439696435,0.29702239715541817,0.004583840293629865,0.013547003572441341,0.047350948339805576,0.9998486280349058,-0.03804233855772162,-0.3274246413358374,-0.025298790542638214,-0.19317602190985167
optuna_top500_minus_current_raw,log2fc_33_pred_soft_q60_to_q95_AND_positive_delta_AND_family_gap_high_soft_q20,0.35,0.39045379082561094,-0.000990203761878361,0.8496662091918408,0.06510639409239223,0.08344528844673398,0.003471682168807694,0.011972843688432813,0.06354366247287668,0.9998738715100008,0.02163283471368854,0.1975990737381356,0.03913005554850275,0.3038322094453095
seed10_top500_minus_current_raw,log2fc_33_pred_soft_q60_to_q95_MEAN_positive_delta_AND_num_rings_high_soft_q20,0.25,0.3904679184645386,-0.0009760761229506976,0.8500908086492505,0.18762988444987658,0.17662400528088182,0.004550752853996245,0.014066471580680686,0.04563600533576828,0.9998656051607621,-0.03544802124602646,-0.29938804986484785,-0.02252092218918971,-0.16812687858170852
seed10_top500_minus_current_raw,lf_mean_soft_q50_to_q95_AND_family_gap_high_soft_q20,0.35,0.39047555063887257,-0.0009684439486167262,0.8502474141416686,0.11197542651977795,0.13088389038308987,0.004708684861919167,0.015026381153204055,0.0839262222451449,0.9998230290179081,-0.022040305695383965,-0.13596564359724295,-0.006019710572993484,-0.029011129928178572
seed10_top500_minus_current_raw,lf_mean_soft_q50_to_q95_MEAN_positive_delta_AND_family_gap_high_soft_q20,0.15,0.3904896251300908,-0.0009543694573985184,0.8499665810922891,0.2239140457769994,0.23099620544953636,0.003824838178919126,0.012120824688060064,0.047349403556068204,0.9999009815800853,-0.02015003515588827,-0.19052251333845008,-0.003800385401893224,-0.024534120041419787
optuna_top500_minus_current_raw,log2fc_33_pred_soft_q50_to_q95_AND_positive_delta_AND_family_gap_high_soft_q20,0.25,0.39049688194330606,-0.0009471126441832345,0.8496971951371026,0.07891998275378836,0.10500517591152535,0.0032840232255887196,0.011436979182700925,0.04549751314554484,0.9999059591667238,0.021693003112466695,0.2365049334720589,0.03922357778165803,0.36445315959669106
seed10_top500_minus_current_raw,log2fc_33_pred_soft_q50_to_q95_AND_positive_delta_AND_family_gap_high_soft_q20,0.5,0.3904974537397851,-0.0009465408477041803,0.8497517931663133,0.07425584294886646,0.07732324080334389,0.004209957114908143,0.014898718662379552,0.10738903739406691,0.9998036519842084,-0.012364488421581426,-0.059460440506000786,0.005203851123344148,0.03707442966810487
seed10_top500_minus_current_raw,num_rings_high_soft_q20,0.15,0.3905069963809733,-0.0009369982065159932,0.8501943133770901,0.38123993558776165,0.3521767381416504,0.005999441317417055,0.01497734295533988,0.0887701266480585,0.9998728048842926,-0.059757144705970044,-0.419659984251931,-0.04047459358882455,-0.25375986867412237
seed10_top500_minus_current_raw,log2fc_33_pred_soft_q50_to_q95,0.35,0.39051579137366077,-0.0009282032138285268,0.8499504126298226,0.22595872019580202,0.2469696085131845,0.008457948566784354,0.026989351427979005,0.11048554612621331,0.9994632206123287,-0.05404965074708443,-0.21944973713859342,-0.03070133805654279,-0.11068750797873725
seed10_top500_minus_current_raw,lf_mean_soft_q50_to_q95,0.25,0.390519249844952,-0.0009247447425372868,0.8501601127141012,0.22613256731567852,0.24630952511673845,0.006117846099189877,0.020138309938473677,0.0658629631435117,0.9997411654948007,-0.03507772333228771,-0.19544380353319216,-0.015301473045940322,-0.07423491330591594
optuna_top500_minus_current_raw,log2fc_33_pred_soft_q50_to_q95_AND_positive_delta_AND_num_rings_high_soft_q20,0.5,0.3905282892076717,-0.0009157053798176107,0.8497547391594118,0.054920712908086866,0.06415549691800765,0.0031539782858124245,0.01299867453316317,0.05956110224919087,0.9999184920187955,0.018312485110297903,0.1964647659508566,0.031390592739033704,0.28595503874232975
seed10_top500_minus_current_raw,lf_mean_soft_q50_to_q95_MEAN_family_gap_high_soft_q20,0.15,0.39052937003744426,-0.0009146245500450401,0.8500009018273275,0.2889272845509673,0.3047888605959628,0.005004753616701361,0.01451272031455595,0.047349403556068204,0.9998714716021573,-0.0423994114634925,-0.3595635878802466,-0.024952916529211226,-0.18765687853457735
seed10_top500_minus_current_raw,log2fc_33_pred_soft_q50_to_q95_MEAN_positive_delta_AND_family_gap_high_soft_q20,0.15,0.3905433387017771,-0.0009006558857121982,0.8498527820464878,0.22382712221706116,0.23132624714775935,0.003801901899187381,0.011620684976831441,0.04463009173094967,0.999898492786766,-0.02120878617343448,-0.20934865508409103,-0.005788801643084751,-0.04514968915948635
optuna_top500_minus_current_raw,log2fc_33_pred_soft_q60_to_q95,0.15,0.3905793237751241,-0.000864670812365187,0.8498140881521195,0.18363335988203974,0.19405372856046413,0.002958489177370077,0.010565286304155208,0.03333371151902309,0.9999152032561952,0.014647108282409303,0.17710768572559413,0.02945105473246403,0.30449888187310936
seed10_top500_minus_current_raw,log2fc_33_pred_soft_q50_to_q95_MEAN_family_gap_high_soft_q20,0.15,0.3905836559393702,-0.0008603386481190745,0.8498831970576108,0.28884036099102905,0.30511890229418576,0.004981817336969619,0.014080785279181288,0.04463009173094967,0.9998672939848,-0.04345816248103866,-0.37807499282111096,-0.026941332770402702,-0.20834205015916982
seed10_top500_minus_current_raw,log2fc_33_pred_soft_q50_to_q95_AND_family_gap_high_soft_q20,0.5,0.3905838563059141,-0.0008601382815752179,0.8497840736066484,0.10430811720105043,0.12129866399587617,0.005973040535112101,0.02027961278639712,0.10738903739406691,0.9996961894441033,-0.034030332282278156,-0.17034025096796337,-0.018972428970075537,-0.08334681937840595
optuna_top500_minus_current_raw,log2fc_33_pred_soft_q60_to_q95_AND_num_rings_high_soft_q20,0.5,0.39059009233906594,-0.0008539022484233549,0.8499405371265516,0.0782659557370929,0.06546805238191206,0.002773226262888285,0.011669434865235398,0.05956110224919087,0.999917247622136,0.013817552830102992,0.15670231678412558,0.02489481175602406,0.24043434269496003
seed10_top500_minus_current_raw,lf_mean_soft_q50_to_q95_AND_positive_delta_AND_num_rings_high_soft_q20,0.5,0.3905901321485811,-0.0008538624389081706,0.8502861416900339,0.06528235985436662,0.05220017215523132,0.002773225535806935,0.008892809662513912,0.07599384468766957,0.9999259583987533,-0.012410081986681303,-0.09190936879609346,-0.0029864344539202357,-0.013554646462361018
seed10_top500_minus_current_raw,log2fc_33_pred_soft_q60_to_q95_MEAN_positive_delta_AND_family_gap_high_soft_q20,0.15,0.3905930061993677,-0.0008509883881215874,0.8497969591132581,0.20266444206018003,0.2048683071713992,0.003404189577726954,0.010954382479854275,0.04102931102489471,0.999912092264546,-0.01851875279441704,-0.19570500979000718,-0.0040248871019699945,-0.031076629634708818
optuna_top500_minus_current_raw,lf_mean_soft_q50_to_q95_AND_family_gap_high_soft_q20,0.15,0.39059824887446304,-0.000845745713026258,0.8498361327884774,0.11197542651977795,0.13088389038308987,0.0025571796881380194,0.00893040334112172,0.03900429511666559,0.9999494241643345,0.015508309954650626,0.22298892745098714,0.03038174122676334,0.3711395787312282
optuna_top500_minus_current_raw,lf_mean_soft_q50_to_q95_AND_num_rings_high_soft_q20,0.25,0.39061165781508855,-0.0008323367724007436,0.8501481663062098,0.10026735359132435,0.08354579665414649,0.0020539577955031208,0.007996490149134595,0.029780551124595434,0.9999678234578017,0.011022045372363643,0.19268299295548952,0.020567899996254774,0.3057322812439325
optuna_top500_minus_current_raw,log2fc_33_pred_soft_q50_to_q95_AND_num_rings_high_soft_q20,0.35,0.39061581914490084,-0.0008281754425884524,0.849952349425802,0.09695890751254363,0.08561353419538169,0.002596860058098914,0.009760905023341773,0.04169277157443396,0.9999411578150955,0.013483880983064595,0.18623854383177854,0.024114103278070006,0.285294096078572
seed10_top500_minus_current_raw,lf_mean_soft_q50_to_q95_AND_num_rings_high_soft_q20,0.5,0.39061894079664217,-0.00082505379084713,0.8504324920147435,0.10026735359132435,0.08354579665414649,0.003942305352369156,0.013192121110953543,0.07599384468766957,0.9998754714485631,-0.02545308447056971,-0.18043943484531438,-0.016083724506011473,-0.10087692395691857
optuna_top500_minus_current_raw,log2fc_33_pred_soft_q60_to_q95_AND_family_gap_high_soft_q20,0.25,0.39062201580457906,-0.0008219787829102376,0.8496216878288625,0.08646749596971656,0.09608444355042134,0.002635118606018241,0.00909143770202885,0.04538833033776868,0.9999254250858991,0.015860596208230913,0.1965694189973157,0.028890938157541044,0.3055064977893338
seed10_top500_minus_current_raw,log2fc_33_pred_soft_q60_to_q95_MEAN_positive_delta_AND_num_rings_high_soft_q20_AND_family_gap_high_soft_q20,0.15,0.3906272546102444,-0.0008167399772449069,0.8498946660522693,0.2423272568953364,0.23883873554565024,0.003933234332894772,0.010877525508981025,0.03388490058213023,0.9999161809964278,-0.035429938140948074,-0.3975258528868939,-0.02258335195262867,-0.2248004401287818
seed10_top500_minus_current_raw,log2fc_33_pred_soft_q60_to_q95_MEAN_family_gap_high_soft_q20,0.15,0.3906318482023397,-0.0008121463851495925,0.8498327820172802,0.2676776808341479,0.2786609623178256,0.004584105015509205,0.012988421712518069,0.04102931102489471,0.9998821378592396,-0.04076812910202129,-0.3786582012206726,-0.02517741822928805,-0.20783352844172587
seed10_top500_minus_current_raw,lf_mean_soft_q50_to_q95_AND_positive_delta_AND_family_gap_high_soft_q20,0.25,0.390640484979411,-0.00080350960807829,0.8499224433679643,0.08287502717972095,0.0892623614092372,0.0025832866310634313,0.00883616415369666,0.059947301603674674,0.9999243584601909,-0.0058217487465940946,-0.04407143316526685,0.006930559120371039,0.07202507671244192
optuna_top500_minus_current_raw,lf_mean_soft_q50_to_q95_AND_positive_delta_AND_family_gap_high_soft_q20,0.15,0.3906412713075007,-0.000802723279988593,0.8497574795079862,0.08956692956680154,0.11804737165069822,0.0024647692178923946,0.00893040334112172,0.03900429511666559,0.999951557415751,0.015234546142969747,0.22314861896030327,0.029815849985512417,0.3700726070278797
seed10_top500_minus_current_raw,positive_delta_AND_num_rings_high_soft_q20,0.15,0.3906445924719001,-0.0007994021155892095,0.8499941371202705,0.19162640901771336,0.15919428200129954,0.0026314929676659275,0.009979745405824936,0.03323197896844654,0.9999433799519877,-0.024753556218801615,-0.3230231049390947,-0.017395219399309905,-0.20121172816153407
seed10_top500_minus_current_raw,lf_mean_soft_q50_to_q95_MEAN_num_rings_high_soft_q20,0.15,0.39065220604141243,-0.0007917885460768659,0.8500054314185529,0.30368625145172007,0.2992431316291944,0.004835074488465493,0.011970443799808274,0.04438506332402925,0.9999153810271464,-0.04040188935267139,-0.3923599846981073,-0.02482773870819443,-0.2148996017532418
seed10_top500_minus_current_raw,lf_mean_soft_q50_to_q95_AND_family_gap_high_soft_q20,0.25,0.3906973621279284,-0.0007466324595609142,0.8499276963510083,0.11197542651977795,0.13088389038308987,0.003363346329942258,0.010733129395145372,0.059947301603674674,0.9998952929096413,-0.01574307549670273,-0.13596564359724247,-0.004299793266423789,-0.029011129928177604
optuna_top500_minus_current_raw,log2fc_33_pred_soft_q60_to_q95_AND_positive_delta_AND_family_gap_high_soft_q20,0.25,0.39069738147135313,-0.0007466131161361633,0.8494935027986235,0.06510639409239223,0.08344528844673398,0.002479772977719774,0.008552031206023793,0.04538833033776868,0.9999272916808885,0.015452024795491716,0.1975990737381345,0.027950039677501877,0.3038322094453086
seed10_top500_minus_current_raw,log2fc_33_pred_soft_q50_to_q95,0.25,0.3907020533450591,-0.0007419412424302108,0.8497734638881628,0.22595872019580202,0.2469696085131845,0.0060413918334173864,0.01927810816284232,0.07891824723300989,0.9997025891983528,-0.038606893390774506,-0.21944973713859295,-0.02192952718324477,-0.11068750797873683
seed10_top500_minus_current_raw,log2fc_33_pred_soft_q50_to_q95_AND_positive_delta_AND_family_gap_high_soft_q20,0.35,0.3907071188223861,-0.0007368757651031732,0.8495712568071112,0.07425584294886646,0.07732324080334389,0.0029469699804356873,0.010429103063665224,0.07517232617584657,0.9998848044235104,-0.008655141895106985,-0.05946044050600082,0.0036426957863408644,0.03707442966810462
seed10_top500_minus_current_raw,log2fc_33_pred_soft_q50_to_q95_MEAN_num_rings_high_soft_q20,0.15,0.3907073569271021,-0.0007366376603871738,0.8498803921914493,0.3035993278917818,0.2995731733274174,0.004812138208733736,0.011708501075292067,0.04438506332402925,0.9999085368455187,-0.041460640370217634,-0.40613034093858763,-0.026816154949386002,-0.23435570746685017
optuna_top500_minus_current_raw,lf_mean_soft_q50_to_q95_AND_positive_delta_AND_num_rings_high_soft_q20,0.25,0.390711415563673,-0.0007325790238162933,0.8499180597234693,0.06366259955376365,0.06871249625149237,0.0018847461498900009,0.007906201355658917,0.029780551124595434,0.9999712899913534,0.010754008799573906,0.1971029529020661,0.019620691933891293,0.30432837913543453
seed10_top500_minus_current_raw,log2fc_33_pred_soft_q60_to_q95_AND_positive_delta_AND_family_gap_high_soft_q20,0.5,0.3907115422480388,-0.0007324523394505178,0.8495081115082571,0.06266243578389483,0.06152547331410765,0.0032616715489068434,0.010176360797632891,0.10738903739406691,0.9998514723701278,-0.009659681800160228,-0.05388087546696025,0.0028307128979438378,0.025897714519686237
seed10_top500_minus_current_raw,log2fc_33_pred_soft_q60_to_q95,0.35,0.39072659687717987,-0.0007173977103094309,0.8496861824162317,0.18363335988203974,0.19405372856046413,0.006601957733302308,0.024224718174734684,0.11048554612621331,0.9995665055350765,-0.041496161645003714,-0.18743670660607875,-0.022469736864674832,-0.08999520680686866
seed10_top500_minus_current_raw,lf_mean_soft_q50_to_q95_MEAN_positive_delta_AND_num_rings_high_soft_q20,0.15,0.39073512295325863,-0.0007088716342306678,0.8499021060377672,0.20887948816669594,0.20275190355901904,0.00315110031358993,0.009197512130562125,0.03154866259113298,0.9999422244408038,-0.02290009510908717,-0.2903767719038388,-0.013288051613437088,-0.14790608459957297
seed10_top500_minus_current_raw,log2fc_33_pred_soft_q60_to_q95_MEAN_num_rings_high_soft_q20,0.15,0.39075750463935016,-0.0006864899481391351,0.8498330663005408,0.28243664773490074,0.27311523335105725,0.004414425887273321,0.010991999799024833,0.04438506332402925,0.9999255139713747,-0.038770606991200364,-0.4038255803025289,-0.025052240408271465,-0.2328311374631156
seed10_top500_minus_current_raw,log2fc_33_pred_soft_q50_to_q95_AND_family_gap_high_soft_q20,0.35,0.39076254249371156,-0.0006814520937777346,0.8495994055005813,0.10430811720105043,0.12129866399587617,0.00418112837457847,0.014195728950477896,0.07517232617584657,0.9998285399174007,-0.023821232597594718,-0.170340250967964,-0.013280700279052945,-0.08334681937840668
optuna_top500_minus_current_raw,log2fc_33_pred_soft_q50_to_q95_AND_positive_delta_AND_num_rings_high_soft_q20,0.35,0.3907845439980685,-0.0006594505894207958,0.8495676819577936,0.054920712908086866,0.06415549691800765,0.0022077848000686944,0.009099072173214574,0.04169277157443396,0.9999530684688376,0.012818739577208535,0.19646476595085635,0.021973414917323644,0.28595503874233
seed10_top500_minus_current_raw,log2fc_33_pred_soft_q60_to_q95_AND_family_gap_high_soft_q20,0.5,0.39078703839926027,-0.0006569561882290298,0.8495487132798437,0.08646749596971656,0.09608444355042134,0.0046017415849596045,0.016720002273913438,0.10738903739406691,0.999785341576217,-0.024503645560699613,-0.1437047256144389,-0.013482187925125195,-0.06922702287133763
seed10_top500_minus_current_raw,log2fc_33_pred_soft_q50_to_q95_MEAN_positive_delta_AND_num_rings_high_soft_q20,0.15,0.3907889521332167,-0.0006550424542726141,0.849775025416709,0.2087925646067577,0.20308194525724202,0.0031281640338581816,0.00900192205591921,0.029161924355348923,0.9999378690524953,-0.023958846126633408,-0.31038811200156924,-0.015276467854628651,-0.17511143718661265
optuna_top500_minus_current_raw,log2fc_33_pred_soft_q60_to_q95_AND_positive_delta_AND_num_rings_high_soft_q20,0.5,0.3907894570785992,-0.0006545375088901073,0.8494538488352067,0.04402265532203344,0.0514370530772697,0.002454168161301774,0.010907250358554244,0.05956110224919087,0.9999280916501698,0.013577132636152352,0.16551852039075082,0.023173523707216447,0.2393791724463683
optuna_top500_minus_current_raw,log2fc_33_pred_soft_q50_to_q95_AND_family_gap_high_soft_q20,0.15,0.39079932998357986,-0.0006446646039094395,0.8495355991289936,0.10430811720105043,0.12129866399587617,0.002084356783689401,0.007158679323948651,0.027298507887326906,0.9999581349409519,0.013329616731978947,0.23513741117855577,0.02418839913638848,0.364865686981039
optuna_top500_minus_current_raw,log2fc_33_pred_soft_q60_to_q95_AND_num_rings_high_soft_q20,0.35,0.39082010134213463,-0.0006238932453546675,0.8496992259613347,0.0782659557370929,0.06546805238191206,0.0019412583840217972,0.008168604405664939,0.04169277157443396,0.9999548461783514,0.009672286981072187,0.1567023167841264,0.017426368229216917,0.24043434269496047
seed10_top500_minus_current_raw,lf_mean_soft_q50_to_q95_AND_positive_delta_AND_num_rings_high_soft_q20,0.35,0.3908224694055525,-0.0006215251819368106,0.8499860134851113,0.06528235985436662,0.05220017215523132,0.0019412578750648522,0.00622496676375981,0.053195691281368696,0.9999538684381188,-0.008687057390676886,-0.0919093687960935,-0.0020905041177441803,-0.01355464646236125
seed10_top500_minus_current_raw,lf_mean_soft_q50_to_q95_AND_num_rings_high_soft_q20,0.35,0.390831788445612,-0.0006122061418772917,0.8501067258905488,0.10026735359132435,0.08354579665414649,0.002759613746658411,0.009234484777667622,0.053195691281368696,0.9999235584909097,-0.017817159129398817,-0.1804394348453149,-0.011258607154208103,-0.10087692395691943
seed10_top500_minus_current_raw,lf_mean_soft_q50_to_q95,0.15,0.3908377946851129,-0.0006061999023763698,0.849743088619197,0.22613256731567852,0.24630952511673845,0.00367070765951394,0.012082985963084703,0.03951777788610755,0.9998876487587323,-0.021046633999372625,-0.19544380353319124,-0.009180883827564126,-0.07423491330591506
optuna_top500_minus_current_raw,log2fc_33_pred_soft_q50_to_q95_AND_num_rings_high_soft_q20,0.25,0.3908385500663926,-0.0006054445210966763,0.8497133443203948,0.09695890751254363,0.08561353419538169,0.0018549000414992249,0.006972075016672542,0.029780551124595434,0.999967112373996,0.009631343559331838,0.18623854383177899,0.01722435948433564,0.28529409607857165
seed10_top500_minus_current_raw,log2fc_33_pred_soft_q60_to_q95_MEAN_positive_delta_AND_num_rings_high_soft_q20,0.15,0.390839997038587,-0.0006039975489022797,0.8497178391583723,0.18762988444987658,0.17662400528088182,0.0027304517123977546,0.00843988294840834,0.027381603201460436,0.9999454243179287,-0.021268812747616044,-0.2993880498648505,-0.013512553313513998,-0.16812687858171071
optuna_top500_minus_current_raw,log2fc_33_pred_soft_q50_to_q95_AND_positive_delta_AND_family_gap_high_soft_q20,0.15,0.39084986714482245,-0.0005941274426668475,0.8494454395638624,0.07891998275378836,0.10500517591152535,0.0019704139353532374,0.006862187509620378,0.027298507887326906,0.9999597348795141,0.013015801867480081,0.23650493347206047,0.023534146668994897,0.36445315959669317
seed10_top500_minus_current_raw,log2fc_33_pred_soft_q60_to_q95,0.25,0.39086426327786794,-0.0005797313096213563,0.8495554822993476,0.18363335988203974,0.19405372856046413,0.004715684095215937,0.01730337012480998,0.07891824723300989,0.9997519206373588,-0.029640115460717008,-0.18743670660607933,-0.016049812046196366,-0.08999520680686912
seed10_top500_minus_current_raw,log2fc_33_pred_soft_q60_to_q95_AND_positive_delta_AND_family_gap_high_soft_q20,0.35,0.3908701640433755,-0.000573830544113807,0.8493824392816033,0.06266243578389483,0.06152547331410765,0.002283170084234782,0.0071234525583429706,0.07517232617584657,0.9999120033790705,-0.006761777260112144,-0.05388087546696026,0.0019814990285606936,0.025897714519686317
seed10_top500_minus_current_raw,log2fc_33_pred_soft_q50_to_q95_AND_positive_delta_AND_family_gap_high_soft_q20,0.25,0.39087633221074836,-0.0005676623767409406,0.849434565010406,0.07425584294886646,0.07732324080334389,0.0021049785574540725,0.007449359331189776,0.0536945186970339,0.9999328025803811,-0.006182244210790717,-0.05946044050600071,0.00260192556167208,0.03707442966810486
seed10_top500_minus_current_raw,log2fc_33_pred_soft_q50_to_q95_AND_num_rings_high_soft_q20,0.5,0.3908816079023689,-0.0005623866851203752,0.8496678677927196,0.09695890751254363,0.08561353419538169,0.003938446494902053,0.014359407822014881,0.06538611919529558,0.9998629385964914,-0.02746025183964653,-0.20328913981577276,-0.01979930171970129,-0.13054334812050386
seed10_top500_minus_current_raw,log2fc_33_pred_soft_q50_to_q95_AND_family_gap_high_soft_q20,0.25,0.3909111811532272,-0.0005328134342620916,0.8494583057067402,0.10430811720105043,0.12129866399587617,0.0029865202675560566,0.010139806393198472,0.0536945186970339,0.9998940485129817,-0.017015166141139137,-0.17034025096796387,-0.00948621448503784,-0.08334681937840657
seed10_top500_minus_current_raw,log2fc_33_pred_soft_q60_to_q95_AND_family_gap_high_soft_q20,0.35,0.3909180349853392,-0.0005259596021500723,0.8494232129591591,0.08646749596971656,0.09608444355042134,0.003221219109471714,0.0117040015917393,0.07517232617584657,0.9998747603647578,-0.017152551892489633,-0.14370472561443837,-0.009437531547587544,-0.06922702287133704
optuna_top500_minus_current_raw,log2fc_33_pred_soft_q60_to_q95_AND_family_gap_high_soft_q20,0.15,0.3909259300923575,-0.0005180644951318092,0.8493862533448837,0.08646749596971656,0.09608444355042134,0.0015810711636109474,0.0054548626212172395,0.027232998202661562,0.9999653346644823,0.009516357724938692,0.19656941899731858,0.01733456289452482,0.3055064977893372
seed10_top500_minus_current_raw,log2fc_33_pred_soft_q50_to_q95_AND_positive_delta_AND_num_rings_high_soft_q20,0.5,0.39092795934994284,-0.0005160352375464528,0.8494479954073582,0.059362307481536036,0.048854957235555094,0.0024624180011644883,0.008287828684090231,0.06538611919529558,0.9999306693289646,-0.012153188596294872,-0.10099931529907644,-0.0053729626187455515,-0.036057429124688255
optuna_top500_minus_current_raw,lf_mean_soft_q50_to_q95_AND_num_rings_high_soft_q20,0.15,0.39092961657929903,-0.0005143780081902638,0.8497139111957605,0.10026735359132435,0.08354579665414649,0.0012323746773018837,0.00479789408948097,0.017868330674756905,0.9999868449495986,0.006613227223418153,0.1926829929554881,0.012340739997752885,0.3057322812439322
seed10_top500_minus_current_raw,lf_mean_soft_q50_to_q95_AND_positive_delta_AND_family_gap_high_soft_q20,0.15,0.3909336598794266,-0.0005103347080627207,0.8495754427555137,0.08287502717972095,0.0892623614092372,0.0015499719786380545,0.005301698492217889,0.03596838096220534,0.999970845563975,-0.0034930492479565024,-0.04407143316526742,0.004158335472222617,0.07202507671244147
optuna_top500_minus_current_raw,log2fc_33_pred_soft_q60_to_q95_AND_num_rings_high_soft_q20_AND_family_gap_high_soft_q20,0.5,0.39093446697780193,-0.0005095276096873658,0.8494109073498131,0.037211070894523114,0.03434009758700245,0.0016431872791540661,0.005216306917892592,0.05483499229295763,0.9999548461783514,0.009158746798062811,0.14781392140650493,0.01624370506915406,0.22271259825102444
