split,fold,model,family,leakage_free_retrain,n_val,mae,r2,spearman,bias,pred_std
umap_canonical,0,rdkit41_lgbm,2d,True,831,0.6003404739898787,0.4133333431874982,0.6118671688585535,0.1142731523400825,0.7542937368030979
umap_canonical,0,rdkit_full_lgbm,2d,True,831,0.5695409485890354,0.4811681467516039,0.6673336305861584,0.1039568233009217,0.7523599772320281
umap_canonical,0,mordred_lgbm,2d,True,831,0.5640236942773376,0.4881666675803824,0.6806295933392152,0.1095249034367724,0.7513564173267446
umap_canonical,0,morgan2048_lgbm,fingerprint,True,831,0.6387692737971147,0.4202118660628191,0.6493161000802312,0.1380006031350719,0.610044023003671
umap_canonical,0,rdkit_full_lf_pred_lgbm,2d_plus_log2fc_pred,True,831,0.407145290227535,0.7428182220401989,0.8413753368017386,0.0949014520435718,0.9104393623676248
umap_canonical,0,mordred_lf_pred_lgbm,2d_plus_log2fc_pred,True,831,0.4052082922779589,0.7463717635795535,0.8396976421832233,0.0779923909309409,0.9091003289988951
umap_canonical,0,rdkit_full_singleconc_jazzy_lgbm,2d_plus_aux_observed,True,831,0.4660814359791388,0.6347676011589427,0.8117638181931863,0.1033884746305064,0.8314005786059867
umap_canonical,0,mordred_singleconc_jazzy_lgbm,2d_plus_aux_observed,True,831,0.4704419727081508,0.6224648711909399,0.8134244072420107,0.1178943045715588,0.823446557633191
umap_canonical,1,rdkit41_lgbm,2d,True,830,0.5548122255674058,0.5767042709215037,0.706598128261505,0.0760535403880043,0.913427462638248
umap_canonical,1,rdkit_full_lgbm,2d,True,830,0.5273460769319985,0.6301095122446074,0.7452217734663534,0.064020564402524,0.9051476486088836
umap_canonical,1,mordred_lgbm,2d,True,830,0.5235420413544039,0.6342850863667477,0.7481566146151447,0.1068041893860955,0.8955400063257102
umap_canonical,1,morgan2048_lgbm,fingerprint,True,830,0.6230307475080448,0.5066287167995267,0.6908660698167055,0.1580653595842655,0.7029397652933763
umap_canonical,1,rdkit_full_lf_pred_lgbm,2d_plus_log2fc_pred,True,830,0.3745717296835043,0.8083118289781672,0.8814020965062652,0.0512571002556803,1.027655902891614
umap_canonical,1,mordred_lf_pred_lgbm,2d_plus_log2fc_pred,True,830,0.3852111539449276,0.7954135610968395,0.8765253890849223,0.0740078150999904,0.9967412183217184
umap_canonical,1,rdkit_full_singleconc_jazzy_lgbm,2d_plus_aux_observed,True,830,0.436699922233018,0.7216146935227044,0.8496811417205271,0.0635013006646614,0.961342312564646
umap_canonical,1,mordred_singleconc_jazzy_lgbm,2d_plus_aux_observed,True,830,0.4383703165115176,0.7195875015703657,0.8526024986342061,0.0549654888026147,0.9538158360247097
umap_canonical,2,rdkit41_lgbm,2d,True,829,0.5717300348470138,0.4121076117944861,0.6165916370322602,0.1468630705442819,0.7495779728478296
umap_canonical,2,rdkit_full_lgbm,2d,True,829,0.5398941750803972,0.4744253698817542,0.6780424102692172,0.1191642946443044,0.7404646959692427
umap_canonical,2,mordred_lgbm,2d,True,829,0.5225419574461094,0.5006237580269071,0.69871522653038,0.0928593585564316,0.730335463891216
umap_canonical,2,morgan2048_lgbm,fingerprint,True,829,0.6039157285793302,0.4127124343546384,0.6386113211116768,0.0722639348995755,0.6563530051107614
umap_canonical,2,rdkit_full_lf_pred_lgbm,2d_plus_log2fc_pred,True,829,0.4064518160328548,0.69272822271128,0.8418265524371709,-0.0247150198527329,0.9277115916443672
umap_canonical,2,mordred_lf_pred_lgbm,2d_plus_log2fc_pred,True,829,0.4098135654017588,0.6953705668222884,0.844196044541714,-0.0387274048508525,0.923648644506436
umap_canonical,2,rdkit_full_singleconc_jazzy_lgbm,2d_plus_aux_observed,True,829,0.4472114210207495,0.6127854205315443,0.7923048530587837,0.0496053373695768,0.8061919988159134
umap_canonical,2,mordred_singleconc_jazzy_lgbm,2d_plus_aux_observed,True,829,0.4518370092140097,0.6116294805292488,0.7965563499170375,0.0515404883950644,0.7826750164847218
umap_canonical,3,rdkit41_lgbm,2d,True,818,0.5242802532340372,0.4527719367520869,0.5883820875773264,0.0471606243011589,0.7544343160475764
umap_canonical,3,rdkit_full_lgbm,2d,True,818,0.4885868536305177,0.4928262899196146,0.6542400289989361,0.0304312932222694,0.7563442448358234
umap_canonical,3,mordred_lgbm,2d,True,818,0.4704505260201983,0.5145363593999956,0.6837870139455539,0.0509183373152345,0.7327595178502802
umap_canonical,3,morgan2048_lgbm,fingerprint,True,818,0.5650662702795266,0.3956410227799132,0.5733015894525986,-0.0211916291564914,0.6404235368974469
umap_canonical,3,rdkit_full_lf_pred_lgbm,2d_plus_log2fc_pred,True,818,0.3440395971276107,0.7552122582094863,0.8357479217886556,0.0051117139912665,0.8900231946554568
umap_canonical,3,mordred_lf_pred_lgbm,2d_plus_log2fc_pred,True,818,0.343338957380346,0.7537189505152899,0.8359214253281496,-0.0131313200340071,0.8822060541116554
umap_canonical,3,rdkit_full_singleconc_jazzy_lgbm,2d_plus_aux_observed,True,818,0.3919910669153441,0.6762137597710354,0.8073017114503972,0.0080862918196306,0.8166456599960031
umap_canonical,3,mordred_singleconc_jazzy_lgbm,2d_plus_aux_observed,True,818,0.391982799272911,0.6707655061437148,0.8089808375867377,-0.004236192197822,0.7940393769878386
umap_canonical,4,rdkit41_lgbm,2d,True,832,0.5831007514111075,0.5436436089503613,0.678082931969945,0.0549461476681283,0.8846625096656482
umap_canonical,4,rdkit_full_lgbm,2d,True,832,0.5479858659996386,0.590207647488199,0.7229155669455352,0.0404389795037965,0.8971384902814682
umap_canonical,4,mordred_lgbm,2d,True,832,0.5380748435147474,0.597861099048662,0.730945744186971,0.0404884098446102,0.9067912825968688
umap_canonical,4,morgan2048_lgbm,fingerprint,True,832,0.6016101747479246,0.5400575393885857,0.6957685210271577,0.0796106305592888,0.7833274134974305
umap_canonical,4,rdkit_full_lf_pred_lgbm,2d_plus_log2fc_pred,True,832,0.4095276502642789,0.7631211246949743,0.8548797541949942,0.0022715046257918,1.0449960356506098
umap_canonical,4,mordred_lf_pred_lgbm,2d_plus_log2fc_pred,True,832,0.4077483420353934,0.762949370366341,0.8547350786127103,0.0011497958499684,1.051725075241961
umap_canonical,4,rdkit_full_singleconc_jazzy_lgbm,2d_plus_aux_observed,True,832,0.4450382776426025,0.7127617875279717,0.8436081117898018,0.0504339901277832,0.9724841002689404
umap_canonical,4,mordred_singleconc_jazzy_lgbm,2d_plus_aux_observed,True,832,0.4457727564322453,0.70670970098144,0.8434994826903323,0.0525922852124449,0.954857654384066
public_adv_top513,0,rdkit41_lgbm,2d,True,513,0.5426603591382786,0.4262098318689261,0.5923431262045722,-0.1685957457098732,0.5903498005305018
public_adv_top513,0,rdkit_full_lgbm,2d,True,513,0.537026463694369,0.4391932237293316,0.6024027418709583,-0.17592109067329,0.5918807022742483
public_adv_top513,0,mordred_lgbm,2d,True,513,0.5170169765185666,0.466820550009846,0.6172633700684311,-0.1528567382141747,0.5870615298659431
public_adv_top513,0,morgan2048_lgbm,fingerprint,True,513,0.6117727667441216,0.2782148813485485,0.4395168419909939,-0.1409783788662278,0.5228117279411202
public_adv_top513,0,rdkit_full_lf_pred_lgbm,2d_plus_log2fc_pred,True,513,0.3745573510723097,0.7023487673805872,0.8203504444906947,-0.0901771863878394,0.7558734370984782
public_adv_top513,0,mordred_lf_pred_lgbm,2d_plus_log2fc_pred,True,513,0.3855452224138045,0.6882500600975695,0.814403766594865,-0.105500966082227,0.7527543948575696
public_adv_top513,0,rdkit_full_singleconc_jazzy_lgbm,2d_plus_aux_observed,True,513,0.397267166577087,0.642445014718916,0.828103796400884,-0.1193974437288272,0.7104945549645735
public_adv_top513,0,mordred_singleconc_jazzy_lgbm,2d_plus_aux_observed,True,513,0.4002410581037855,0.6442510423985547,0.8331418262874745,-0.0894978544158016,0.6934085232099538
public_testnn_top513,0,rdkit41_lgbm,2d,True,513,0.5427159403058103,0.5621706102239679,0.6602662170096497,-0.1298656299878747,0.7046816390154891
public_testnn_top513,0,rdkit_full_lgbm,2d,True,513,0.5334025145560799,0.5777489376075379,0.6730191175093541,-0.106660513949084,0.7078409527998958
public_testnn_top513,0,mordred_lgbm,2d,True,513,0.5240472900812884,0.5880180909998098,0.686718310194486,-0.1144945954484325,0.7278454735833598
public_testnn_top513,0,morgan2048_lgbm,fingerprint,True,513,0.5953906107022674,0.4690200453745177,0.5758810158105003,-0.0871660132702049,0.6217669726553948
public_testnn_top513,0,rdkit_full_lf_pred_lgbm,2d_plus_log2fc_pred,True,513,0.364199660507873,0.7843504534598147,0.8661892985828763,-0.051786920896596,0.8640250031971355
public_testnn_top513,0,mordred_lf_pred_lgbm,2d_plus_log2fc_pred,True,513,0.3596629645927057,0.7886004539839582,0.8660117465783307,-0.0616173761057675,0.865361537718465
public_testnn_top513,0,rdkit_full_singleconc_jazzy_lgbm,2d_plus_aux_observed,True,513,0.3958736452430408,0.7461521593972251,0.8516961217772923,-0.0640036178094842,0.8144095714086116
public_testnn_top513,0,mordred_singleconc_jazzy_lgbm,2d_plus_aux_observed,True,513,0.3999037288721721,0.7391308407938986,0.8503043273907223,-0.0725228299136639,0.8213337144612853
public_log2fc_top513,0,rdkit41_lgbm,2d,True,513,0.5083322302092929,-1.1002784768886975,0.3027786321822067,-0.3920721681445172,0.4107288699176756
public_log2fc_top513,0,rdkit_full_lgbm,2d,True,513,0.4508825961425528,-0.7033222947403281,0.3885243353130954,-0.3375004639910859,0.365778550265213
public_log2fc_top513,0,mordred_lgbm,2d,True,513,0.437311888069738,-0.5694382829431954,0.3799910660503344,-0.3120168358097418,0.3511613921206408
public_log2fc_top513,0,morgan2048_lgbm,fingerprint,True,513,0.4947476545179252,-0.8798359530675446,0.3236758052624282,-0.3981514637603476,0.3733935543767152
public_log2fc_top513,0,rdkit_full_lf_pred_lgbm,2d_plus_log2fc_pred,True,513,0.2748862618001922,0.3696025494294426,0.6377960975504543,-0.0077468720348495,0.276453166717398
public_log2fc_top513,0,mordred_lf_pred_lgbm,2d_plus_log2fc_pred,True,513,0.2785418086284689,0.3520323397594728,0.6316361945114237,0.0109973783057551,0.2612630349880683
public_log2fc_top513,0,rdkit_full_singleconc_jazzy_lgbm,2d_plus_aux_observed,True,513,0.3564911240690402,-0.1771519937432282,0.5087559110921682,-0.0889337308889922,0.4186045038857994
public_log2fc_top513,0,mordred_singleconc_jazzy_lgbm,2d_plus_aux_observed,True,513,0.356887921946395,-0.1572681294778242,0.510294175743057,-0.0634504031935795,0.4096736749023149
public_hybrid_nolabel_top513,0,rdkit41_lgbm,2d,True,513,0.5017124163064696,0.1011186965414202,0.4417624054741129,-0.2809197404276387,0.3921087290030144
public_hybrid_nolabel_top513,0,rdkit_full_lgbm,2d,True,513,0.4998184471136489,0.0915168105429596,0.4402976356516856,-0.2785635831711167,0.4005179060523688
public_hybrid_nolabel_top513,0,mordred_lgbm,2d,True,513,0.4695423014259561,0.1853083587156838,0.4805601133819005,-0.2315495657394125,0.3908583780688521
public_hybrid_nolabel_top513,0,morgan2048_lgbm,fingerprint,True,513,0.5456229679581326,-0.0844363909777481,0.3237345459930977,-0.3135199345525715,0.3883856834222468
public_hybrid_nolabel_top513,0,rdkit_full_lf_pred_lgbm,2d_plus_log2fc_pred,True,513,0.3300045405373494,0.5463351400843386,0.7584183092305867,-0.0808697240129985,0.4692821036779156
public_hybrid_nolabel_top513,0,mordred_lf_pred_lgbm,2d_plus_log2fc_pred,True,513,0.3348711914226848,0.5334724020060957,0.7536716557105675,-0.0856328924019741,0.4547927104503783
public_hybrid_nolabel_top513,0,rdkit_full_singleconc_jazzy_lgbm,2d_plus_aux_observed,True,513,0.3379741792573706,0.5381086307237457,0.7708882023779626,-0.1213602911932699,0.4758005104264389
public_hybrid_nolabel_top513,0,mordred_singleconc_jazzy_lgbm,2d_plus_aux_observed,True,513,0.3398412413241689,0.5274333264394522,0.7729747103957184,-0.1018464199210488,0.4624316438857292
public_hybrid_with_y_top513,0,rdkit41_lgbm,2d,True,513,0.5452097232421289,-0.987016213863035,0.3468443817283958,-0.4853562690071527,0.2792526310328326
public_hybrid_with_y_top513,0,rdkit_full_lgbm,2d,True,513,0.5444338327277195,-1.0223305191486172,0.3506258897329369,-0.4899438191890073,0.2839644735622764
public_hybrid_with_y_top513,0,mordred_lgbm,2d,True,513,0.5284717698757772,-0.9025527456654534,0.3332743928763612,-0.4611000527566749,0.2663639765877751
public_hybrid_with_y_top513,0,morgan2048_lgbm,fingerprint,True,513,0.6136411005999782,-1.5909664407397592,0.193098730255158,-0.5468113057328408,0.3515956260371034
public_hybrid_with_y_top513,0,rdkit_full_lf_pred_lgbm,2d_plus_log2fc_pred,True,513,0.3211967040120298,0.2064105796550112,0.6970651162386188,-0.2112330790425206,0.3132726891380114
public_hybrid_with_y_top513,0,mordred_lf_pred_lgbm,2d_plus_log2fc_pred,True,513,0.3380329543104752,0.122888344288953,0.6855204146116668,-0.239916547195723,0.283145016343833
public_hybrid_with_y_top513,0,rdkit_full_singleconc_jazzy_lgbm,2d_plus_aux_observed,True,513,0.3431343375633107,0.0061462477567745,0.652969330241798,-0.2520081231938715,0.3492205364086443
public_hybrid_with_y_top513,0,mordred_singleconc_jazzy_lgbm,2d_plus_aux_observed,True,513,0.3417867614125245,0.0297586926767113,0.6558411056603659,-0.251328005239226,0.3255966925875458
public_chembl_ext_nn_ge025,0,rdkit41_lgbm,2d,True,790,0.5412696707117727,0.5227542843338624,0.6358072247571273,0.0333508049928173,0.7941637065918697
public_chembl_ext_nn_ge025,0,rdkit_full_lgbm,2d,True,790,0.515596274565754,0.5731124125898314,0.7037624364866093,0.0382765686836421,0.8127670504248663
public_chembl_ext_nn_ge025,0,mordred_lgbm,2d,True,790,0.5125847155768897,0.5811355354050354,0.7124863803770318,0.0458716670078242,0.8077290466644843
public_chembl_ext_nn_ge025,0,morgan2048_lgbm,fingerprint,True,790,0.5746752958975461,0.4791052297787194,0.6490246579913924,0.0528925235904987,0.751023504912608
public_chembl_ext_nn_ge025,0,rdkit_full_lf_pred_lgbm,2d_plus_log2fc_pred,True,790,0.3939137738579179,0.7361533395602294,0.8447339178351018,0.0370744331164709,0.9399227252996656
public_chembl_ext_nn_ge025,0,mordred_lf_pred_lgbm,2d_plus_log2fc_pred,True,790,0.3976374266692552,0.7357089721483214,0.8398538244729732,0.0325305071869494,0.9332251007432067
public_chembl_ext_nn_ge025,0,rdkit_full_singleconc_jazzy_lgbm,2d_plus_aux_observed,True,790,0.4162593536677985,0.7080184662590169,0.8371428886598132,0.0293656543909374,0.8907824096281779
public_chembl_ext_nn_ge025,0,mordred_singleconc_jazzy_lgbm,2d_plus_aux_observed,True,790,0.4201378983996728,0.7007176670378794,0.8301711824172721,0.0292970966199342,0.8775826055608836
umap_canonical,0,current_pool_simple_mean_oof,oof_stack_diagnostic,False,831,0.4523245883392832,0.6839646672185101,0.8014104002888686,0.0895774946596584,0.8550245894438468
umap_canonical,0,current_pool_ridge_stack_oof,oof_stack_diagnostic,False,831,0.4054246107182654,0.7592021837024417,0.8372222487698261,0.0749321253593788,0.9467260505196928
umap_canonical,0,current_pool_caruana_stack_oof,oof_stack_diagnostic,False,831,0.410544271429295,0.7511844698593373,0.8342840953265087,0.0717027557357504,0.918173745475482
umap_canonical,1,current_pool_simple_mean_oof,oof_stack_diagnostic,False,830,0.4031466338795422,0.7886699331807491,0.8633143645138167,0.0337931589731022,0.9624050820338096
umap_canonical,1,current_pool_ridge_stack_oof,oof_stack_diagnostic,False,830,0.3728224623242988,0.8226168016125351,0.8799604691224578,0.0093284271984821,1.0232544831096266
umap_canonical,1,current_pool_caruana_stack_oof,oof_stack_diagnostic,False,830,0.3814653267667297,0.8136905313084908,0.8773154813139551,0.0243462853113996,0.9955020374702528
umap_canonical,2,current_pool_simple_mean_oof,oof_stack_diagnostic,False,829,0.421212725835549,0.6776802127154431,0.8226600723674953,-0.0132093214327233,0.8394837409632873
umap_canonical,2,current_pool_ridge_stack_oof,oof_stack_diagnostic,False,829,0.4075111479970835,0.697828049657939,0.8503705056533757,-0.0712295147133249,0.9492546040510976
umap_canonical,2,current_pool_caruana_stack_oof,oof_stack_diagnostic,False,829,0.4044012615061043,0.7055393900735633,0.8451060371848441,-0.0396728620417324,0.8957186879239593
umap_canonical,3,current_pool_simple_mean_oof,oof_stack_diagnostic,False,818,0.3809964711508716,0.6914580554351857,0.7927038027103973,-0.0139711689204179,0.810926333984007
umap_canonical,3,current_pool_ridge_stack_oof,oof_stack_diagnostic,False,818,0.3513802610510868,0.7492030633590288,0.8312356224583587,-0.008145007412131,0.8842590229849601
umap_canonical,3,current_pool_caruana_stack_oof,oof_stack_diagnostic,False,818,0.353127214828043,0.7450501743204244,0.8296884046406533,-0.0045038763542048,0.8575281443835054
umap_canonical,4,current_pool_simple_mean_oof,oof_stack_diagnostic,False,832,0.4356589099242647,0.7442915643873107,0.8413319230318579,-0.0104361773033936,0.9725372517504536
umap_canonical,4,current_pool_ridge_stack_oof,oof_stack_diagnostic,False,832,0.4168605301393259,0.7658307634466801,0.8505048258449146,-0.0016227955268003,1.0586549507748917
umap_canonical,4,current_pool_caruana_stack_oof,oof_stack_diagnostic,False,832,0.4191201836202187,0.7635602765204319,0.8520719519189028,-0.0002885821834553,1.018432168432044
public_adv_top513,0,current_pool_simple_mean_oof,oof_stack_diagnostic,False,513,0.3996971773401141,0.6742395258885758,0.7739171756908474,-0.0941756338344146,0.711032033684681
public_adv_top513,0,current_pool_ridge_stack_oof,oof_stack_diagnostic,False,513,0.3720144675943714,0.7185305999538241,0.8200282733281133,-0.0948717480131176,0.7914551671538642
public_adv_top513,0,current_pool_caruana_stack_oof,oof_stack_diagnostic,False,513,0.3726806808536542,0.7200736720173382,0.8180174701718395,-0.0829310131590383,0.7666546484944142
public_testnn_top513,0,current_pool_simple_mean_oof,oof_stack_diagnostic,False,513,0.4013667436128368,0.743363769299154,0.8268295968813587,-0.0685980162642233,0.8303197644110836
public_testnn_top513,0,current_pool_ridge_stack_oof,oof_stack_diagnostic,False,513,0.3600186226701194,0.7903300111631151,0.8641796498866211,-0.0624728169124924,0.8923486372546324
public_testnn_top513,0,current_pool_caruana_stack_oof,oof_stack_diagnostic,False,513,0.3658086764845786,0.787193541829426,0.8593832569247795,-0.0547605339854057,0.8704655405825955
public_log2fc_top513,0,current_pool_simple_mean_oof,oof_stack_diagnostic,False,513,0.3084263513696021,0.1679275680333071,0.5552930056644299,-0.0667317139867427,0.2927617622917746
public_log2fc_top513,0,current_pool_ridge_stack_oof,oof_stack_diagnostic,False,513,0.2848320344539751,0.3264222642638301,0.6100003561968642,0.02711244696866,0.2707162384748129
public_log2fc_top513,0,current_pool_caruana_stack_oof,oof_stack_diagnostic,False,513,0.2834399292589356,0.3304365609684184,0.6161695925569974,-0.0012427781019548,0.2627373451341446
public_hybrid_nolabel_top513,0,current_pool_simple_mean_oof,oof_stack_diagnostic,False,513,0.3625366560163657,0.4793352447500509,0.6874259705798058,-0.0895793662113572,0.4455674567668025
public_hybrid_nolabel_top513,0,current_pool_ridge_stack_oof,oof_stack_diagnostic,False,513,0.3255079295856672,0.5784568336481006,0.7608278799952926,-0.0634442837177422,0.4821811359344768
public_hybrid_nolabel_top513,0,current_pool_caruana_stack_oof,oof_stack_diagnostic,False,513,0.3309216531369732,0.5702757081488019,0.7533879702636308,-0.0619801239462391,0.4667098192352252
public_hybrid_with_y_top513,0,current_pool_simple_mean_oof,oof_stack_diagnostic,False,513,0.3460736191680282,0.0718825607796719,0.5786516135172269,-0.2075045504493693,0.2856042277491449
public_hybrid_with_y_top513,0,current_pool_ridge_stack_oof,oof_stack_diagnostic,False,513,0.3157083622994912,0.2277799492965184,0.6752026008656955,-0.1872473485607469,0.321547479773636
public_hybrid_with_y_top513,0,current_pool_caruana_stack_oof,oof_stack_diagnostic,False,513,0.3103054520728772,0.254495673066254,0.6678088736064287,-0.165763145525976,0.309136223164963
public_chembl_ext_nn_ge025,0,current_pool_simple_mean_oof,oof_stack_diagnostic,False,790,0.4235157464423836,0.7029148798642366,0.8130508602711018,0.0171233544331489,0.8702351806327178
public_chembl_ext_nn_ge025,0,current_pool_ridge_stack_oof,oof_stack_diagnostic,False,790,0.3909087326577802,0.7512095909949235,0.8457152619229323,-0.0047602851942231,0.9444838094882194
public_chembl_ext_nn_ge025,0,current_pool_caruana_stack_oof,oof_stack_diagnostic,False,790,0.3960455320024338,0.745755952638333,0.8429812525549102,0.0100934112040356,0.9158991609142728
