split,model,family,leakage_free_retrain,folds,n_val_mean,mae,mae_std,r2,spearman,bias,pred_std,rank_mae,rank_spearman,rank_mae_within_kind,rank_spearman_within_kind
public_adv_top513,current_pool_ridge_stack_oof,oof_stack_diagnostic,False,1,513.0,0.3720144675943714,0.0,0.7185305999538241,0.8200282733281133,-0.0948717480131176,0.7914551671538642,1.0,4.0,1.0,1.0
public_adv_top513,current_pool_caruana_stack_oof,oof_stack_diagnostic,False,1,513.0,0.3726806808536542,0.0,0.7200736720173382,0.8180174701718395,-0.0829310131590383,0.7666546484944142,2.0,5.0,2.0,2.0
public_adv_top513,rdkit_full_lf_pred_lgbm,2d_plus_log2fc_pred,True,1,513.0,0.3745573510723097,0.0,0.7023487673805872,0.8203504444906947,-0.0901771863878394,0.7558734370984782,3.0,3.0,1.0,3.0
public_adv_top513,mordred_lf_pred_lgbm,2d_plus_log2fc_pred,True,1,513.0,0.3855452224138045,0.0,0.6882500600975695,0.814403766594865,-0.105500966082227,0.7527543948575696,4.0,6.0,2.0,4.0
public_adv_top513,rdkit_full_singleconc_jazzy_lgbm,2d_plus_aux_observed,True,1,513.0,0.397267166577087,0.0,0.642445014718916,0.828103796400884,-0.1193974437288272,0.7104945549645735,5.0,2.0,3.0,2.0
public_adv_top513,current_pool_simple_mean_oof,oof_stack_diagnostic,False,1,513.0,0.3996971773401141,0.0,0.6742395258885758,0.7739171756908474,-0.0941756338344146,0.711032033684681,6.0,7.0,3.0,3.0
public_adv_top513,mordred_singleconc_jazzy_lgbm,2d_plus_aux_observed,True,1,513.0,0.4002410581037855,0.0,0.6442510423985547,0.8331418262874745,-0.0894978544158016,0.6934085232099538,7.0,1.0,4.0,1.0
public_adv_top513,mordred_lgbm,2d,True,1,513.0,0.5170169765185666,0.0,0.466820550009846,0.6172633700684311,-0.1528567382141747,0.5870615298659431,8.0,8.0,5.0,5.0
public_adv_top513,rdkit_full_lgbm,2d,True,1,513.0,0.537026463694369,0.0,0.4391932237293316,0.6024027418709583,-0.17592109067329,0.5918807022742483,9.0,9.0,6.0,6.0
public_adv_top513,rdkit41_lgbm,2d,True,1,513.0,0.5426603591382786,0.0,0.4262098318689261,0.5923431262045722,-0.1685957457098732,0.5903498005305018,10.0,10.0,7.0,7.0
public_adv_top513,morgan2048_lgbm,fingerprint,True,1,513.0,0.6117727667441216,0.0,0.2782148813485485,0.4395168419909939,-0.1409783788662278,0.5228117279411202,11.0,11.0,8.0,8.0
public_chembl_ext_nn_ge025,current_pool_ridge_stack_oof,oof_stack_diagnostic,False,1,790.0,0.3909087326577802,0.0,0.7512095909949235,0.8457152619229323,-0.0047602851942231,0.9444838094882194,1.0,1.0,1.0,1.0
public_chembl_ext_nn_ge025,rdkit_full_lf_pred_lgbm,2d_plus_log2fc_pred,True,1,790.0,0.3939137738579179,0.0,0.7361533395602294,0.8447339178351018,0.0370744331164709,0.9399227252996656,2.0,2.0,1.0,1.0
public_chembl_ext_nn_ge025,current_pool_caruana_stack_oof,oof_stack_diagnostic,False,1,790.0,0.3960455320024338,0.0,0.745755952638333,0.8429812525549102,0.0100934112040356,0.9158991609142728,3.0,3.0,2.0,2.0
public_chembl_ext_nn_ge025,mordred_lf_pred_lgbm,2d_plus_log2fc_pred,True,1,790.0,0.3976374266692552,0.0,0.7357089721483214,0.8398538244729732,0.0325305071869494,0.9332251007432067,4.0,4.0,2.0,2.0
public_chembl_ext_nn_ge025,rdkit_full_singleconc_jazzy_lgbm,2d_plus_aux_observed,True,1,790.0,0.4162593536677985,0.0,0.7080184662590169,0.8371428886598132,0.0293656543909374,0.8907824096281779,5.0,5.0,3.0,3.0
public_chembl_ext_nn_ge025,mordred_singleconc_jazzy_lgbm,2d_plus_aux_observed,True,1,790.0,0.4201378983996728,0.0,0.7007176670378794,0.8301711824172721,0.0292970966199342,0.8775826055608836,6.0,6.0,4.0,4.0
public_chembl_ext_nn_ge025,current_pool_simple_mean_oof,oof_stack_diagnostic,False,1,790.0,0.4235157464423836,0.0,0.7029148798642366,0.8130508602711018,0.0171233544331489,0.8702351806327178,7.0,7.0,3.0,3.0
public_chembl_ext_nn_ge025,mordred_lgbm,2d,True,1,790.0,0.5125847155768897,0.0,0.5811355354050354,0.7124863803770318,0.0458716670078242,0.8077290466644843,8.0,8.0,5.0,5.0
public_chembl_ext_nn_ge025,rdkit_full_lgbm,2d,True,1,790.0,0.515596274565754,0.0,0.5731124125898314,0.7037624364866093,0.0382765686836421,0.8127670504248663,9.0,9.0,6.0,6.0
public_chembl_ext_nn_ge025,rdkit41_lgbm,2d,True,1,790.0,0.5412696707117727,0.0,0.5227542843338624,0.6358072247571273,0.0333508049928173,0.7941637065918697,10.0,11.0,7.0,8.0
public_chembl_ext_nn_ge025,morgan2048_lgbm,fingerprint,True,1,790.0,0.5746752958975461,0.0,0.4791052297787194,0.6490246579913924,0.0528925235904987,0.751023504912608,11.0,10.0,8.0,7.0
public_hybrid_nolabel_top513,current_pool_ridge_stack_oof,oof_stack_diagnostic,False,1,513.0,0.3255079295856672,0.0,0.5784568336481006,0.7608278799952926,-0.0634442837177422,0.4821811359344768,1.0,3.0,1.0,1.0
public_hybrid_nolabel_top513,rdkit_full_lf_pred_lgbm,2d_plus_log2fc_pred,True,1,513.0,0.3300045405373494,0.0,0.5463351400843386,0.7584183092305867,-0.0808697240129985,0.4692821036779156,2.0,4.0,1.0,3.0
public_hybrid_nolabel_top513,current_pool_caruana_stack_oof,oof_stack_diagnostic,False,1,513.0,0.3309216531369732,0.0,0.5702757081488019,0.7533879702636308,-0.0619801239462391,0.4667098192352252,3.0,6.0,2.0,2.0
public_hybrid_nolabel_top513,mordred_lf_pred_lgbm,2d_plus_log2fc_pred,True,1,513.0,0.3348711914226848,0.0,0.5334724020060957,0.7536716557105675,-0.0856328924019741,0.4547927104503783,4.0,5.0,2.0,4.0
public_hybrid_nolabel_top513,rdkit_full_singleconc_jazzy_lgbm,2d_plus_aux_observed,True,1,513.0,0.3379741792573706,0.0,0.5381086307237457,0.7708882023779626,-0.1213602911932699,0.4758005104264389,5.0,2.0,3.0,2.0
public_hybrid_nolabel_top513,mordred_singleconc_jazzy_lgbm,2d_plus_aux_observed,True,1,513.0,0.3398412413241689,0.0,0.5274333264394522,0.7729747103957184,-0.1018464199210488,0.4624316438857292,6.0,1.0,4.0,1.0
public_hybrid_nolabel_top513,current_pool_simple_mean_oof,oof_stack_diagnostic,False,1,513.0,0.3625366560163657,0.0,0.4793352447500509,0.6874259705798058,-0.0895793662113572,0.4455674567668025,7.0,7.0,3.0,3.0
public_hybrid_nolabel_top513,mordred_lgbm,2d,True,1,513.0,0.4695423014259561,0.0,0.1853083587156838,0.4805601133819005,-0.2315495657394125,0.3908583780688521,8.0,8.0,5.0,5.0
public_hybrid_nolabel_top513,rdkit_full_lgbm,2d,True,1,513.0,0.4998184471136489,0.0,0.0915168105429596,0.4402976356516856,-0.2785635831711167,0.4005179060523688,9.0,10.0,6.0,7.0
public_hybrid_nolabel_top513,rdkit41_lgbm,2d,True,1,513.0,0.5017124163064696,0.0,0.1011186965414202,0.4417624054741129,-0.2809197404276387,0.3921087290030144,10.0,9.0,7.0,6.0
public_hybrid_nolabel_top513,morgan2048_lgbm,fingerprint,True,1,513.0,0.5456229679581326,0.0,-0.0844363909777481,0.3237345459930977,-0.3135199345525715,0.3883856834222468,11.0,11.0,8.0,8.0
public_hybrid_with_y_top513,current_pool_caruana_stack_oof,oof_stack_diagnostic,False,1,513.0,0.3103054520728772,0.0,0.254495673066254,0.6678088736064287,-0.165763145525976,0.309136223164963,1.0,4.0,1.0,2.0
public_hybrid_with_y_top513,current_pool_ridge_stack_oof,oof_stack_diagnostic,False,1,513.0,0.3157083622994912,0.0,0.2277799492965184,0.6752026008656955,-0.1872473485607469,0.321547479773636,2.0,3.0,2.0,1.0
public_hybrid_with_y_top513,rdkit_full_lf_pred_lgbm,2d_plus_log2fc_pred,True,1,513.0,0.3211967040120298,0.0,0.2064105796550112,0.6970651162386188,-0.2112330790425206,0.3132726891380114,3.0,1.0,1.0,1.0
public_hybrid_with_y_top513,mordred_lf_pred_lgbm,2d_plus_log2fc_pred,True,1,513.0,0.3380329543104752,0.0,0.122888344288953,0.6855204146116668,-0.239916547195723,0.283145016343833,4.0,2.0,2.0,2.0
public_hybrid_with_y_top513,mordred_singleconc_jazzy_lgbm,2d_plus_aux_observed,True,1,513.0,0.3417867614125245,0.0,0.0297586926767113,0.6558411056603659,-0.251328005239226,0.3255966925875458,5.0,5.0,3.0,3.0
public_hybrid_with_y_top513,rdkit_full_singleconc_jazzy_lgbm,2d_plus_aux_observed,True,1,513.0,0.3431343375633107,0.0,0.0061462477567745,0.652969330241798,-0.2520081231938715,0.3492205364086443,6.0,6.0,4.0,4.0
public_hybrid_with_y_top513,current_pool_simple_mean_oof,oof_stack_diagnostic,False,1,513.0,0.3460736191680282,0.0,0.0718825607796719,0.5786516135172269,-0.2075045504493693,0.2856042277491449,7.0,7.0,3.0,3.0
public_hybrid_with_y_top513,mordred_lgbm,2d,True,1,513.0,0.5284717698757772,0.0,-0.9025527456654534,0.3332743928763612,-0.4611000527566749,0.2663639765877751,8.0,10.0,5.0,7.0
public_hybrid_with_y_top513,rdkit_full_lgbm,2d,True,1,513.0,0.5444338327277195,0.0,-1.0223305191486172,0.3506258897329369,-0.4899438191890073,0.2839644735622764,9.0,8.0,6.0,5.0
public_hybrid_with_y_top513,rdkit41_lgbm,2d,True,1,513.0,0.5452097232421289,0.0,-0.987016213863035,0.3468443817283958,-0.4853562690071527,0.2792526310328326,10.0,9.0,7.0,6.0
public_hybrid_with_y_top513,morgan2048_lgbm,fingerprint,True,1,513.0,0.6136411005999782,0.0,-1.5909664407397592,0.193098730255158,-0.5468113057328408,0.3515956260371034,11.0,11.0,8.0,8.0
public_log2fc_top513,rdkit_full_lf_pred_lgbm,2d_plus_log2fc_pred,True,1,513.0,0.2748862618001922,0.0,0.3696025494294426,0.6377960975504543,-0.0077468720348495,0.276453166717398,1.0,1.0,1.0,1.0
public_log2fc_top513,mordred_lf_pred_lgbm,2d_plus_log2fc_pred,True,1,513.0,0.2785418086284689,0.0,0.3520323397594728,0.6316361945114237,0.0109973783057551,0.2612630349880683,2.0,2.0,2.0,2.0
public_log2fc_top513,current_pool_caruana_stack_oof,oof_stack_diagnostic,False,1,513.0,0.2834399292589356,0.0,0.3304365609684184,0.6161695925569974,-0.0012427781019548,0.2627373451341446,3.0,3.0,1.0,1.0
public_log2fc_top513,current_pool_ridge_stack_oof,oof_stack_diagnostic,False,1,513.0,0.2848320344539751,0.0,0.3264222642638301,0.6100003561968642,0.02711244696866,0.2707162384748129,4.0,4.0,2.0,2.0
public_log2fc_top513,current_pool_simple_mean_oof,oof_stack_diagnostic,False,1,513.0,0.3084263513696021,0.0,0.1679275680333071,0.5552930056644299,-0.0667317139867427,0.2927617622917746,5.0,5.0,3.0,3.0
public_log2fc_top513,rdkit_full_singleconc_jazzy_lgbm,2d_plus_aux_observed,True,1,513.0,0.3564911240690402,0.0,-0.1771519937432282,0.5087559110921682,-0.0889337308889922,0.4186045038857994,6.0,7.0,3.0,4.0
public_log2fc_top513,mordred_singleconc_jazzy_lgbm,2d_plus_aux_observed,True,1,513.0,0.356887921946395,0.0,-0.1572681294778242,0.510294175743057,-0.0634504031935795,0.4096736749023149,7.0,6.0,4.0,3.0
public_log2fc_top513,mordred_lgbm,2d,True,1,513.0,0.437311888069738,0.0,-0.5694382829431954,0.3799910660503344,-0.3120168358097418,0.3511613921206408,8.0,9.0,5.0,6.0
public_log2fc_top513,rdkit_full_lgbm,2d,True,1,513.0,0.4508825961425528,0.0,-0.7033222947403281,0.3885243353130954,-0.3375004639910859,0.365778550265213,9.0,8.0,6.0,5.0
public_log2fc_top513,morgan2048_lgbm,fingerprint,True,1,513.0,0.4947476545179252,0.0,-0.8798359530675446,0.3236758052624282,-0.3981514637603476,0.3733935543767152,10.0,10.0,7.0,7.0
public_log2fc_top513,rdkit41_lgbm,2d,True,1,513.0,0.5083322302092929,0.0,-1.1002784768886975,0.3027786321822067,-0.3920721681445172,0.4107288699176756,11.0,11.0,8.0,8.0
public_testnn_top513,mordred_lf_pred_lgbm,2d_plus_log2fc_pred,True,1,513.0,0.3596629645927057,0.0,0.7886004539839582,0.8660117465783307,-0.0616173761057675,0.865361537718465,1.0,2.0,1.0,2.0
public_testnn_top513,current_pool_ridge_stack_oof,oof_stack_diagnostic,False,1,513.0,0.3600186226701194,0.0,0.7903300111631151,0.8641796498866211,-0.0624728169124924,0.8923486372546324,2.0,3.0,1.0,1.0
public_testnn_top513,rdkit_full_lf_pred_lgbm,2d_plus_log2fc_pred,True,1,513.0,0.364199660507873,0.0,0.7843504534598147,0.8661892985828763,-0.051786920896596,0.8640250031971355,3.0,1.0,2.0,1.0
public_testnn_top513,current_pool_caruana_stack_oof,oof_stack_diagnostic,False,1,513.0,0.3658086764845786,0.0,0.787193541829426,0.8593832569247795,-0.0547605339854057,0.8704655405825955,4.0,4.0,2.0,2.0
public_testnn_top513,rdkit_full_singleconc_jazzy_lgbm,2d_plus_aux_observed,True,1,513.0,0.3958736452430408,0.0,0.7461521593972251,0.8516961217772923,-0.0640036178094842,0.8144095714086116,5.0,5.0,3.0,3.0
public_testnn_top513,mordred_singleconc_jazzy_lgbm,2d_plus_aux_observed,True,1,513.0,0.3999037288721721,0.0,0.7391308407938986,0.8503043273907223,-0.0725228299136639,0.8213337144612853,6.0,6.0,4.0,4.0
public_testnn_top513,current_pool_simple_mean_oof,oof_stack_diagnostic,False,1,513.0,0.4013667436128368,0.0,0.743363769299154,0.8268295968813587,-0.0685980162642233,0.8303197644110836,7.0,7.0,3.0,3.0
public_testnn_top513,mordred_lgbm,2d,True,1,513.0,0.5240472900812884,0.0,0.5880180909998098,0.686718310194486,-0.1144945954484325,0.7278454735833598,8.0,8.0,5.0,5.0
public_testnn_top513,rdkit_full_lgbm,2d,True,1,513.0,0.5334025145560799,0.0,0.5777489376075379,0.6730191175093541,-0.106660513949084,0.7078409527998958,9.0,9.0,6.0,6.0
public_testnn_top513,rdkit41_lgbm,2d,True,1,513.0,0.5427159403058103,0.0,0.5621706102239679,0.6602662170096497,-0.1298656299878747,0.7046816390154891,10.0,10.0,7.0,7.0
public_testnn_top513,morgan2048_lgbm,fingerprint,True,1,513.0,0.5953906107022674,0.0,0.4690200453745177,0.5758810158105003,-0.0871660132702049,0.6217669726553948,11.0,11.0,8.0,8.0
umap_canonical,rdkit_full_lf_pred_lgbm,2d_plus_log2fc_pred,True,5,828.0,0.38834721666715677,0.028647356099795098,0.7524383313268214,0.851046332345765,0.025765350212715497,0.9601652174419346,1.0,1.0,1.0,1.0
umap_canonical,mordred_lf_pred_lgbm,2d_plus_log2fc_pred,True,5,828.0,0.39026406220807697,0.028012097715052454,0.7507648424760625,0.8502151159501439,0.02025825539920802,0.9526842642361331,2.0,2.0,2.0,2.0
umap_canonical,current_pool_ridge_stack_oof,oof_stack_diagnostic,False,5,828.0,0.3907998024460121,0.027610689128807202,0.758936172355725,0.8498587343697865,0.000652646981120941,0.9724298222880539,3.0,3.0,1.0,1.0
umap_canonical,current_pool_caruana_stack_oof,oof_stack_diagnostic,False,5,828.0,0.3937316516300781,0.02664706986564222,0.7558049684164495,0.8476931940769727,0.010316744093551499,0.9370709567370487,4.0,4.0,2.0,2.0
umap_canonical,current_pool_simple_mean_oof,oof_stack_diagnostic,False,5,828.0,0.4186678658259021,0.027784840652136905,0.7172128865874396,0.8242841125824871,0.01715079719524516,0.8880753996350809,5.0,5.0,3.0,3.0
umap_canonical,rdkit_full_singleconc_jazzy_lgbm,2d_plus_aux_observed,True,5,828.0,0.4374044247581706,0.027566706606391544,0.6716286525024396,0.8209319272425393,0.055003078922431684,0.877612930050298,6.0,7.0,3.0,4.0
umap_canonical,mordred_singleconc_jazzy_lgbm,2d_plus_aux_observed,True,5,828.0,0.43968097082776686,0.029188832377284674,0.6662314120831418,0.8230127152140648,0.05455127495677216,0.8617668883029055,7.0,6.0,4.0,3.0
umap_canonical,mordred_lgbm,2d,True,5,828.0,0.5237266125225594,0.034166889665763395,0.547094594084539,0.708446838523453,0.08011903970782884,0.8033565375981639,8.0,8.0,5.0,5.0
umap_canonical,rdkit_full_lgbm,2d,True,5,828.0,0.5346707840463175,0.029991180259509687,0.5337473932571559,0.69355068205324,0.0716023910147632,0.8102910113854891,9.0,9.0,6.0,6.0
umap_canonical,rdkit41_lgbm,2d,True,5,828.0,0.5668527478098886,0.029011225520720187,0.47971215432118725,0.640304390739918,0.08785930704833118,0.81127919960048,10.0,11.0,7.0,8.0
umap_canonical,morgan2048_lgbm,fingerprint,True,5,828.0,0.6064784389823881,0.027667273666288662,0.4550503158770966,0.649572720297674,0.08534977980434207,0.6786175487605373,11.0,10.0,8.0,7.0
