lb_id,submission_name,experiment_name,experiment_id,lb_mae,lb_rae,lb_spearman,experiment_mae,experiment_rae,experiment_spearman,submitted_at,global_mae__mae,global_mae__bias,global_mae__rmse,global_mae__spearman,global_mae__n,weighted_logreg_testlikeness__mae,weighted_logreg_testlikeness__bias,weighted_logreg_testlikeness__rmse,weighted_logreg_testlikeness__spearman,weighted_logreg_testlikeness__n,weighted_lgbm_testlikeness__mae,weighted_lgbm_testlikeness__bias,weighted_lgbm_testlikeness__rmse,weighted_lgbm_testlikeness__spearman,weighted_lgbm_testlikeness__n,weighted_lgbm_x_potent46__mae,weighted_lgbm_x_potent46__bias,weighted_lgbm_x_potent46__rmse,weighted_lgbm_x_potent46__spearman,weighted_lgbm_x_potent46__n,slice_test_nn_top50__mae,slice_test_nn_top50__bias,slice_test_nn_top50__rmse,slice_test_nn_top50__spearman,slice_test_nn_top50__n,slice_test_nn_top30__mae,slice_test_nn_top30__bias,slice_test_nn_top30__rmse,slice_test_nn_top30__spearman,slice_test_nn_top30__n,slice_test_nn_top19__mae,slice_test_nn_top19__bias,slice_test_nn_top19__rmse,slice_test_nn_top19__spearman,slice_test_nn_top19__n,slice_test_nn_top9__mae,slice_test_nn_top9__bias,slice_test_nn_top9__rmse,slice_test_nn_top9__spearman,slice_test_nn_top9__n,slice_logreg_testlike_top50__mae,slice_logreg_testlike_top50__bias,slice_logreg_testlike_top50__rmse,slice_logreg_testlike_top50__spearman,slice_logreg_testlike_top50__n,slice_logreg_testlike_top30__mae,slice_logreg_testlike_top30__bias,slice_logreg_testlike_top30__rmse,slice_logreg_testlike_top30__spearman,slice_logreg_testlike_top30__n,slice_logreg_testlike_top19__mae,slice_logreg_testlike_top19__bias,slice_logreg_testlike_top19__rmse,slice_logreg_testlike_top19__spearman,slice_logreg_testlike_top19__n,slice_logreg_testlike_top9__mae,slice_logreg_testlike_top9__bias,slice_logreg_testlike_top9__rmse,slice_logreg_testlike_top9__spearman,slice_logreg_testlike_top9__n,slice_lgbm_testlike_top50__mae,slice_lgbm_testlike_top50__bias,slice_lgbm_testlike_top50__rmse,slice_lgbm_testlike_top50__spearman,slice_lgbm_testlike_top50__n,slice_lgbm_testlike_top30__mae,slice_lgbm_testlike_top30__bias,slice_lgbm_testlike_top30__rmse,slice_lgbm_testlike_top30__spearman,slice_lgbm_testlike_top30__n,slice_lgbm_testlike_top19__mae,slice_lgbm_testlike_top19__bias,slice_lgbm_testlike_top19__rmse,slice_lgbm_testlike_top19__spearman,slice_lgbm_testlike_top19__n,slice_lgbm_testlike_top9__mae,slice_lgbm_testlike_top9__bias,slice_lgbm_testlike_top9__rmse,slice_lgbm_testlike_top9__spearman,slice_lgbm_testlike_top9__n,slice_potent46_nn_top50__mae,slice_potent46_nn_top50__bias,slice_potent46_nn_top50__rmse,slice_potent46_nn_top50__spearman,slice_potent46_nn_top50__n,slice_potent46_nn_top30__mae,slice_potent46_nn_top30__bias,slice_potent46_nn_top30__rmse,slice_potent46_nn_top30__spearman,slice_potent46_nn_top30__n,slice_potent46_nn_top19__mae,slice_potent46_nn_top19__bias,slice_potent46_nn_top19__rmse,slice_potent46_nn_top19__spearman,slice_potent46_nn_top19__n,slice_potent46_nn_top9__mae,slice_potent46_nn_top9__bias,slice_potent46_nn_top9__rmse,slice_potent46_nn_top9__spearman,slice_potent46_nn_top9__n,slice_log2fc33_pred_top50__mae,slice_log2fc33_pred_top50__bias,slice_log2fc33_pred_top50__rmse,slice_log2fc33_pred_top50__spearman,slice_log2fc33_pred_top50__n,slice_log2fc33_pred_top30__mae,slice_log2fc33_pred_top30__bias,slice_log2fc33_pred_top30__rmse,slice_log2fc33_pred_top30__spearman,slice_log2fc33_pred_top30__n,slice_log2fc33_pred_top19__mae,slice_log2fc33_pred_top19__bias,slice_log2fc33_pred_top19__rmse,slice_log2fc33_pred_top19__spearman,slice_log2fc33_pred_top19__n,slice_log2fc33_pred_top9__mae,slice_log2fc33_pred_top9__bias,slice_log2fc33_pred_top9__rmse,slice_log2fc33_pred_top9__spearman,slice_log2fc33_pred_top9__n,slice_lf_mean_top50__mae,slice_lf_mean_top50__bias,slice_lf_mean_top50__rmse,slice_lf_mean_top50__spearman,slice_lf_mean_top50__n,slice_lf_mean_top30__mae,slice_lf_mean_top30__bias,slice_lf_mean_top30__rmse,slice_lf_mean_top30__spearman,slice_lf_mean_top30__n,slice_lf_mean_top19__mae,slice_lf_mean_top19__bias,slice_lf_mean_top19__rmse,slice_lf_mean_top19__spearman,slice_lf_mean_top19__n,slice_lf_mean_top9__mae,slice_lf_mean_top9__bias,slice_lf_mean_top9__rmse,slice_lf_mean_top9__spearman,slice_lf_mean_top9__n,slice_pec50_top50__mae,slice_pec50_top50__bias,slice_pec50_top50__rmse,slice_pec50_top50__spearman,slice_pec50_top50__n,slice_pec50_top30__mae,slice_pec50_top30__bias,slice_pec50_top30__rmse,slice_pec50_top30__spearman,slice_pec50_top30__n,slice_pec50_top19__mae,slice_pec50_top19__bias,slice_pec50_top19__rmse,slice_pec50_top19__spearman,slice_pec50_top19__n,slice_pec50_top9__mae,slice_pec50_top9__bias,slice_pec50_top9__rmse,slice_pec50_top9__spearman,slice_pec50_top9__n
1,ens_l2_a0.05,ens_l2_a0.05,2413,0.5017546613967405,0.6299591137368874,0.798821169900953,0.3865,0.4248,0.8533,2026-04-08 16:34:00+00:00,0.3865210326544248,0.012391748387613541,0.5439288187183732,0.8533276793312924,4140.0,0.39293866884212514,-0.029980652661115707,0.5441567086329805,0.8533276793312924,4140.0,0.40081501981822065,-0.03308897028231933,0.5568149842400164,0.8533276793312924,4140.0,0.43270463338505794,-0.10059130929327809,0.5972479705170152,0.8533276793312924,4140.0,0.35547692850934004,0.0006063588243624186,0.49951626750778544,0.8480067871395052,2115.0,0.3557861642244295,-0.012692648959772975,0.49308463204538927,0.8500075530672118,1242.0,0.3585302295640228,-0.02597166030933351,0.4884744706599836,0.8499140928072438,832.0,0.37204587709273707,-0.08012498441204573,0.5109407582571502,0.8689189187209669,417.0,0.37296995762002433,-0.00469555489269151,0.50816590880785,0.8740133836595408,2070.0,0.3687403384476824,-0.028577929178956664,0.4965086433525137,0.8726260960873067,1242.0,0.372045816553161,-0.04475679027847777,0.4881934097359054,0.8737622581422457,828.0,0.37625669265463546,-0.07241404294399935,0.5005493683046341,0.8630118488827567,414.0,0.3708725041428889,-0.0037184638086660365,0.5150671041403241,0.8565095904084427,2070.0,0.36186683243517526,-0.019313669010869786,0.5004743382963245,0.8413336411432453,1242.0,0.3589181705770774,-0.0318557327842073,0.49244920005457915,0.8526762824493068,828.0,0.37922158510093806,-0.08943793310212618,0.515859007076742,0.8343529398487901,414.0,0.3671662746061644,-0.0014445269009052636,0.5272930886506384,0.8249447138075197,2074.0,0.36549045235881916,-0.03231699063898318,0.5218505105229876,0.8185852456955945,1242.0,0.3744260626074673,-0.05015364478682399,0.5375851599877471,0.8179664402111081,895.0,0.4094697738293581,-0.12643486788365849,0.5966171971528255,0.8019921573388299,414.0,0.2860423329369419,-0.01946707965096412,0.39462968383701597,0.667039741765041,2070.0,0.2759347234176878,-0.027464977182410942,0.3675686922383901,0.6486208265059134,1242.0,0.2698953374899717,-0.029192862718212243,0.36863093617191184,0.6551447252910667,828.0,0.27135428813090584,-0.010293802280704452,0.3701068835503961,0.6586371286745338,414.0,0.2907885045938412,-0.027139942566820934,0.40358635389237313,0.6552632196075419,2070.0,0.2798030752298714,-0.043396396576709254,0.3770065276122843,0.632209307350114,1242.0,0.2771229955078077,-0.04914317378934737,0.3813151846471362,0.6298437999919398,828.0,0.2804378993292237,-0.046599167236107464,0.3971298156960701,0.6564250982402522,414.0,0.30180195476246585,-0.20406243815622224,0.44050148189665245,0.572720072259825,2084.0,0.34887066344089507,-0.30913327718484823,0.49900736712841,0.5035362687592607,1250.0,0.39226697937349986,-0.36920461817289035,0.5530227447196036,0.4439574421167657,835.0,0.49379219857845136,-0.4881263854378548,0.6732892405770926,0.3354848182046774,423.0
2,ens_l2_a0.1,ens_l2_a0.1,2414,0.498861930443137,0.6263293241670762,0.7996684045635579,0.3919,0.4307,0.849,2026-04-09 06:04:02.856948+00:00,0.3919396945616577,0.013455206263207157,0.5518612237974395,0.8490486023708625,4140.0,0.40110881782459645,-0.03170822399928675,0.5542690417340623,0.8490486023708625,4140.0,0.4085776148931702,-0.03505900496716741,0.566583851288383,0.8490486023708625,4140.0,0.4433512845284455,-0.10612012976493038,0.6098435190231917,0.8490486023708625,4140.0,0.3616429324684464,-4.84539999390258e-05,0.5063853498117415,0.8431337658397678,2115.0,0.36301977039876787,-0.014184314921227093,0.5011797432114352,0.8445130736160257,1242.0,0.3651489360963955,-0.02774351131348862,0.49588573010776993,0.8447649330881325,832.0,0.38253959933062337,-0.08638434183974299,0.5225020685118844,0.86165470748806,417.0,0.3786104989868886,-0.005255452238064727,0.5156727683073673,0.8707680861519997,2070.0,0.3749031430464796,-0.029236107957247112,0.5048072143843845,0.8684201447074315,1242.0,0.38012739601258444,-0.04580440098880844,0.49782500145045616,0.8681037074002365,828.0,0.3889405796776443,-0.07738693134447962,0.5153635152637975,0.8527796936362021,414.0,0.37762541702255553,-0.0038079305636722527,0.5241754713890114,0.8518221426322802,2070.0,0.36980771372715243,-0.02124991328741135,0.5111395025491745,0.8356769389617275,1242.0,0.36699136190509024,-0.03370530869703396,0.5024913357510336,0.8463934590187255,828.0,0.3883391449821019,-0.09552958960640606,0.5263107975951531,0.8267496406735123,414.0,0.37366775543514236,-0.0017019483412764366,0.5356831194286719,0.8174359943063034,2074.0,0.3738215643175768,-0.034989275545322274,0.5326004165572779,0.8084385801135209,1242.0,0.38243541082944915,-0.05416523911993644,0.5480323432486617,0.8073685131810203,895.0,0.42249697504058925,-0.13469437252655975,0.6122060153738075,0.7865620160843287,414.0,0.29247362364767504,-0.029074101953117517,0.40309212768491903,0.6509304824029728,2070.0,0.28266548895321275,-0.03935183694437626,0.37627102918557126,0.6335003091330274,1242.0,0.27616407405451737,-0.040762585668884334,0.3773792119420314,0.6413323053298081,828.0,0.2768519937341259,-0.019451834710181592,0.37899994018478145,0.6479033127118861,414.0,0.2976714761660997,-0.038656799367774726,0.4124210503443213,0.6387122763118284,2070.0,0.28797476980825787,-0.05931102370955917,0.3890837653340156,0.6122775141487886,1242.0,0.2857919749995741,-0.06611816432708542,0.3952890236359971,0.6098926580960298,828.0,0.28828926829471524,-0.06240460425734352,0.41145643892219236,0.6445065920764885,414.0,0.3085560501092863,-0.2147447770258835,0.449039788818182,0.5572432316224072,2084.0,0.3604375221982176,-0.3256178804859032,0.5112788186799714,0.48653615845022513,1250.0,0.40849031134592706,-0.3899251355912724,0.5688499684927169,0.42279858130571685,835.0,0.5208902579420284,-0.517617011255265,0.6966707811756702,0.31309150800285207,423.0
3,ens_vanilla,ens_vanilla,2412,0.498861930443137,0.6263293241670762,0.7996684045635579,0.3812,0.4189,0.8573,2026-04-17 00:10:40.621343+00:00,0.3811613583428171,0.009099990772782554,0.5370644085304327,0.8573165045202059,4140.0,0.3808161597734664,-0.026395995478699485,0.5308340961056305,0.8573165045202059,4140.0,0.38979887268654473,-0.02903011933511099,0.544538782511937,0.8573165045202059,4140.0,0.4146821589764684,-0.08813019899363869,0.5770895245399611,0.8573165045202059,4140.0,0.3489704894859574,0.001071603355615193,0.49283666082858607,0.8523006666009714,2115.0,0.34515601044789984,-0.010090640490608246,0.4826845776814983,0.8564439984008813,1242.0,0.3479475583710349,-0.022417078615786897,0.47805822320925895,0.8557286035729086,832.0,0.35421504753731725,-0.06516029458012516,0.4917027835987952,0.8763233037114325,417.0,0.3654548771073902,-0.003942567205414284,0.5004078077469408,0.8770988499007295,2070.0,0.35937590054532886,-0.027454067515743513,0.48628852878892376,0.8774141700716412,1242.0,0.3586400411349389,-0.04208743749323656,0.4749811991645211,0.8803033323346279,828.0,0.3532818970801535,-0.06051353948921463,0.47554886523347806,0.876906595838394,414.0,0.36235945145942666,-0.004614819996003233,0.5049376203420044,0.8617489047268518,2070.0,0.34946119455334856,-0.015691495086641728,0.48464038672445964,0.8487160840675092,1242.0,0.3459792426330442,-0.026463071635937776,0.47816524439415414,0.8589652892202426,828.0,0.3632727930519629,-0.07725493431660214,0.5003707662112366,0.8430735182037886,414.0,0.3589581024172093,-0.001580396761443278,0.5177862232383598,0.8333493255376418,2074.0,0.3543648064818625,-0.027350378379052312,0.5081144509819925,0.8319398616409867,1242.0,0.36272877386188207,-0.04247399131789531,0.5229643816972258,0.8324567329603199,895.0,0.3905907423385667,-0.10991684887363376,0.5733332082400933,0.825199520021347,414.0,0.2772393416972887,-0.006964765579296496,0.38397439440907283,0.6870830656801253,2070.0,0.26735155330285987,-0.01386622514229197,0.3559125201607289,0.6677743702440745,1242.0,0.262319379190581,-0.018028269984400037,0.35600718264059233,0.6725203368646999,828.0,0.26330727909343854,-0.007035638585557962,0.35586448237588947,0.6693456607440645,414.0,0.2817937473866962,-0.009694007430230783,0.3929671906643546,0.6759299359603355,2070.0,0.268817258792271,-0.01827388696084682,0.36072387519719107,0.6619358826549478,1242.0,0.2651639540638481,-0.02429978267808714,0.3624157550777905,0.6602029102240674,828.0,0.2688637961579469,-0.025646234698133645,0.3758776585222373,0.6767730227475443,414.0,0.294015217461537,-0.18649603723792296,0.43169482397056275,0.5960816022721055,2084.0,0.33277321035249574,-0.27781580918842097,0.48251646301055495,0.5320481872068736,1250.0,0.36612790556078356,-0.3275452593350943,0.5294061250201008,0.4836636311226736,835.0,0.44202438208486367,-0.42541385328261966,0.6332121237410281,0.38703906595767773,423.0
6,lgbm_mordred_jazzy_umap,lgbm_mordred_jazzy_umap,240,0.5736643023301617,0.7208580839580963,0.7229895218061783,0.5212,0.5784,0.718,2026-04-17 23:24:33.512702+00:00,0.5213055630381046,-0.0047815160865467,0.7196774801088496,0.7208120323225921,4140.0,0.5462695921122871,-0.07748254695554471,0.737467766225585,0.7208120323225921,4140.0,0.5524898630273892,-0.07915407538258372,0.7460147648761111,0.7208120323225921,4140.0,0.603856828346885,-0.17825889719256963,0.8017975407145552,0.7208120323225921,4140.0,0.49371678339775826,-0.03327699665664214,0.6711419717062725,0.690928402973362,2115.0,0.5083625121677527,-0.06573679034091333,0.6875131769086728,0.6828129370538296,1242.0,0.5127849163330345,-0.09094749803161187,0.6830936072888263,0.6801800560499364,832.0,0.5478352430833137,-0.19093149396314524,0.7174132497038357,0.7017752833733437,417.0,0.5111533719264588,-0.04722709121386863,0.6891473350969713,0.7388824178711453,2070.0,0.5084947440721997,-0.07643707009914195,0.6817422281764502,0.7349600223272422,1242.0,0.5213537254983359,-0.10081288731919733,0.6870566408125682,0.7254442963542541,828.0,0.5611635331613142,-0.1603276185067009,0.7327685450825421,0.6694125817446359,414.0,0.514800568073374,-0.03451719752296666,0.703633635651956,0.7045336718794336,2070.0,0.5130776647570476,-0.07926872427543735,0.6987975228199725,0.6701542337204155,1242.0,0.5222309019578446,-0.10329854625329873,0.7041202139040283,0.6686323383066414,828.0,0.5601856561870718,-0.19656115699582843,0.7290613732198217,0.6314562922859583,414.0,0.5081302887640712,-0.036732779612548574,0.7115846900250196,0.6462767468239986,2074.0,0.5189933950797302,-0.0868408254770744,0.7201708781418322,0.623201618320769,1242.0,0.5380959395216881,-0.10938755328617664,0.7452097317554711,0.6206697738333029,895.0,0.603386009358507,-0.22911151110056893,0.8204695082283918,0.5929111386257351,414.0,0.4232073298499536,-0.20430781404881815,0.5601489576929648,0.38284203448686616,2070.0,0.42450813065826387,-0.2530970926289123,0.5526698156400769,0.38700447454147097,1242.0,0.4197331907549096,-0.26514572061517827,0.5532998665706189,0.4088446437693006,828.0,0.42776831983406527,-0.2661144036567556,0.5814578824292674,0.39491622976483626,414.0,0.431567268933443,-0.22438999554412262,0.5720329360811514,0.3855516872276329,2070.0,0.44196905621602783,-0.2925302282668215,0.5857283370822385,0.36094282692285184,1242.0,0.45213352343470736,-0.32163513862519955,0.608189088293117,0.35630679141695654,828.0,0.46155225077122647,-0.3411559621174411,0.6445231475201434,0.3891930707167086,414.0,0.45561137381057204,-0.36941172697904884,0.6105871269461908,0.31165596896095227,2084.0,0.5448536863993307,-0.5195231347942522,0.7014225097754234,0.25540659490154444,1250.0,0.6216468521624751,-0.6126245626874253,0.7792886908620326,0.20261701393776607,835.0,0.7776732634576639,-0.7776732634576639,0.927408061515151,0.13819304511046815,423.0
7,ens_vanilla,ens_vanilla,2412,0.4936105473025923,0.6197104281837844,0.7979931247136082,0.3812,0.4189,0.8573,2026-04-18 03:29:50.619088+00:00,0.3811613583428171,0.009099990772782554,0.5370644085304327,0.8573165045202059,4140.0,0.3808161597734664,-0.026395995478699485,0.5308340961056305,0.8573165045202059,4140.0,0.38979887268654473,-0.02903011933511099,0.544538782511937,0.8573165045202059,4140.0,0.4146821589764684,-0.08813019899363869,0.5770895245399611,0.8573165045202059,4140.0,0.3489704894859574,0.001071603355615193,0.49283666082858607,0.8523006666009714,2115.0,0.34515601044789984,-0.010090640490608246,0.4826845776814983,0.8564439984008813,1242.0,0.3479475583710349,-0.022417078615786897,0.47805822320925895,0.8557286035729086,832.0,0.35421504753731725,-0.06516029458012516,0.4917027835987952,0.8763233037114325,417.0,0.3654548771073902,-0.003942567205414284,0.5004078077469408,0.8770988499007295,2070.0,0.35937590054532886,-0.027454067515743513,0.48628852878892376,0.8774141700716412,1242.0,0.3586400411349389,-0.04208743749323656,0.4749811991645211,0.8803033323346279,828.0,0.3532818970801535,-0.06051353948921463,0.47554886523347806,0.876906595838394,414.0,0.36235945145942666,-0.004614819996003233,0.5049376203420044,0.8617489047268518,2070.0,0.34946119455334856,-0.015691495086641728,0.48464038672445964,0.8487160840675092,1242.0,0.3459792426330442,-0.026463071635937776,0.47816524439415414,0.8589652892202426,828.0,0.3632727930519629,-0.07725493431660214,0.5003707662112366,0.8430735182037886,414.0,0.3589581024172093,-0.001580396761443278,0.5177862232383598,0.8333493255376418,2074.0,0.3543648064818625,-0.027350378379052312,0.5081144509819925,0.8319398616409867,1242.0,0.36272877386188207,-0.04247399131789531,0.5229643816972258,0.8324567329603199,895.0,0.3905907423385667,-0.10991684887363376,0.5733332082400933,0.825199520021347,414.0,0.2772393416972887,-0.006964765579296496,0.38397439440907283,0.6870830656801253,2070.0,0.26735155330285987,-0.01386622514229197,0.3559125201607289,0.6677743702440745,1242.0,0.262319379190581,-0.018028269984400037,0.35600718264059233,0.6725203368646999,828.0,0.26330727909343854,-0.007035638585557962,0.35586448237588947,0.6693456607440645,414.0,0.2817937473866962,-0.009694007430230783,0.3929671906643546,0.6759299359603355,2070.0,0.268817258792271,-0.01827388696084682,0.36072387519719107,0.6619358826549478,1242.0,0.2651639540638481,-0.02429978267808714,0.3624157550777905,0.6602029102240674,828.0,0.2688637961579469,-0.025646234698133645,0.3758776585222373,0.6767730227475443,414.0,0.294015217461537,-0.18649603723792296,0.43169482397056275,0.5960816022721055,2084.0,0.33277321035249574,-0.27781580918842097,0.48251646301055495,0.5320481872068736,1250.0,0.36612790556078356,-0.3275452593350943,0.5294061250201008,0.4836636311226736,835.0,0.44202438208486367,-0.42541385328261966,0.6332121237410281,0.38703906595767773,423.0
9,ens_l2_a0.1,ens_l2_a0.1,2414,0.4958329809469373,0.6225318688047309,0.7957622607252768,0.3919,0.4307,0.849,2026-04-18 07:30:40.535931+00:00,0.3919396945616577,0.013455206263207157,0.5518612237974395,0.8490486023708625,4140.0,0.40110881782459645,-0.03170822399928675,0.5542690417340623,0.8490486023708625,4140.0,0.4085776148931702,-0.03505900496716741,0.566583851288383,0.8490486023708625,4140.0,0.4433512845284455,-0.10612012976493038,0.6098435190231917,0.8490486023708625,4140.0,0.3616429324684464,-4.84539999390258e-05,0.5063853498117415,0.8431337658397678,2115.0,0.36301977039876787,-0.014184314921227093,0.5011797432114352,0.8445130736160257,1242.0,0.3651489360963955,-0.02774351131348862,0.49588573010776993,0.8447649330881325,832.0,0.38253959933062337,-0.08638434183974299,0.5225020685118844,0.86165470748806,417.0,0.3786104989868886,-0.005255452238064727,0.5156727683073673,0.8707680861519997,2070.0,0.3749031430464796,-0.029236107957247112,0.5048072143843845,0.8684201447074315,1242.0,0.38012739601258444,-0.04580440098880844,0.49782500145045616,0.8681037074002365,828.0,0.3889405796776443,-0.07738693134447962,0.5153635152637975,0.8527796936362021,414.0,0.37762541702255553,-0.0038079305636722527,0.5241754713890114,0.8518221426322802,2070.0,0.36980771372715243,-0.02124991328741135,0.5111395025491745,0.8356769389617275,1242.0,0.36699136190509024,-0.03370530869703396,0.5024913357510336,0.8463934590187255,828.0,0.3883391449821019,-0.09552958960640606,0.5263107975951531,0.8267496406735123,414.0,0.37366775543514236,-0.0017019483412764366,0.5356831194286719,0.8174359943063034,2074.0,0.3738215643175768,-0.034989275545322274,0.5326004165572779,0.8084385801135209,1242.0,0.38243541082944915,-0.05416523911993644,0.5480323432486617,0.8073685131810203,895.0,0.42249697504058925,-0.13469437252655975,0.6122060153738075,0.7865620160843287,414.0,0.29247362364767504,-0.029074101953117517,0.40309212768491903,0.6509304824029728,2070.0,0.28266548895321275,-0.03935183694437626,0.37627102918557126,0.6335003091330274,1242.0,0.27616407405451737,-0.040762585668884334,0.3773792119420314,0.6413323053298081,828.0,0.2768519937341259,-0.019451834710181592,0.37899994018478145,0.6479033127118861,414.0,0.2976714761660997,-0.038656799367774726,0.4124210503443213,0.6387122763118284,2070.0,0.28797476980825787,-0.05931102370955917,0.3890837653340156,0.6122775141487886,1242.0,0.2857919749995741,-0.06611816432708542,0.3952890236359971,0.6098926580960298,828.0,0.28828926829471524,-0.06240460425734352,0.41145643892219236,0.6445065920764885,414.0,0.3085560501092863,-0.2147447770258835,0.449039788818182,0.5572432316224072,2084.0,0.3604375221982176,-0.3256178804859032,0.5112788186799714,0.48653615845022513,1250.0,0.40849031134592706,-0.3899251355912724,0.5688499684927169,0.42279858130571685,835.0,0.5208902579420284,-0.517617011255265,0.6966707811756702,0.31309150800285207,423.0
10,ens_vanilla,ens_vanilla,2412,0.4772064783754661,0.599161176143767,0.8089696428128891,0.3812,0.4189,0.8573,2026-04-18 11:30:59.077414+00:00,0.3811613583428171,0.009099990772782554,0.5370644085304327,0.8573165045202059,4140.0,0.3808161597734664,-0.026395995478699485,0.5308340961056305,0.8573165045202059,4140.0,0.38979887268654473,-0.02903011933511099,0.544538782511937,0.8573165045202059,4140.0,0.4146821589764684,-0.08813019899363869,0.5770895245399611,0.8573165045202059,4140.0,0.3489704894859574,0.001071603355615193,0.49283666082858607,0.8523006666009714,2115.0,0.34515601044789984,-0.010090640490608246,0.4826845776814983,0.8564439984008813,1242.0,0.3479475583710349,-0.022417078615786897,0.47805822320925895,0.8557286035729086,832.0,0.35421504753731725,-0.06516029458012516,0.4917027835987952,0.8763233037114325,417.0,0.3654548771073902,-0.003942567205414284,0.5004078077469408,0.8770988499007295,2070.0,0.35937590054532886,-0.027454067515743513,0.48628852878892376,0.8774141700716412,1242.0,0.3586400411349389,-0.04208743749323656,0.4749811991645211,0.8803033323346279,828.0,0.3532818970801535,-0.06051353948921463,0.47554886523347806,0.876906595838394,414.0,0.36235945145942666,-0.004614819996003233,0.5049376203420044,0.8617489047268518,2070.0,0.34946119455334856,-0.015691495086641728,0.48464038672445964,0.8487160840675092,1242.0,0.3459792426330442,-0.026463071635937776,0.47816524439415414,0.8589652892202426,828.0,0.3632727930519629,-0.07725493431660214,0.5003707662112366,0.8430735182037886,414.0,0.3589581024172093,-0.001580396761443278,0.5177862232383598,0.8333493255376418,2074.0,0.3543648064818625,-0.027350378379052312,0.5081144509819925,0.8319398616409867,1242.0,0.36272877386188207,-0.04247399131789531,0.5229643816972258,0.8324567329603199,895.0,0.3905907423385667,-0.10991684887363376,0.5733332082400933,0.825199520021347,414.0,0.2772393416972887,-0.006964765579296496,0.38397439440907283,0.6870830656801253,2070.0,0.26735155330285987,-0.01386622514229197,0.3559125201607289,0.6677743702440745,1242.0,0.262319379190581,-0.018028269984400037,0.35600718264059233,0.6725203368646999,828.0,0.26330727909343854,-0.007035638585557962,0.35586448237588947,0.6693456607440645,414.0,0.2817937473866962,-0.009694007430230783,0.3929671906643546,0.6759299359603355,2070.0,0.268817258792271,-0.01827388696084682,0.36072387519719107,0.6619358826549478,1242.0,0.2651639540638481,-0.02429978267808714,0.3624157550777905,0.6602029102240674,828.0,0.2688637961579469,-0.025646234698133645,0.3758776585222373,0.6767730227475443,414.0,0.294015217461537,-0.18649603723792296,0.43169482397056275,0.5960816022721055,2084.0,0.33277321035249574,-0.27781580918842097,0.48251646301055495,0.5320481872068736,1250.0,0.36612790556078356,-0.3275452593350943,0.5294061250201008,0.4836636311226736,835.0,0.44202438208486367,-0.42541385328261966,0.6332121237410281,0.38703906595767773,423.0
11,ens_vanilla,ens_vanilla,2412,0.478321277597625,0.6005790710879519,0.8134498979117806,0.3812,0.4189,0.8573,2026-04-19 05:59:50.861114+00:00,0.3811613583428171,0.009099990772782554,0.5370644085304327,0.8573165045202059,4140.0,0.3808161597734664,-0.026395995478699485,0.5308340961056305,0.8573165045202059,4140.0,0.38979887268654473,-0.02903011933511099,0.544538782511937,0.8573165045202059,4140.0,0.4146821589764684,-0.08813019899363869,0.5770895245399611,0.8573165045202059,4140.0,0.3489704894859574,0.001071603355615193,0.49283666082858607,0.8523006666009714,2115.0,0.34515601044789984,-0.010090640490608246,0.4826845776814983,0.8564439984008813,1242.0,0.3479475583710349,-0.022417078615786897,0.47805822320925895,0.8557286035729086,832.0,0.35421504753731725,-0.06516029458012516,0.4917027835987952,0.8763233037114325,417.0,0.3654548771073902,-0.003942567205414284,0.5004078077469408,0.8770988499007295,2070.0,0.35937590054532886,-0.027454067515743513,0.48628852878892376,0.8774141700716412,1242.0,0.3586400411349389,-0.04208743749323656,0.4749811991645211,0.8803033323346279,828.0,0.3532818970801535,-0.06051353948921463,0.47554886523347806,0.876906595838394,414.0,0.36235945145942666,-0.004614819996003233,0.5049376203420044,0.8617489047268518,2070.0,0.34946119455334856,-0.015691495086641728,0.48464038672445964,0.8487160840675092,1242.0,0.3459792426330442,-0.026463071635937776,0.47816524439415414,0.8589652892202426,828.0,0.3632727930519629,-0.07725493431660214,0.5003707662112366,0.8430735182037886,414.0,0.3589581024172093,-0.001580396761443278,0.5177862232383598,0.8333493255376418,2074.0,0.3543648064818625,-0.027350378379052312,0.5081144509819925,0.8319398616409867,1242.0,0.36272877386188207,-0.04247399131789531,0.5229643816972258,0.8324567329603199,895.0,0.3905907423385667,-0.10991684887363376,0.5733332082400933,0.825199520021347,414.0,0.2772393416972887,-0.006964765579296496,0.38397439440907283,0.6870830656801253,2070.0,0.26735155330285987,-0.01386622514229197,0.3559125201607289,0.6677743702440745,1242.0,0.262319379190581,-0.018028269984400037,0.35600718264059233,0.6725203368646999,828.0,0.26330727909343854,-0.007035638585557962,0.35586448237588947,0.6693456607440645,414.0,0.2817937473866962,-0.009694007430230783,0.3929671906643546,0.6759299359603355,2070.0,0.268817258792271,-0.01827388696084682,0.36072387519719107,0.6619358826549478,1242.0,0.2651639540638481,-0.02429978267808714,0.3624157550777905,0.6602029102240674,828.0,0.2688637961579469,-0.025646234698133645,0.3758776585222373,0.6767730227475443,414.0,0.294015217461537,-0.18649603723792296,0.43169482397056275,0.5960816022721055,2084.0,0.33277321035249574,-0.27781580918842097,0.48251646301055495,0.5320481872068736,1250.0,0.36612790556078356,-0.3275452593350943,0.5294061250201008,0.4836636311226736,835.0,0.44202438208486367,-0.42541385328261966,0.6332121237410281,0.38703906595767773,423.0
12,tabpfn_2d_full_boltz_umap,tabpfn_2d_full_boltz_umap,440,0.4901986309079051,0.6155890883860827,0.7906625549149933,0.4824,0.5362,0.75,2026-04-19 12:35:51.198461+00:00,0.48253002434111014,0.017301087354921252,0.6868778298740678,0.753611369644662,4140.0,0.49815200789523867,-0.04419006675422267,0.6908549781251458,0.753611369644662,4140.0,0.5051994827313392,-0.047170705574490594,0.7016616518513809,0.753611369644662,4140.0,0.5478809527326863,-0.13629489722071497,0.7468203187788912,0.753611369644662,4140.0,0.44810360494573065,0.0011587177348756882,0.6245632205774182,0.7362754590807968,2115.0,0.45707226646503196,-0.027713955857711532,0.6282173587780234,0.7341103133700735,1242.0,0.4585792811558797,-0.04575344844506338,0.6190485882894581,0.7364397506376095,832.0,0.4837344647368653,-0.12700970988193577,0.6493933769238123,0.7529348985109711,417.0,0.4633940317257619,-0.012166123568265819,0.6389860067125175,0.7815352445625976,2070.0,0.45945994068190754,-0.03223150570919053,0.6251201404573734,0.7761752992551403,1242.0,0.4768824883705176,-0.050922827421179144,0.6338473440063989,0.7617686106550404,828.0,0.49970278903482046,-0.11128414170177663,0.6582289691418263,0.7298899921353031,414.0,0.46554317227723224,-0.0003802301280192245,0.6545489242669231,0.7529492112074686,2070.0,0.4647746691469647,-0.030406938064890046,0.6527443992824025,0.7184736622979184,1242.0,0.4661929787950309,-0.04938299312281266,0.6436530565752023,0.7238677477513175,828.0,0.48937914080436906,-0.12430175312822228,0.6494825367907329,0.7071001431331834,414.0,0.4660305027975526,0.00023424530213226333,0.6701363239556515,0.6967723379915481,2074.0,0.47037868768504654,-0.04464491864141444,0.6763929934100019,0.6791498301843694,1242.0,0.4889903354325108,-0.0660928848735447,0.6990682915004217,0.6766002420671428,895.0,0.5374368903256844,-0.18216306536669888,0.7646027172213621,0.6667109192419156,414.0,0.376280061379265,-0.12206321811975766,0.52035845893792,0.45155553497994877,2070.0,0.37727860568725813,-0.1770973765612079,0.5121333993943443,0.44263863744183124,1242.0,0.37006827274555865,-0.19114134469067534,0.5117414744301791,0.4601141452290116,828.0,0.3856127110310799,-0.19812931298057818,0.5460579061318122,0.4581923433474571,414.0,0.38456362376766207,-0.14187764130767694,0.5316515516066492,0.44461403271255023,2070.0,0.3925121106859613,-0.21621245502965353,0.5444799730813163,0.4208718542229175,1242.0,0.401068469679305,-0.24507101203681886,0.5665903131714098,0.4101933257515642,828.0,0.4137181026958752,-0.2747008021592081,0.6105933113933143,0.45137884591116345,414.0,0.3924096029443183,-0.29154001213378783,0.5698442072276342,0.380420806749194,2084.0,0.4615391796085404,-0.43517546076698765,0.6442506569795945,0.3181676971545796,1250.0,0.5376847111667771,-0.5287931374721253,0.7242063311640025,0.2710678209466107,835.0,0.693960395854711,-0.6938001347411181,0.882805337297028,0.1887776744182211,423.0
13,ens_caruana_bag20,ens_caruana_bag20,2420,0.4414270025507814,0.5544917633478182,0.841062907843744,0.3914,0.4302,0.849,2026-04-19 16:37:00.238433+00:00,0.3914439945874893,0.01368579593258728,0.5505177555529411,0.8490307288007375,4140.0,0.4008992243311007,-0.03165407891610379,0.5535964125915455,0.8490307288007375,4140.0,0.40827723886483464,-0.034955943079203675,0.5658325326422099,0.8490307288007375,4140.0,0.4431581069972348,-0.1061775593826025,0.6098482083405955,0.8490307288007375,4140.0,0.3612145984361229,0.00014728705735120873,0.5057076252605378,0.8434738683727545,2115.0,0.36303846006138996,-0.013759166524153063,0.5008050039886128,0.8441670833614872,1242.0,0.36565500651840244,-0.027408572274765772,0.4961095307983764,0.8443735985330291,832.0,0.3825120429021704,-0.08667186359218906,0.5225673846315192,0.8618319519914189,417.0,0.37860379170782205,-0.005172157705023508,0.5148040460972431,0.8703243637098977,2070.0,0.37518569184190614,-0.02925214018847218,0.5044722866774276,0.8677526560635028,1242.0,0.3801610099253962,-0.04589156226108526,0.4974157062804923,0.8674854283508374,828.0,0.38889498804793177,-0.07751414055275441,0.5146228680918529,0.8518983344132312,414.0,0.3771722853886114,-0.003627706915849275,0.5229943708009959,0.8515379094895688,2070.0,0.37013014165178054,-0.02098472563130939,0.5110293583875377,0.8346413817716933,1242.0,0.36720955033993735,-0.03411685044538258,0.5021469041943246,0.8456391866237709,828.0,0.3888376837200347,-0.09503509763783481,0.5268158461673743,0.8258395312501161,414.0,0.37342082765664425,-0.0015493537134104107,0.5349312367499554,0.8175580744238219,2074.0,0.37336878662894896,-0.03504114656131299,0.5316944551087901,0.8086373390644026,1242.0,0.38254070358795694,-0.054303675994649483,0.5478444386813656,0.8077178139971289,895.0,0.42146835193116966,-0.13388921069638154,0.6117716104319105,0.7872920977357681,414.0,0.2922568883174619,-0.024767931628600047,0.402488477123477,0.6502482350974058,2070.0,0.28221423421497627,-0.0331000231120391,0.375929265559991,0.6325080570371368,1242.0,0.27575060500416537,-0.03347147418119186,0.3771140919350093,0.6403265057514372,828.0,0.27691171301976186,-0.01074891614917282,0.3794887563127938,0.6447871363063277,414.0,0.29731817185091014,-0.03441174292989364,0.41168557927394167,0.6378078018612501,2070.0,0.28751383137990416,-0.05378418627132458,0.3884810897084052,0.6109446174960365,1242.0,0.28493540700031933,-0.058962965839817603,0.39401526447511526,0.6094833455785984,828.0,0.28778479665474743,-0.05410667092859327,0.41091366084929826,0.6403191962361011,414.0,0.3079016755226822,-0.21176965442737122,0.4488649675301457,0.5562019147424894,2084.0,0.3587487671411208,-0.32250088946164773,0.5104385269564647,0.4846751838041623,1250.0,0.40651102321127663,-0.3870198024378633,0.5678885744990444,0.421315810158245,835.0,0.5185991686419108,-0.5149338589772073,0.6957240696640804,0.3111124794908754,423.0
14,ens_caruana_bag20,ens_caruana_bag20,2420,0.4430377590818476,0.5564702747284114,0.8393054268991101,0.3914,0.4302,0.849,2026-04-20 06:24:29.969961+00:00,0.3914439945874893,0.01368579593258728,0.5505177555529411,0.8490307288007375,4140.0,0.4008992243311007,-0.03165407891610379,0.5535964125915455,0.8490307288007375,4140.0,0.40827723886483464,-0.034955943079203675,0.5658325326422099,0.8490307288007375,4140.0,0.4431581069972348,-0.1061775593826025,0.6098482083405955,0.8490307288007375,4140.0,0.3612145984361229,0.00014728705735120873,0.5057076252605378,0.8434738683727545,2115.0,0.36303846006138996,-0.013759166524153063,0.5008050039886128,0.8441670833614872,1242.0,0.36565500651840244,-0.027408572274765772,0.4961095307983764,0.8443735985330291,832.0,0.3825120429021704,-0.08667186359218906,0.5225673846315192,0.8618319519914189,417.0,0.37860379170782205,-0.005172157705023508,0.5148040460972431,0.8703243637098977,2070.0,0.37518569184190614,-0.02925214018847218,0.5044722866774276,0.8677526560635028,1242.0,0.3801610099253962,-0.04589156226108526,0.4974157062804923,0.8674854283508374,828.0,0.38889498804793177,-0.07751414055275441,0.5146228680918529,0.8518983344132312,414.0,0.3771722853886114,-0.003627706915849275,0.5229943708009959,0.8515379094895688,2070.0,0.37013014165178054,-0.02098472563130939,0.5110293583875377,0.8346413817716933,1242.0,0.36720955033993735,-0.03411685044538258,0.5021469041943246,0.8456391866237709,828.0,0.3888376837200347,-0.09503509763783481,0.5268158461673743,0.8258395312501161,414.0,0.37342082765664425,-0.0015493537134104107,0.5349312367499554,0.8175580744238219,2074.0,0.37336878662894896,-0.03504114656131299,0.5316944551087901,0.8086373390644026,1242.0,0.38254070358795694,-0.054303675994649483,0.5478444386813656,0.8077178139971289,895.0,0.42146835193116966,-0.13388921069638154,0.6117716104319105,0.7872920977357681,414.0,0.2922568883174619,-0.024767931628600047,0.402488477123477,0.6502482350974058,2070.0,0.28221423421497627,-0.0331000231120391,0.375929265559991,0.6325080570371368,1242.0,0.27575060500416537,-0.03347147418119186,0.3771140919350093,0.6403265057514372,828.0,0.27691171301976186,-0.01074891614917282,0.3794887563127938,0.6447871363063277,414.0,0.29731817185091014,-0.03441174292989364,0.41168557927394167,0.6378078018612501,2070.0,0.28751383137990416,-0.05378418627132458,0.3884810897084052,0.6109446174960365,1242.0,0.28493540700031933,-0.058962965839817603,0.39401526447511526,0.6094833455785984,828.0,0.28778479665474743,-0.05410667092859327,0.41091366084929826,0.6403191962361011,414.0,0.3079016755226822,-0.21176965442737122,0.4488649675301457,0.5562019147424894,2084.0,0.3587487671411208,-0.32250088946164773,0.5104385269564647,0.4846751838041623,1250.0,0.40651102321127663,-0.3870198024378633,0.5678885744990444,0.421315810158245,835.0,0.5185991686419108,-0.5149338589772073,0.6957240696640804,0.3111124794908754,423.0
15,ens_caruana_bag20,ens_caruana_bag20,2420,0.4423088470924464,0.5555797431117201,0.8411616613605644,0.3914,0.4302,0.849,2026-04-20 12:44:01.486957+00:00,0.3914439945874893,0.01368579593258728,0.5505177555529411,0.8490307288007375,4140.0,0.4008992243311007,-0.03165407891610379,0.5535964125915455,0.8490307288007375,4140.0,0.40827723886483464,-0.034955943079203675,0.5658325326422099,0.8490307288007375,4140.0,0.4431581069972348,-0.1061775593826025,0.6098482083405955,0.8490307288007375,4140.0,0.3612145984361229,0.00014728705735120873,0.5057076252605378,0.8434738683727545,2115.0,0.36303846006138996,-0.013759166524153063,0.5008050039886128,0.8441670833614872,1242.0,0.36565500651840244,-0.027408572274765772,0.4961095307983764,0.8443735985330291,832.0,0.3825120429021704,-0.08667186359218906,0.5225673846315192,0.8618319519914189,417.0,0.37860379170782205,-0.005172157705023508,0.5148040460972431,0.8703243637098977,2070.0,0.37518569184190614,-0.02925214018847218,0.5044722866774276,0.8677526560635028,1242.0,0.3801610099253962,-0.04589156226108526,0.4974157062804923,0.8674854283508374,828.0,0.38889498804793177,-0.07751414055275441,0.5146228680918529,0.8518983344132312,414.0,0.3771722853886114,-0.003627706915849275,0.5229943708009959,0.8515379094895688,2070.0,0.37013014165178054,-0.02098472563130939,0.5110293583875377,0.8346413817716933,1242.0,0.36720955033993735,-0.03411685044538258,0.5021469041943246,0.8456391866237709,828.0,0.3888376837200347,-0.09503509763783481,0.5268158461673743,0.8258395312501161,414.0,0.37342082765664425,-0.0015493537134104107,0.5349312367499554,0.8175580744238219,2074.0,0.37336878662894896,-0.03504114656131299,0.5316944551087901,0.8086373390644026,1242.0,0.38254070358795694,-0.054303675994649483,0.5478444386813656,0.8077178139971289,895.0,0.42146835193116966,-0.13388921069638154,0.6117716104319105,0.7872920977357681,414.0,0.2922568883174619,-0.024767931628600047,0.402488477123477,0.6502482350974058,2070.0,0.28221423421497627,-0.0331000231120391,0.375929265559991,0.6325080570371368,1242.0,0.27575060500416537,-0.03347147418119186,0.3771140919350093,0.6403265057514372,828.0,0.27691171301976186,-0.01074891614917282,0.3794887563127938,0.6447871363063277,414.0,0.29731817185091014,-0.03441174292989364,0.41168557927394167,0.6378078018612501,2070.0,0.28751383137990416,-0.05378418627132458,0.3884810897084052,0.6109446174960365,1242.0,0.28493540700031933,-0.058962965839817603,0.39401526447511526,0.6094833455785984,828.0,0.28778479665474743,-0.05410667092859327,0.41091366084929826,0.6403191962361011,414.0,0.3079016755226822,-0.21176965442737122,0.4488649675301457,0.5562019147424894,2084.0,0.3587487671411208,-0.32250088946164773,0.5104385269564647,0.4846751838041623,1250.0,0.40651102321127663,-0.3870198024378633,0.5678885744990444,0.421315810158245,835.0,0.5185991686419108,-0.5149338589772073,0.6957240696640804,0.3111124794908754,423.0
16,ens_caruana_bag20_calibrated_best,ens_caruana_bag20_calibrated_best,2425,0.4357788073667819,0.5474188859204833,0.8411616613605644,0.3903,0.4332,0.847,2026-04-20 16:45:45.849426+00:00,0.3904030907582668,-0.0002015080978926076,0.5493925522211964,0.8485434837809608,4140.0,0.39705308627966907,-0.03896016641876841,0.5497673094456783,0.8485434837809608,4140.0,0.4042779659670792,-0.043764688716500966,0.562038932243738,0.8485434837809608,4140.0,0.4363826318920032,-0.10958966991695798,0.6036792259474584,0.8485434837809608,4140.0,0.3599608356688769,-0.005106142180171629,0.5040379889449191,0.8428488708611547,2115.0,0.3613776821971257,-0.016875232822773853,0.4979988595782921,0.8436408087491839,1242.0,0.36310912124733213,-0.027784953701244793,0.49245487333207244,0.8435262331103021,832.0,0.37630221699191746,-0.08262784185237651,0.517020821502821,0.8609469706826302,417.0,0.37605394354218924,-0.018702492434515227,0.5133062462014817,0.8697237810264008,2070.0,0.3712569791959727,-0.040149786188635926,0.5013437311966698,0.8670840086612426,1242.0,0.37655386902067034,-0.0531179002593047,0.49467802439485303,0.866777211077123,828.0,0.38089040882803843,-0.07523415687976807,0.506324057366087,0.8510817474405522,414.0,0.3750303871014001,-0.011793280104599537,0.5207076974618812,0.8507979007992889,2070.0,0.36706168309562853,-0.022423646163724126,0.5072585600943903,0.8337610798654514,1242.0,0.36238699582368955,-0.032655880066553455,0.496713330813775,0.8448116865673173,828.0,0.38299698196696613,-0.08818415068614482,0.521623427499793,0.8246683033746668,414.0,0.3720722568341016,-0.002545906415582576,0.5335674246172167,0.8168754430776134,2074.0,0.37050378496596953,-0.03339918704397629,0.5297202588007516,0.8076432123404244,1242.0,0.38011131081229627,-0.05278423759725923,0.5469774147560637,0.8065159416639566,895.0,0.41519343228130945,-0.12952004144619897,0.610509952615053,0.7860239677234173,414.0,0.29019193657159603,-0.0028684474952944262,0.4009535898306219,0.6491156000143007,2070.0,0.28042522834766886,-0.006275549009331191,0.3748297994538361,0.6307830885894256,1242.0,0.2742861588397041,-0.004121851867212028,0.37607772483337587,0.6384292846395646,828.0,0.27835258804154117,0.02057319406768091,0.3812755084177057,0.642413325444836,414.0,0.2948989609030905,-0.01115379130870395,0.4096721334081933,0.636570932757509,2070.0,0.2842219028115045,-0.024141007739787945,0.38568619821580025,0.6092767295377748,1242.0,0.28165175505699,-0.026373429071397916,0.3912189632877871,0.6074519297954255,828.0,0.2855274255164653,-0.018349126782634388,0.40873090519059285,0.637250293999801,414.0,0.3048682710479569,-0.19146734076106392,0.450053177900346,0.5551758814160449,2084.0,0.3460602176515061,-0.2963099679165232,0.5051887880353594,0.4840205706414589,1250.0,0.3867231154417481,-0.35680082964799176,0.5591096583663148,0.42046468818106114,835.0,0.48803564504784547,-0.4798772143236649,0.6830362642961565,0.3105479489217539,423.0
17,ens_caruana_bag20_calibrated_best,ens_caruana_bag20_calibrated_best,2425,0.4318297602126632,0.5424278629945009,0.8460954561065689,0.3903,0.4332,0.847,2026-04-21 01:19:28.858466+00:00,0.3904030907582668,-0.0002015080978926076,0.5493925522211964,0.8485434837809608,4140.0,0.39705308627966907,-0.03896016641876841,0.5497673094456783,0.8485434837809608,4140.0,0.4042779659670792,-0.043764688716500966,0.562038932243738,0.8485434837809608,4140.0,0.4363826318920032,-0.10958966991695798,0.6036792259474584,0.8485434837809608,4140.0,0.3599608356688769,-0.005106142180171629,0.5040379889449191,0.8428488708611547,2115.0,0.3613776821971257,-0.016875232822773853,0.4979988595782921,0.8436408087491839,1242.0,0.36310912124733213,-0.027784953701244793,0.49245487333207244,0.8435262331103021,832.0,0.37630221699191746,-0.08262784185237651,0.517020821502821,0.8609469706826302,417.0,0.37605394354218924,-0.018702492434515227,0.5133062462014817,0.8697237810264008,2070.0,0.3712569791959727,-0.040149786188635926,0.5013437311966698,0.8670840086612426,1242.0,0.37655386902067034,-0.0531179002593047,0.49467802439485303,0.866777211077123,828.0,0.38089040882803843,-0.07523415687976807,0.506324057366087,0.8510817474405522,414.0,0.3750303871014001,-0.011793280104599537,0.5207076974618812,0.8507979007992889,2070.0,0.36706168309562853,-0.022423646163724126,0.5072585600943903,0.8337610798654514,1242.0,0.36238699582368955,-0.032655880066553455,0.496713330813775,0.8448116865673173,828.0,0.38299698196696613,-0.08818415068614482,0.521623427499793,0.8246683033746668,414.0,0.3720722568341016,-0.002545906415582576,0.5335674246172167,0.8168754430776134,2074.0,0.37050378496596953,-0.03339918704397629,0.5297202588007516,0.8076432123404244,1242.0,0.38011131081229627,-0.05278423759725923,0.5469774147560637,0.8065159416639566,895.0,0.41519343228130945,-0.12952004144619897,0.610509952615053,0.7860239677234173,414.0,0.29019193657159603,-0.0028684474952944262,0.4009535898306219,0.6491156000143007,2070.0,0.28042522834766886,-0.006275549009331191,0.3748297994538361,0.6307830885894256,1242.0,0.2742861588397041,-0.004121851867212028,0.37607772483337587,0.6384292846395646,828.0,0.27835258804154117,0.02057319406768091,0.3812755084177057,0.642413325444836,414.0,0.2948989609030905,-0.01115379130870395,0.4096721334081933,0.636570932757509,2070.0,0.2842219028115045,-0.024141007739787945,0.38568619821580025,0.6092767295377748,1242.0,0.28165175505699,-0.026373429071397916,0.3912189632877871,0.6074519297954255,828.0,0.2855274255164653,-0.018349126782634388,0.40873090519059285,0.637250293999801,414.0,0.3048682710479569,-0.19146734076106392,0.450053177900346,0.5551758814160449,2084.0,0.3460602176515061,-0.2963099679165232,0.5051887880353594,0.4840205706414589,1250.0,0.3867231154417481,-0.35680082964799176,0.5591096583663148,0.42046468818106114,835.0,0.48803564504784547,-0.4798772143236649,0.6830362642961565,0.3105479489217539,423.0
18,ens_caruana_bag20_calibrated_best,ens_caruana_bag20_calibrated_best,2425,0.4244185733497787,0.5331484789310732,0.8480553528820581,0.3903,0.4332,0.847,2026-04-21 05:23:23.882932+00:00,0.3904030907582668,-0.0002015080978926076,0.5493925522211964,0.8485434837809608,4140.0,0.39705308627966907,-0.03896016641876841,0.5497673094456783,0.8485434837809608,4140.0,0.4042779659670792,-0.043764688716500966,0.562038932243738,0.8485434837809608,4140.0,0.4363826318920032,-0.10958966991695798,0.6036792259474584,0.8485434837809608,4140.0,0.3599608356688769,-0.005106142180171629,0.5040379889449191,0.8428488708611547,2115.0,0.3613776821971257,-0.016875232822773853,0.4979988595782921,0.8436408087491839,1242.0,0.36310912124733213,-0.027784953701244793,0.49245487333207244,0.8435262331103021,832.0,0.37630221699191746,-0.08262784185237651,0.517020821502821,0.8609469706826302,417.0,0.37605394354218924,-0.018702492434515227,0.5133062462014817,0.8697237810264008,2070.0,0.3712569791959727,-0.040149786188635926,0.5013437311966698,0.8670840086612426,1242.0,0.37655386902067034,-0.0531179002593047,0.49467802439485303,0.866777211077123,828.0,0.38089040882803843,-0.07523415687976807,0.506324057366087,0.8510817474405522,414.0,0.3750303871014001,-0.011793280104599537,0.5207076974618812,0.8507979007992889,2070.0,0.36706168309562853,-0.022423646163724126,0.5072585600943903,0.8337610798654514,1242.0,0.36238699582368955,-0.032655880066553455,0.496713330813775,0.8448116865673173,828.0,0.38299698196696613,-0.08818415068614482,0.521623427499793,0.8246683033746668,414.0,0.3720722568341016,-0.002545906415582576,0.5335674246172167,0.8168754430776134,2074.0,0.37050378496596953,-0.03339918704397629,0.5297202588007516,0.8076432123404244,1242.0,0.38011131081229627,-0.05278423759725923,0.5469774147560637,0.8065159416639566,895.0,0.41519343228130945,-0.12952004144619897,0.610509952615053,0.7860239677234173,414.0,0.29019193657159603,-0.0028684474952944262,0.4009535898306219,0.6491156000143007,2070.0,0.28042522834766886,-0.006275549009331191,0.3748297994538361,0.6307830885894256,1242.0,0.2742861588397041,-0.004121851867212028,0.37607772483337587,0.6384292846395646,828.0,0.27835258804154117,0.02057319406768091,0.3812755084177057,0.642413325444836,414.0,0.2948989609030905,-0.01115379130870395,0.4096721334081933,0.636570932757509,2070.0,0.2842219028115045,-0.024141007739787945,0.38568619821580025,0.6092767295377748,1242.0,0.28165175505699,-0.026373429071397916,0.3912189632877871,0.6074519297954255,828.0,0.2855274255164653,-0.018349126782634388,0.40873090519059285,0.637250293999801,414.0,0.3048682710479569,-0.19146734076106392,0.450053177900346,0.5551758814160449,2084.0,0.3460602176515061,-0.2963099679165232,0.5051887880353594,0.4840205706414589,1250.0,0.3867231154417481,-0.35680082964799176,0.5591096583663148,0.42046468818106114,835.0,0.48803564504784547,-0.4798772143236649,0.6830362642961565,0.3105479489217539,423.0
25,ens_caruana_bag20,ens_caruana_bag20,2420,0.4290789893593625,0.5390445524954768,0.8467294563910583,0.3914,0.4302,0.849,2026-04-22 22:14:44.983474+00:00,0.3914439945874893,0.01368579593258728,0.5505177555529411,0.8490307288007375,4140.0,0.4008992243311007,-0.03165407891610379,0.5535964125915455,0.8490307288007375,4140.0,0.40827723886483464,-0.034955943079203675,0.5658325326422099,0.8490307288007375,4140.0,0.4431581069972348,-0.1061775593826025,0.6098482083405955,0.8490307288007375,4140.0,0.3612145984361229,0.00014728705735120873,0.5057076252605378,0.8434738683727545,2115.0,0.36303846006138996,-0.013759166524153063,0.5008050039886128,0.8441670833614872,1242.0,0.36565500651840244,-0.027408572274765772,0.4961095307983764,0.8443735985330291,832.0,0.3825120429021704,-0.08667186359218906,0.5225673846315192,0.8618319519914189,417.0,0.37860379170782205,-0.005172157705023508,0.5148040460972431,0.8703243637098977,2070.0,0.37518569184190614,-0.02925214018847218,0.5044722866774276,0.8677526560635028,1242.0,0.3801610099253962,-0.04589156226108526,0.4974157062804923,0.8674854283508374,828.0,0.38889498804793177,-0.07751414055275441,0.5146228680918529,0.8518983344132312,414.0,0.3771722853886114,-0.003627706915849275,0.5229943708009959,0.8515379094895688,2070.0,0.37013014165178054,-0.02098472563130939,0.5110293583875377,0.8346413817716933,1242.0,0.36720955033993735,-0.03411685044538258,0.5021469041943246,0.8456391866237709,828.0,0.3888376837200347,-0.09503509763783481,0.5268158461673743,0.8258395312501161,414.0,0.37342082765664425,-0.0015493537134104107,0.5349312367499554,0.8175580744238219,2074.0,0.37336878662894896,-0.03504114656131299,0.5316944551087901,0.8086373390644026,1242.0,0.38254070358795694,-0.054303675994649483,0.5478444386813656,0.8077178139971289,895.0,0.42146835193116966,-0.13388921069638154,0.6117716104319105,0.7872920977357681,414.0,0.2922568883174619,-0.024767931628600047,0.402488477123477,0.6502482350974058,2070.0,0.28221423421497627,-0.0331000231120391,0.375929265559991,0.6325080570371368,1242.0,0.27575060500416537,-0.03347147418119186,0.3771140919350093,0.6403265057514372,828.0,0.27691171301976186,-0.01074891614917282,0.3794887563127938,0.6447871363063277,414.0,0.29731817185091014,-0.03441174292989364,0.41168557927394167,0.6378078018612501,2070.0,0.28751383137990416,-0.05378418627132458,0.3884810897084052,0.6109446174960365,1242.0,0.28493540700031933,-0.058962965839817603,0.39401526447511526,0.6094833455785984,828.0,0.28778479665474743,-0.05410667092859327,0.41091366084929826,0.6403191962361011,414.0,0.3079016755226822,-0.21176965442737122,0.4488649675301457,0.5562019147424894,2084.0,0.3587487671411208,-0.32250088946164773,0.5104385269564647,0.4846751838041623,1250.0,0.40651102321127663,-0.3870198024378633,0.5678885744990444,0.421315810158245,835.0,0.5185991686419108,-0.5149338589772073,0.6957240696640804,0.3111124794908754,423.0
26,ens_caruana_bag20_calibrated_best,ens_caruana_bag20_calibrated_best,2425,0.4243494844698721,0.5331357898422006,0.8368665780916542,0.3903,0.4332,0.847,2026-04-23 02:41:16.237699+00:00,0.3904030907582668,-0.0002015080978926076,0.5493925522211964,0.8485434837809608,4140.0,0.39705308627966907,-0.03896016641876841,0.5497673094456783,0.8485434837809608,4140.0,0.4042779659670792,-0.043764688716500966,0.562038932243738,0.8485434837809608,4140.0,0.4363826318920032,-0.10958966991695798,0.6036792259474584,0.8485434837809608,4140.0,0.3599608356688769,-0.005106142180171629,0.5040379889449191,0.8428488708611547,2115.0,0.3613776821971257,-0.016875232822773853,0.4979988595782921,0.8436408087491839,1242.0,0.36310912124733213,-0.027784953701244793,0.49245487333207244,0.8435262331103021,832.0,0.37630221699191746,-0.08262784185237651,0.517020821502821,0.8609469706826302,417.0,0.37605394354218924,-0.018702492434515227,0.5133062462014817,0.8697237810264008,2070.0,0.3712569791959727,-0.040149786188635926,0.5013437311966698,0.8670840086612426,1242.0,0.37655386902067034,-0.0531179002593047,0.49467802439485303,0.866777211077123,828.0,0.38089040882803843,-0.07523415687976807,0.506324057366087,0.8510817474405522,414.0,0.3750303871014001,-0.011793280104599537,0.5207076974618812,0.8507979007992889,2070.0,0.36706168309562853,-0.022423646163724126,0.5072585600943903,0.8337610798654514,1242.0,0.36238699582368955,-0.032655880066553455,0.496713330813775,0.8448116865673173,828.0,0.38299698196696613,-0.08818415068614482,0.521623427499793,0.8246683033746668,414.0,0.3720722568341016,-0.002545906415582576,0.5335674246172167,0.8168754430776134,2074.0,0.37050378496596953,-0.03339918704397629,0.5297202588007516,0.8076432123404244,1242.0,0.38011131081229627,-0.05278423759725923,0.5469774147560637,0.8065159416639566,895.0,0.41519343228130945,-0.12952004144619897,0.610509952615053,0.7860239677234173,414.0,0.29019193657159603,-0.0028684474952944262,0.4009535898306219,0.6491156000143007,2070.0,0.28042522834766886,-0.006275549009331191,0.3748297994538361,0.6307830885894256,1242.0,0.2742861588397041,-0.004121851867212028,0.37607772483337587,0.6384292846395646,828.0,0.27835258804154117,0.02057319406768091,0.3812755084177057,0.642413325444836,414.0,0.2948989609030905,-0.01115379130870395,0.4096721334081933,0.636570932757509,2070.0,0.2842219028115045,-0.024141007739787945,0.38568619821580025,0.6092767295377748,1242.0,0.28165175505699,-0.026373429071397916,0.3912189632877871,0.6074519297954255,828.0,0.2855274255164653,-0.018349126782634388,0.40873090519059285,0.637250293999801,414.0,0.3048682710479569,-0.19146734076106392,0.450053177900346,0.5551758814160449,2084.0,0.3460602176515061,-0.2963099679165232,0.5051887880353594,0.4840205706414589,1250.0,0.3867231154417481,-0.35680082964799176,0.5591096583663148,0.42046468818106114,835.0,0.48803564504784547,-0.4798772143236649,0.6830362642961565,0.3105479489217539,423.0
27,ens_caruana_bag20_calibrated_best,ens_caruana_bag20_calibrated_best,2425,0.4225677355758737,0.5309546039994905,0.8447206388567249,0.3903,0.4332,0.847,2026-04-23 07:43:36.166235+00:00,0.3904030907582668,-0.0002015080978926076,0.5493925522211964,0.8485434837809608,4140.0,0.39705308627966907,-0.03896016641876841,0.5497673094456783,0.8485434837809608,4140.0,0.4042779659670792,-0.043764688716500966,0.562038932243738,0.8485434837809608,4140.0,0.4363826318920032,-0.10958966991695798,0.6036792259474584,0.8485434837809608,4140.0,0.3599608356688769,-0.005106142180171629,0.5040379889449191,0.8428488708611547,2115.0,0.3613776821971257,-0.016875232822773853,0.4979988595782921,0.8436408087491839,1242.0,0.36310912124733213,-0.027784953701244793,0.49245487333207244,0.8435262331103021,832.0,0.37630221699191746,-0.08262784185237651,0.517020821502821,0.8609469706826302,417.0,0.37605394354218924,-0.018702492434515227,0.5133062462014817,0.8697237810264008,2070.0,0.3712569791959727,-0.040149786188635926,0.5013437311966698,0.8670840086612426,1242.0,0.37655386902067034,-0.0531179002593047,0.49467802439485303,0.866777211077123,828.0,0.38089040882803843,-0.07523415687976807,0.506324057366087,0.8510817474405522,414.0,0.3750303871014001,-0.011793280104599537,0.5207076974618812,0.8507979007992889,2070.0,0.36706168309562853,-0.022423646163724126,0.5072585600943903,0.8337610798654514,1242.0,0.36238699582368955,-0.032655880066553455,0.496713330813775,0.8448116865673173,828.0,0.38299698196696613,-0.08818415068614482,0.521623427499793,0.8246683033746668,414.0,0.3720722568341016,-0.002545906415582576,0.5335674246172167,0.8168754430776134,2074.0,0.37050378496596953,-0.03339918704397629,0.5297202588007516,0.8076432123404244,1242.0,0.38011131081229627,-0.05278423759725923,0.5469774147560637,0.8065159416639566,895.0,0.41519343228130945,-0.12952004144619897,0.610509952615053,0.7860239677234173,414.0,0.29019193657159603,-0.0028684474952944262,0.4009535898306219,0.6491156000143007,2070.0,0.28042522834766886,-0.006275549009331191,0.3748297994538361,0.6307830885894256,1242.0,0.2742861588397041,-0.004121851867212028,0.37607772483337587,0.6384292846395646,828.0,0.27835258804154117,0.02057319406768091,0.3812755084177057,0.642413325444836,414.0,0.2948989609030905,-0.01115379130870395,0.4096721334081933,0.636570932757509,2070.0,0.2842219028115045,-0.024141007739787945,0.38568619821580025,0.6092767295377748,1242.0,0.28165175505699,-0.026373429071397916,0.3912189632877871,0.6074519297954255,828.0,0.2855274255164653,-0.018349126782634388,0.40873090519059285,0.637250293999801,414.0,0.3048682710479569,-0.19146734076106392,0.450053177900346,0.5551758814160449,2084.0,0.3460602176515061,-0.2963099679165232,0.5051887880353594,0.4840205706414589,1250.0,0.3867231154417481,-0.35680082964799176,0.5591096583663148,0.42046468818106114,835.0,0.48803564504784547,-0.4798772143236649,0.6830362642961565,0.3105479489217539,423.0
29,ens_caruana_bag20_calibrated_importance,ens_caruana_bag20,2420,0.4189477353901447,0.5264286679661508,0.8400634714255957,0.3914,0.4302,0.849,2026-04-24 09:37:39.056291+00:00,0.3914439945874893,0.01368579593258728,0.5505177555529411,0.8490307288007375,4140.0,0.4008992243311007,-0.03165407891610379,0.5535964125915455,0.8490307288007375,4140.0,0.40827723886483464,-0.034955943079203675,0.5658325326422099,0.8490307288007375,4140.0,0.4431581069972348,-0.1061775593826025,0.6098482083405955,0.8490307288007375,4140.0,0.3612145984361229,0.00014728705735120873,0.5057076252605378,0.8434738683727545,2115.0,0.36303846006138996,-0.013759166524153063,0.5008050039886128,0.8441670833614872,1242.0,0.36565500651840244,-0.027408572274765772,0.4961095307983764,0.8443735985330291,832.0,0.3825120429021704,-0.08667186359218906,0.5225673846315192,0.8618319519914189,417.0,0.37860379170782205,-0.005172157705023508,0.5148040460972431,0.8703243637098977,2070.0,0.37518569184190614,-0.02925214018847218,0.5044722866774276,0.8677526560635028,1242.0,0.3801610099253962,-0.04589156226108526,0.4974157062804923,0.8674854283508374,828.0,0.38889498804793177,-0.07751414055275441,0.5146228680918529,0.8518983344132312,414.0,0.3771722853886114,-0.003627706915849275,0.5229943708009959,0.8515379094895688,2070.0,0.37013014165178054,-0.02098472563130939,0.5110293583875377,0.8346413817716933,1242.0,0.36720955033993735,-0.03411685044538258,0.5021469041943246,0.8456391866237709,828.0,0.3888376837200347,-0.09503509763783481,0.5268158461673743,0.8258395312501161,414.0,0.37342082765664425,-0.0015493537134104107,0.5349312367499554,0.8175580744238219,2074.0,0.37336878662894896,-0.03504114656131299,0.5316944551087901,0.8086373390644026,1242.0,0.38254070358795694,-0.054303675994649483,0.5478444386813656,0.8077178139971289,895.0,0.42146835193116966,-0.13388921069638154,0.6117716104319105,0.7872920977357681,414.0,0.2922568883174619,-0.024767931628600047,0.402488477123477,0.6502482350974058,2070.0,0.28221423421497627,-0.0331000231120391,0.375929265559991,0.6325080570371368,1242.0,0.27575060500416537,-0.03347147418119186,0.3771140919350093,0.6403265057514372,828.0,0.27691171301976186,-0.01074891614917282,0.3794887563127938,0.6447871363063277,414.0,0.29731817185091014,-0.03441174292989364,0.41168557927394167,0.6378078018612501,2070.0,0.28751383137990416,-0.05378418627132458,0.3884810897084052,0.6109446174960365,1242.0,0.28493540700031933,-0.058962965839817603,0.39401526447511526,0.6094833455785984,828.0,0.28778479665474743,-0.05410667092859327,0.41091366084929826,0.6403191962361011,414.0,0.3079016755226822,-0.21176965442737122,0.4488649675301457,0.5562019147424894,2084.0,0.3587487671411208,-0.32250088946164773,0.5104385269564647,0.4846751838041623,1250.0,0.40651102321127663,-0.3870198024378633,0.5678885744990444,0.421315810158245,835.0,0.5185991686419108,-0.5149338589772073,0.6957240696640804,0.3111124794908754,423.0
30,ens_caruana_bag20_calibrated_importance,ens_caruana_bag20,2420,0.408442464692175,0.5131733083526292,0.8459121612013577,0.3914,0.4302,0.849,2026-04-24 15:44:03.447440+00:00,0.3914439945874893,0.01368579593258728,0.5505177555529411,0.8490307288007375,4140.0,0.4008992243311007,-0.03165407891610379,0.5535964125915455,0.8490307288007375,4140.0,0.40827723886483464,-0.034955943079203675,0.5658325326422099,0.8490307288007375,4140.0,0.4431581069972348,-0.1061775593826025,0.6098482083405955,0.8490307288007375,4140.0,0.3612145984361229,0.00014728705735120873,0.5057076252605378,0.8434738683727545,2115.0,0.36303846006138996,-0.013759166524153063,0.5008050039886128,0.8441670833614872,1242.0,0.36565500651840244,-0.027408572274765772,0.4961095307983764,0.8443735985330291,832.0,0.3825120429021704,-0.08667186359218906,0.5225673846315192,0.8618319519914189,417.0,0.37860379170782205,-0.005172157705023508,0.5148040460972431,0.8703243637098977,2070.0,0.37518569184190614,-0.02925214018847218,0.5044722866774276,0.8677526560635028,1242.0,0.3801610099253962,-0.04589156226108526,0.4974157062804923,0.8674854283508374,828.0,0.38889498804793177,-0.07751414055275441,0.5146228680918529,0.8518983344132312,414.0,0.3771722853886114,-0.003627706915849275,0.5229943708009959,0.8515379094895688,2070.0,0.37013014165178054,-0.02098472563130939,0.5110293583875377,0.8346413817716933,1242.0,0.36720955033993735,-0.03411685044538258,0.5021469041943246,0.8456391866237709,828.0,0.3888376837200347,-0.09503509763783481,0.5268158461673743,0.8258395312501161,414.0,0.37342082765664425,-0.0015493537134104107,0.5349312367499554,0.8175580744238219,2074.0,0.37336878662894896,-0.03504114656131299,0.5316944551087901,0.8086373390644026,1242.0,0.38254070358795694,-0.054303675994649483,0.5478444386813656,0.8077178139971289,895.0,0.42146835193116966,-0.13388921069638154,0.6117716104319105,0.7872920977357681,414.0,0.2922568883174619,-0.024767931628600047,0.402488477123477,0.6502482350974058,2070.0,0.28221423421497627,-0.0331000231120391,0.375929265559991,0.6325080570371368,1242.0,0.27575060500416537,-0.03347147418119186,0.3771140919350093,0.6403265057514372,828.0,0.27691171301976186,-0.01074891614917282,0.3794887563127938,0.6447871363063277,414.0,0.29731817185091014,-0.03441174292989364,0.41168557927394167,0.6378078018612501,2070.0,0.28751383137990416,-0.05378418627132458,0.3884810897084052,0.6109446174960365,1242.0,0.28493540700031933,-0.058962965839817603,0.39401526447511526,0.6094833455785984,828.0,0.28778479665474743,-0.05410667092859327,0.41091366084929826,0.6403191962361011,414.0,0.3079016755226822,-0.21176965442737122,0.4488649675301457,0.5562019147424894,2084.0,0.3587487671411208,-0.32250088946164773,0.5104385269564647,0.4846751838041623,1250.0,0.40651102321127663,-0.3870198024378633,0.5678885744990444,0.421315810158245,835.0,0.5185991686419108,-0.5149338589772073,0.6957240696640804,0.3111124794908754,423.0
36,ens_caruana_bag20_calibrated_best,ens_caruana_bag20_calibrated_best,2425,0.4145866903151991,0.5209430222090166,0.8454463307068544,0.3903,0.4332,0.847,2026-04-26 11:56:53.060122+00:00,0.3904030907582668,-0.0002015080978926076,0.5493925522211964,0.8485434837809608,4140.0,0.39705308627966907,-0.03896016641876841,0.5497673094456783,0.8485434837809608,4140.0,0.4042779659670792,-0.043764688716500966,0.562038932243738,0.8485434837809608,4140.0,0.4363826318920032,-0.10958966991695798,0.6036792259474584,0.8485434837809608,4140.0,0.3599608356688769,-0.005106142180171629,0.5040379889449191,0.8428488708611547,2115.0,0.3613776821971257,-0.016875232822773853,0.4979988595782921,0.8436408087491839,1242.0,0.36310912124733213,-0.027784953701244793,0.49245487333207244,0.8435262331103021,832.0,0.37630221699191746,-0.08262784185237651,0.517020821502821,0.8609469706826302,417.0,0.37605394354218924,-0.018702492434515227,0.5133062462014817,0.8697237810264008,2070.0,0.3712569791959727,-0.040149786188635926,0.5013437311966698,0.8670840086612426,1242.0,0.37655386902067034,-0.0531179002593047,0.49467802439485303,0.866777211077123,828.0,0.38089040882803843,-0.07523415687976807,0.506324057366087,0.8510817474405522,414.0,0.3750303871014001,-0.011793280104599537,0.5207076974618812,0.8507979007992889,2070.0,0.36706168309562853,-0.022423646163724126,0.5072585600943903,0.8337610798654514,1242.0,0.36238699582368955,-0.032655880066553455,0.496713330813775,0.8448116865673173,828.0,0.38299698196696613,-0.08818415068614482,0.521623427499793,0.8246683033746668,414.0,0.3720722568341016,-0.002545906415582576,0.5335674246172167,0.8168754430776134,2074.0,0.37050378496596953,-0.03339918704397629,0.5297202588007516,0.8076432123404244,1242.0,0.38011131081229627,-0.05278423759725923,0.5469774147560637,0.8065159416639566,895.0,0.41519343228130945,-0.12952004144619897,0.610509952615053,0.7860239677234173,414.0,0.29019193657159603,-0.0028684474952944262,0.4009535898306219,0.6491156000143007,2070.0,0.28042522834766886,-0.006275549009331191,0.3748297994538361,0.6307830885894256,1242.0,0.2742861588397041,-0.004121851867212028,0.37607772483337587,0.6384292846395646,828.0,0.27835258804154117,0.02057319406768091,0.3812755084177057,0.642413325444836,414.0,0.2948989609030905,-0.01115379130870395,0.4096721334081933,0.636570932757509,2070.0,0.2842219028115045,-0.024141007739787945,0.38568619821580025,0.6092767295377748,1242.0,0.28165175505699,-0.026373429071397916,0.3912189632877871,0.6074519297954255,828.0,0.2855274255164653,-0.018349126782634388,0.40873090519059285,0.637250293999801,414.0,0.3048682710479569,-0.19146734076106392,0.450053177900346,0.5551758814160449,2084.0,0.3460602176515061,-0.2963099679165232,0.5051887880353594,0.4840205706414589,1250.0,0.3867231154417481,-0.35680082964799176,0.5591096583663148,0.42046468818106114,835.0,0.48803564504784547,-0.4798772143236649,0.6830362642961565,0.3105479489217539,423.0
42,ens_caruana_bag20_calibrated_importance,ens_caruana_bag20,2420,0.409074454235369,0.5139018945881204,0.8475717867383492,0.3914,0.4302,0.849,2026-04-28 06:02:17.104737+00:00,0.3914439945874893,0.01368579593258728,0.5505177555529411,0.8490307288007375,4140.0,0.4008992243311007,-0.03165407891610379,0.5535964125915455,0.8490307288007375,4140.0,0.40827723886483464,-0.034955943079203675,0.5658325326422099,0.8490307288007375,4140.0,0.4431581069972348,-0.1061775593826025,0.6098482083405955,0.8490307288007375,4140.0,0.3612145984361229,0.00014728705735120873,0.5057076252605378,0.8434738683727545,2115.0,0.36303846006138996,-0.013759166524153063,0.5008050039886128,0.8441670833614872,1242.0,0.36565500651840244,-0.027408572274765772,0.4961095307983764,0.8443735985330291,832.0,0.3825120429021704,-0.08667186359218906,0.5225673846315192,0.8618319519914189,417.0,0.37860379170782205,-0.005172157705023508,0.5148040460972431,0.8703243637098977,2070.0,0.37518569184190614,-0.02925214018847218,0.5044722866774276,0.8677526560635028,1242.0,0.3801610099253962,-0.04589156226108526,0.4974157062804923,0.8674854283508374,828.0,0.38889498804793177,-0.07751414055275441,0.5146228680918529,0.8518983344132312,414.0,0.3771722853886114,-0.003627706915849275,0.5229943708009959,0.8515379094895688,2070.0,0.37013014165178054,-0.02098472563130939,0.5110293583875377,0.8346413817716933,1242.0,0.36720955033993735,-0.03411685044538258,0.5021469041943246,0.8456391866237709,828.0,0.3888376837200347,-0.09503509763783481,0.5268158461673743,0.8258395312501161,414.0,0.37342082765664425,-0.0015493537134104107,0.5349312367499554,0.8175580744238219,2074.0,0.37336878662894896,-0.03504114656131299,0.5316944551087901,0.8086373390644026,1242.0,0.38254070358795694,-0.054303675994649483,0.5478444386813656,0.8077178139971289,895.0,0.42146835193116966,-0.13388921069638154,0.6117716104319105,0.7872920977357681,414.0,0.2922568883174619,-0.024767931628600047,0.402488477123477,0.6502482350974058,2070.0,0.28221423421497627,-0.0331000231120391,0.375929265559991,0.6325080570371368,1242.0,0.27575060500416537,-0.03347147418119186,0.3771140919350093,0.6403265057514372,828.0,0.27691171301976186,-0.01074891614917282,0.3794887563127938,0.6447871363063277,414.0,0.29731817185091014,-0.03441174292989364,0.41168557927394167,0.6378078018612501,2070.0,0.28751383137990416,-0.05378418627132458,0.3884810897084052,0.6109446174960365,1242.0,0.28493540700031933,-0.058962965839817603,0.39401526447511526,0.6094833455785984,828.0,0.28778479665474743,-0.05410667092859327,0.41091366084929826,0.6403191962361011,414.0,0.3079016755226822,-0.21176965442737122,0.4488649675301457,0.5562019147424894,2084.0,0.3587487671411208,-0.32250088946164773,0.5104385269564647,0.4846751838041623,1250.0,0.40651102321127663,-0.3870198024378633,0.5678885744990444,0.421315810158245,835.0,0.5185991686419108,-0.5149338589772073,0.6957240696640804,0.3111124794908754,423.0
