feature,gain_sum,gain_mean
SLogP,33921.774819072336,6784.354963814467
MINdO,5152.03686222434,1030.407372444868
FilterItLogS,3907.7165036164224,781.5433007232845
VR1_Dzm,3813.2460327148438,762.6492065429687
ABCGG,3610.469246841967,722.0938493683934
Vabc,3491.9401235356927,698.3880247071386
VE2_Dzse,3419.2231978923082,683.8446395784616
VE1_Dzse,3365.6361290812492,673.1272258162498
VE1_DzZ,2446.0583009421825,489.2116601884365
VR3_DzZ,2396.2345747351646,479.2469149470329
VR1_Dzp,2188.2898947298527,437.6579789459705
TopoPSA(NO),2095.452632945031,419.0905265890062
ATS7m,2091.0680835545063,418.21361671090125
VE2_Dzi,1954.7739907205105,390.9547981441021
ATSC0d,1952.457676589489,390.4915353178978
VR3_Dt,1941.0606073141098,388.212121462822
ETA_shape_x,1790.794428318739,358.1588856637478
Xpc-6dv,1592.5618367679417,318.51236735358833
ATS0d,1313.3356367647648,262.66712735295295
SMR_VSA5,1296.0664174742997,259.2132834948599
PEOE_VSA6,1238.1192441433668,247.62384882867337
ATS4Z,1199.8851253427565,239.9770250685513
VSA_EState2,1065.6932592466474,213.13865184932948
BCUTd-1h,980.6851673871279,196.13703347742558
Xpc-5dv,946.594294205308,189.3188588410616
VR3_D,902.031005859375,180.406201171875
Xc-5dv,884.2931735031307,176.85863470062614
AATSC0p,783.5435138195753,156.70870276391506
ATS5Z,763.1832242459059,152.63664484918118
GATS4d,755.6418884657323,151.12837769314646
ATS7Z,724.2796588614583,144.85593177229165
PEOE_VSA2,719.8693599738181,143.9738719947636
MINdssC,613.3946239463985,122.6789247892797
GATS1se,602.7369914501905,120.5473982900381
AETA_beta_s,599.625599309802,119.92511986196041
Diameter,598.500408153981,119.70008163079619
AMID_N,578.0370149500668,115.60740299001336
GATS7s,566.6043764948845,113.3208752989769
SlogP_VSA2,566.319475453347,113.2638950906694
MAXsssN,562.9767131656408,112.59534263312817
SdsCH,535.3727726787329,107.07455453574657
MAXaaaC,530.1558441370726,106.03116882741452
SpMAD_D,526.6192842572927,105.32385685145854
MID_N,526.2178977653384,105.24357955306769
ATS2v,524.7672720365226,104.95345440730452
VSA_EState1,523.1964402832091,104.63928805664182
ATS4m,518.9727659672499,103.79455319344997
MINdsCH,515.9602111242712,103.19204222485423
PEOE_VSA8,502.0784696266055,100.41569392532111
NdCH2,498.8496688604355,99.7699337720871
GATS5c,473.0945161357522,94.61890322715044
ATSC5d,461.8591381460428,92.37182762920857
MAXdO,455.02421129122376,91.00484225824475
JGI3,432.32646596059203,86.46529319211841
AATS5s,395.4771099872887,79.09542199745775
GATS6s,388.30089373886585,77.66017874777317
GGI3,387.7912240102887,77.55824480205774
BalabanJ,387.1618645787239,77.43237291574478
AATSC0v,383.4242483340204,76.68484966680407
MWC06,381.342822521925,76.268564504385
Xpc-5d,376.94021989032626,75.38804397806526
PEOE_VSA10,371.2013865150511,74.24027730301023
JGI7,370.02256168052554,74.00451233610511
MATS3d,362.95439498499036,72.59087899699807
RPCG,362.7886726334691,72.55773452669382
ATSC2dv,361.40145019441843,72.28029003888369
ATS6m,360.3141355738044,72.06282711476088
AATSC3dv,357.66355630010366,71.53271126002073
Xp-4d,351.05856681615114,70.21171336323023
ATS6Z,346.93766598030925,69.38753319606185
SlogP_VSA8,345.56016333401203,69.1120326668024
Xc-3dv,344.5784799195826,68.91569598391652
ATSC2s,343.3386270329356,68.66772540658712
IC2,342.6981125548482,68.53962251096964
NdsCH,341.54617631435394,68.30923526287079
Radius,337.485936768353,67.4971873536706
GATS4c,333.30366561561823,66.66073312312365
SlogP_VSA5,327.87996420636773,65.57599284127355
ATSC3dv,326.47003976628184,65.29400795325637
SMR_VSA6,322.2635204717517,64.45270409435034
MATS3dv,320.88846177607775,64.17769235521556
MINaaCH,315.7733796425164,63.15467592850327
MAXdssC,309.24943789839745,61.84988757967949
BCUTd-1l,307.17407375201583,61.43481475040316
piPC10,302.67548044770956,60.53509608954191
MATS1se,301.2852974124253,60.257059482485055
ATS5m,299.8970869705081,59.97941739410162
ZMIC2,297.00173995643854,59.40034799128771
SsssN,292.96528112888336,58.59305622577667
GATS7se,288.07128588855267,57.614257177710535
C1SP2,286.2570390701294,57.25140781402588
PEOE_VSA7,285.7249186486006,57.14498372972012
GATS8d,285.2260347865522,57.04520695731044
Xc-6d,280.3371683359146,56.067433667182925
MINssCH2,275.25351183861494,55.05070236772299
ETA_dEpsilon_D,272.3181463740766,54.46362927481532
nBase,271.8412008360028,54.36824016720057
PEOE_VSA1,265.94456301257014,53.18891260251403
BIC5,262.79967764019966,52.55993552803993
ATS6i,262.1030794531107,52.42061589062214
ETA_eta,252.34070759639144,50.46814151927829
TopoPSA,251.95102996006608,50.390205992013215
ATSC1se,251.84001510590315,50.36800302118063
EState_VSA3,248.65591111034155,49.73118222206831
SaaaC,243.09932070598006,48.61986414119601
ATSC2d,241.07380792871118,48.21476158574224
SIC2,240.0348945632577,48.00697891265154
SpDiam_A,238.74060639739037,47.74812127947807
GATS1are,234.291771620512,46.8583543241024
ATSC2pe,233.3094612956047,46.66189225912094
SaaNH,231.85390640050173,46.370781280100346
AATS6s,227.7707603983581,45.554152079671624
VSA_EState6,226.53612882643938,45.307225765287875
ATSC3d,226.40129513666034,45.280259027332065
AATSC3d,224.61834375560284,44.923668751120566
SMR_VSA3,223.83131458610296,44.766262917220594
MAXaaCH,222.47331136465073,44.49466227293014
AATSC2s,221.65274389833212,44.33054877966642
EState_VSA1,221.32201540470123,44.26440308094025
MATS8dv,220.70897602289915,44.14179520457983
AATSC1i,219.6907116174698,43.938142323493956
GATS7c,218.49778759106994,43.699557518213986
IC1,218.33636555075645,43.66727311015129
SpMAD_Dzv,216.98643912374973,43.397287824749945
GATS6c,215.32741067558527,43.06548213511705
ATSC1i,214.30613088980317,42.86122617796063
Xp-2dv,213.5827369503677,42.716547390073536
VSA_EState5,212.66802563890815,42.53360512778163
AATSC4s,212.26186718419194,42.452373436838386
VSA_EState3,212.0083488225937,42.401669764518736
MATS1i,209.5588170364499,41.91176340728998
AXp-3d,207.89731930941343,41.57946386188269
JGI8,207.8589632511139,41.571792650222775
ZMIC4,207.7617050409317,41.55234100818634
MAXssCH2,207.66755590587854,41.53351118117571
ATSC8d,207.58647369593382,41.51729473918677
GATS8c,205.598753541708,41.1197507083416
VSA_EState4,204.21089283376932,40.842178566753866
BIC2,203.27573755383492,40.65514751076698
VR2_A,201.02248039096594,40.20449607819319
AATSC0c,198.65940069034696,39.73188013806939
MDEC-23,198.38969258591533,39.677938517183065
MATS2pe,194.26102481782436,38.85220496356487
BCUTs-1l,193.4930998198688,38.69861996397376
GGI8,192.68494454026222,38.53698890805244
MAXaasC,192.20474968105555,38.44094993621111
SpMAD_DzZ,191.82828664034605,38.36565732806921
Xc-4dv,190.66971578076482,38.13394315615297
GATS5d,189.40991405397654,37.88198281079531
MINaasC,189.09024475887418,37.818048951774834
Xpc-6d,187.37096974253654,37.474193948507306
GATS7dv,185.76277397572994,37.15255479514599
ATSC2i,185.7349534444511,37.14699068889022
GATS3c,185.706235319376,37.1412470638752
ATSC4i,183.11555855348706,36.623111710697415
SdCH2,181.9957973845303,36.399159476906064
SpMAD_Dt,180.52077011018991,36.10415402203798
GATS8s,179.49681686237454,35.89936337247491
ATSC0c,178.74737258255482,35.749474516510965
AATSC4dv,177.4356439039111,35.48712878078222
ATS3Z,177.23586457967758,35.44717291593552
AATS4i,175.53309404477477,35.106618808954956
BIC1,173.3109282106161,34.66218564212322
MATS2dv,173.16416393220425,34.63283278644085
MATS5d,173.08665712922812,34.61733142584562
ATSC6d,172.2726431004703,34.45452862009406
GGI4,171.73525692522526,34.34705138504505
MINaaNH,170.98689943552017,34.197379887104034
MATS2s,170.93997605517507,34.187995211035016
AATS7s,168.840013243258,33.7680026486516
GATS1d,168.5921715386212,33.71843430772424
nHBAcc,168.10486003011465,33.62097200602293
Xch-7dv,168.01489984989166,33.602979969978335
Xpc-4dv,167.92010779678822,33.584021559357645
ATSC1d,167.64672034233809,33.529344068467616
MINaaaC,166.64946961775422,33.32989392355084
AATSC2pe,166.06902115792036,33.21380423158407
SlogP_VSA3,166.0549382418394,33.21098764836788
BCUTc-1h,165.5816469490528,33.11632938981056
EState_VSA7,164.56392854452133,32.912785708904266
BCUTare-1l,164.41597205400467,32.88319441080093
MPC10,163.91566170752048,32.7831323415041
BCUTi-1h,163.74670687690377,32.74934137538075
MAXaaNH,163.0296536386013,32.60593072772026
SaasC,162.65439078211784,32.53087815642357
AETA_eta,161.8536147326231,32.37072294652462
JGI6,161.82079879567027,32.364159759134054
GATS4v,161.7295504435897,32.345910088717936
MID_C,161.6423837542534,32.328476750850676
ATSC3c,161.4146673232317,32.28293346464634
MDEC-11,161.4076610133052,32.28153220266104
GATS6se,159.4772730767727,31.895454615354538
SlogP_VSA10,159.35951028764248,31.871902057528494
AATSC5d,159.1253368780017,31.825067375600337
GATS5i,158.97899474948645,31.79579894989729
MATS4s,157.8605694435537,31.57211388871074
BCUTc-1l,157.4849406965077,31.49698813930154
EState_VSA8,155.28309471905231,31.056618943810463
VSA_EState8,155.10378229618073,31.020756459236146
AATS6i,154.5419245697558,30.90838491395116
AATS6se,153.88455491513014,30.776910983026028
GATS1pe,153.86584385484457,30.773168770968915
Xch-6dv,153.68246364593506,30.736492729187013
ZMIC3,153.5052502155304,30.70105004310608
ATS8pe,153.46263785660267,30.692527571320532
VSA_EState7,153.46246887743473,30.692493775486945
IC3,153.0185112953186,30.60370225906372
ATSC8dv,152.9059912338853,30.581198246777056
ZMIC5,152.50262241065502,30.500524482131006
JGI4,151.9422097429633,30.388441948592664
ATS8m,151.37118953466415,30.274237906932832
nHRing,150.49480898678303,30.098961797356605
piPC8,147.99046210944653,29.598092421889305
GATS4s,147.62014080956578,29.524028161913158
ATSC4d,146.5796603411436,29.315932068228722
AATS1i,146.21060821041465,29.242121642082928
ATS5s,145.4604039900005,29.092080798000097
PEOE_VSA9,145.43767930939794,29.087535861879587
ATSC1s,144.67165150493383,28.934330300986765
MATS2are,143.57459872961044,28.71491974592209
CIC2,143.45765656977892,28.691531313955785
GATS8i,143.31930238753557,28.663860477507114
ATS6s,143.1795874759555,28.635917495191098
AATSC6d,143.1620530486107,28.632410609722136
SRW04,142.42889852821827,28.485779705643655
AETA_eta_R,141.72460040822625,28.34492008164525
AXp-0dv,141.7089582644403,28.34179165288806
Xc-5d,141.69400431215763,28.338800862431526
fragCpx,140.24428247660398,28.0488564953208
ATSC0i,138.52055663615465,27.70411132723093
ETA_shape_y,138.4986106529832,27.699722130596637
GATS7p,138.16239243000746,27.632478486001492
MATS3c,138.15439254418015,27.63087850883603
ATS5i,138.15332809463143,27.630665618926287
AATS5i,137.57100769877434,27.51420153975487
MATS3se,137.17486692592502,27.434973385185003
GATS1s,137.05189410597086,27.410378821194172
BIC3,136.96681057289243,27.393362114578487
GATS6are,136.03562752902508,27.207125505805017
AXp-6d,135.97194100916386,27.194388201832773
GATS4dv,134.83357851952314,26.96671570390463
ATSC7v,134.1445415019989,26.82890830039978
MDEN-23,134.02129025012255,26.804258050024508
AXp-7d,133.8525121808052,26.770502436161042
ATSC4dv,133.49488620087504,26.698977240175008
MATS8i,132.86278926581144,26.572557853162287
BCUTm-1l,132.80701953172684,26.56140390634537
GATS5pe,132.78515842929482,26.557031685858966
ATS5p,132.61231942474842,26.522463884949683
AXp-1d,132.07160390913486,26.414320781826973
TIC0,131.96690279617906,26.393380559235812
AMID_O,131.31231151148677,26.262462302297354
MATS3are,131.1263877004385,26.2252775400877
ATSC7d,130.34605928510427,26.069211857020854
TIC1,130.2125821299851,26.042516425997018
GATS5dv,130.08187946677208,26.016375893354414
piPC7,129.98068095371127,25.996136190742256
ATSC5v,129.4529079347849,25.890581586956976
AETA_beta_ns_d,129.2565151937306,25.851303038746117
MATS1s,128.55703860148787,25.711407720297576
MATS8c,128.39076389744878,25.678152779489757
AATSC1c,128.3881005346775,25.6776201069355
VE1_A,128.2163455747068,25.643269114941358
RotRatio,128.18652111291885,25.637304222583772
SdssC,126.92404767498374,25.384809534996748
GATS7are,126.77320931851864,25.354641863703726
EState_VSA4,126.52070513367653,25.304141026735305
SaaN,126.32822816073895,25.265645632147788
BIC4,126.00506884604692,25.201013769209386
JGI2,125.95442130044103,25.190884260088204
MID_h,125.59076494723558,25.11815298944712
GATS8dv,125.41964651271701,25.083929302543403
GATS2c,125.35991119220853,25.071982238441706
MATS2se,124.80328825861216,24.960657651722432
GGI10,124.68487933278084,24.936975866556168
GATS6Z,124.40831633657217,24.881663267314433
ATS3d,124.40714520215988,24.881429040431975
GATS2d,124.12982042878866,24.825964085757732
JGI5,123.83963999152184,24.767927998304366
SpMax_A,123.25145701691508,24.650291403383015
GATS6d,123.08020351827145,24.61604070365429
GATS5Z,122.55775700137019,24.511551400274037
piPC9,122.18638660013676,24.437277320027352
GATS2p,122.00069281086326,24.40013856217265
GATS5se,121.70724634826183,24.341449269652365
MATS3i,121.07424717769027,24.214849435538053
AXp-5d,120.60542707145214,24.121085414290427
SpMAD_A,120.160157173872,24.0320314347744
MINsCH3,119.14952183887362,23.829904367774724
ATSC0p,119.03522599488497,23.807045198976994
ATSC5i,118.85152483731508,23.770304967463016
ATSC7s,118.5289953649044,23.70579907298088
SpMAD_Dzse,118.51251041144133,23.702502082288266
JGI10,117.81308758631349,23.562617517262698
SpMAD_Dzp,117.18495342880487,23.436990685760975
GATS3s,117.03461817651987,23.406923635303976
ATSC7p,116.90224213898182,23.380448427796363
AATS5se,116.51173217594624,23.302346435189246
MDEC-13,116.40859565138817,23.281719130277633
SMR_VSA9,116.31168305501342,23.262336611002684
JGI9,115.74521141126752,23.149042282253504
GGI5,115.64963157847524,23.129926315695048
GATS7pe,115.25277880951762,23.050555761903524
GATS8p,115.22554457187653,23.045108914375305
MATS4d,114.68134998902678,22.936269997805358
BCUTZ-1l,114.52802497893572,22.905604995787144
EState_VSA5,114.4681790061295,22.8936358012259
ATSC2Z,114.08306934311986,22.81661386862397
AMID,113.87228162586689,22.77445632517338
ETA_shape_p,113.77307724580169,22.754615449160337
MATS2d,113.58968208357692,22.717936416715382
EState_VSA2,113.40107687562704,22.680215375125407
ATS7dv,112.8052644059062,22.56105288118124
SpMAD_Dzi,112.69925036281347,22.539850072562693
AATSC0s,112.13136855512857,22.426273711025715
MIC1,112.12023819983006,22.424047639966012
MWC07,111.96254841983318,22.392509683966637
ATSC2c,111.70041427016258,22.340082854032516
MATS3pe,111.3638679087162,22.27277358174324
RNCG,111.20464284345508,22.240928568691015
ATSC3s,111.03680651634932,22.207361303269863
GGI6,111.00797077640891,22.201594155281782
MINaaN,110.1231415681541,22.02462831363082
GATS6pe,109.15500558912754,21.831001117825508
ATS2dv,109.13234217464924,21.826468434929847
AATS3i,108.76022036001086,21.75204407200217
ATSC4s,108.62383960187435,21.72476792037487
ATSC2are,108.27410358935595,21.65482071787119
MATS4dv,108.24668879434466,21.64933775886893
GATS1c,108.23918507248163,21.647837014496325
SsCH3,107.48966692760587,21.497933385521172
AMID_h,107.46843241900206,21.49368648380041
C2SP3,107.16553580015898,21.433107160031796
GATS3p,107.00719847530127,21.401439695060255
GATS5are,106.87019630894065,21.37403926178813
ATSC1dv,106.82818650454283,21.365637300908567
NsssCH,106.61700636148453,21.323401272296906
ATSC7i,105.95326529070735,21.19065305814147
MDEN-22,105.71206977590919,21.142413955181837
AATSC1dv,105.6052617803216,21.121052356064318
ATSC4c,105.31998219713569,21.063996439427136
GATS2i,105.25154351443052,21.050308702886106
GATS6v,105.12590348348022,21.025180696696044
AATSC2d,105.0551045909524,21.01102091819048
ATSC8i,105.01335382461548,21.002670764923096
GATS3Z,105.00555811077356,21.001111622154713
GATS1i,104.99276466667652,20.998552933335304
ATS5dv,104.94298441708088,20.988596883416175
GATS7d,104.60560532659292,20.921121065318584
ATS8Z,104.49821741878986,20.899643483757973
AATS2i,104.11008250713348,20.822016501426695
ATSC8c,103.49268442764878,20.698536885529755
Xp-7dv,103.30555519834161,20.66111103966832
MATS2c,103.12423776835203,20.624847553670406
MAXaaN,103.07255697250366,20.61451139450073
AATSC1se,103.0693812072277,20.613876241445542
AATSC6c,102.97316602617502,20.594633205235006
Xp-6dv,102.82343006879091,20.564686013758184
ATSC8Z,102.79258920997381,20.558517841994764
ATSC0v,102.63934455439448,20.527868910878897
PEOE_VSA3,102.59035488963127,20.518070977926254
GATS2Z,102.42476388812065,20.48495277762413
MATS1Z,102.11314166337252,20.422628332674503
ATSC7se,102.10437693074346,20.42087538614869
ATS4p,102.03313465416431,20.406626930832864
ATSC1v,101.9306356832385,20.3861271366477
ATSC2se,101.4363495670259,20.28726991340518
AETA_eta_BR,101.29840353503823,20.259680707007647
AATS3s,101.11064226180315,20.22212845236063
GATS3dv,100.63966649025679,20.127933298051357
SpDiam_D,100.44817184656858,20.089634369313718
fMF,100.35582082718611,20.07116416543722
ATSC1c,100.11879465728998,20.023758931457998
MATS8d,99.87667758762836,19.97533551752567
TMPC10,99.84205669164658,19.968411338329314
GATS6i,99.5206792242825,19.9041358448565
AATSC1s,99.02298951148987,19.804597902297974
BCUTdv-1h,98.74953609704971,19.74990721940994
GATS6p,97.53746366500854,19.50749273300171
IC5,97.48290404304862,19.496580808609725
Xch-5dv,97.36464286595583,19.472928573191165
MATS2Z,96.14292662590742,19.228585325181484
EState_VSA9,95.75980305299163,19.151960610598326
MAXsCH3,95.62096500396729,19.124193000793458
ATSC5pe,95.33866922557354,19.06773384511471
AATS8d,95.2858296893537,19.057165937870742
AATS5d,95.10774395242333,19.021548790484665
MATS1dv,95.0119369700551,19.00238739401102
GATS2dv,94.97990617901087,18.995981235802173
SpMAD_Dzpe,94.93693985044956,18.987387970089912
SpAD_Dzp,94.86156216263771,18.97231243252754
EState_VSA6,94.60784251242876,18.92156850248575
MATS1pe,94.31770602613688,18.863541205227374
ATSC6c,94.24890475720167,18.849780951440334
ECIndex,94.03348578512669,18.806697157025337
AATS8p,93.85773602873087,18.771547205746174
Xp-0dv,93.76198814064264,18.752397628128527
GATS4se,93.43687771260738,18.687375542521476
MATS3s,93.43093017861247,18.686186035722493
SM1_Dzi,93.28800085932016,18.657600171864033
GATS5v,93.01650180667639,18.60330036133528
AATS7i,92.86825493723154,18.573650987446307
AATSC7c,91.51512549817562,18.303025099635125
AATS8i,91.33821461349726,18.26764292269945
ATS1dv,90.93376883864403,18.186753767728806
piPC6,90.88228242844343,18.176456485688686
GATS2v,90.70128727704287,18.140257455408573
VR3_A,90.67630526050925,18.13526105210185
MATS7d,90.54620734974742,18.109241469949485
C1SP3,89.85954736173153,17.971909472346304
ATS4v,89.5052661895752,17.90105323791504
Xp-3dv,89.5008742660284,17.90017485320568
AATS3p,89.17379259318113,17.834758518636228
ATSC3are,88.9812745898962,17.79625491797924
GATS2s,88.50318202376366,17.700636404752732
SaaCH,88.22625663131475,17.64525132626295
ATSC3i,88.16902544349432,17.633805088698864
MATS4m,87.53478717803955,17.50695743560791
nBondsD,87.16099992394447,17.432199984788895
MDEC-33,87.10151150077581,17.420302300155164
MID_O,87.0040044002235,17.4008008800447
AATSC2are,86.97490795701742,17.394981591403486
ZMIC1,86.87691536173224,17.375383072346448
GATS2pe,86.53427079692483,17.306854159384965
MATS2m,86.36474377661943,17.27294875532389
Xp-7d,86.27925941720605,17.25585188344121
SlogP_VSA4,86.23810911551118,17.247621823102236
MATS5Z,86.19423450529575,17.23884690105915
MATS6c,86.16121839731932,17.232243679463863
AATS6p,86.12932949885726,17.225865899771453
AATS5p,86.10362907499075,17.22072581499815
AXp-1dv,86.04479191452265,17.20895838290453
MATS6d,85.83793829381466,17.167587658762933
GATS7i,85.7303359284997,17.14606718569994
MATS5v,85.70660485327244,17.141320970654487
AXp-2dv,85.40100060403347,17.080200120806694
GATS3d,85.11370974779129,17.02274194955826
MATS2i,85.0429866798222,17.008597335964442
ATSC5c,84.54594683647156,16.90918936729431
MDEC-12,84.51221174746752,16.902442349493505
GATS8Z,84.27753820642829,16.85550764128566
AATSC1d,84.2496254965663,16.84992509931326
ETA_eta_BR,83.93561458960176,16.78712291792035
AATSC0pe,83.72500440478325,16.74500088095665
GATS3i,83.53167455643415,16.70633491128683
AATS7dv,83.44839318096638,16.689678636193275
AATSC8i,83.37452910840511,16.674905821681023
ATS3se,83.14324723184109,16.628649446368218
BCUTse-1l,83.13370883464813,16.626741766929626
ATS8s,83.08300784230232,16.616601568460464
ATSC3p,82.97147988528013,16.594295977056028
Xch-7d,82.91956610232592,16.583913220465185
SRW08,82.91847039759159,16.583694079518317
ATSC6i,82.78258435428143,16.556516870856285
AATSC3se,82.73145058006048,16.546290116012095
AATS1s,82.73068467900157,16.546136935800313
MATS1c,82.6520625948906,16.530412518978117
AATS0s,82.46739229559898,16.493478459119796
ATSC3v,82.35460395365953,16.470920790731906
Xch-6d,82.1152114123106,16.42304228246212
GATS7Z,82.07407209277153,16.414814418554307
ATS6dv,82.0049528516829,16.40099057033658
GATS1Z,81.66708120331168,16.333416240662338
Mi,81.6371013969183,16.32742027938366
JGI1,81.16325941681862,16.232651883363722
ATSC4p,81.13651087880135,16.22730217576027
SlogP_VSA6,81.01556082814932,16.203112165629864
ATS4d,80.63613117486238,16.127226234972476
SssNH,80.54319720342755,16.10863944068551
ATS7s,80.50628947466612,16.101257894933223
AXp-4d,80.30705476552248,16.061410953104495
AATS8v,80.19371463358402,16.038742926716804
AATSC4d,80.08069757372141,16.01613951474428
ATSC7m,79.86923802644014,15.973847605288029
AMID_C,79.84260934963822,15.968521869927645
ATSC5dv,79.8354448787868,15.96708897575736
AATSC6s,79.64944559335709,15.929889118671417
ATSC8v,79.46773756295443,15.893547512590885
TIC2,79.42950891703367,15.885901783406734
SssCH2,79.39233743399382,15.878467486798764
GATS3se,79.14591132104397,15.829182264208793
SIC1,79.13568491488695,15.82713698297739
AATS4d,78.97117720544338,15.794235441088677
ATS8dv,78.81984847038984,15.763969694077968
AATS6d,78.40223668888211,15.680447337776423
GATS8se,78.27499933540821,15.654999867081642
C2SP2,78.04156275838614,15.608312551677226
MATS5i,77.78388396278024,15.556776792556047
GATS7v,77.68456944450736,15.536913888901472
AATS3d,77.31083657592535,15.46216731518507
CIC3,77.30490428954363,15.460980857908726
ATSC6dv,77.30033499002457,15.460066998004914
ATSC1pe,77.25705180689692,15.451410361379384
MATS5s,77.07452112808824,15.414904225617647
AATSC2c,77.01381470263004,15.402762940526008
ATS4s,76.84038167819381,15.368076335638762
TpiPC10,76.81316459923983,15.362632919847965
ATS6pe,76.6712747067213,15.33425494134426
AATSC8d,76.29243798553944,15.258487597107887
MATS7i,75.90698653832078,15.181397307664156
nN,75.61254286766052,15.122508573532105
CIC1,75.50383030995727,15.100766061991454
C3SP2,75.37256453931332,15.074512907862664
TSRW10,75.36710404604673,15.073420809209347
ATSC4se,74.87677535042167,14.975355070084333
ATS4are,74.86368757486343,14.972737514972687
BCUTpe-1h,74.7756646797061,14.955132935941219
ATS2d,74.51973623782396,14.903947247564792
GATS2m,74.43104792758822,14.886209585517644
AATSC5v,74.25317927077413,14.850635854154826
ATS6se,73.84875500947237,14.769751001894473
AATS8s,73.80839664489031,14.761679328978062
MATS7s,73.62775196135044,14.725550392270089
ETA_psi_1,73.60177240148187,14.720354480296374
ETA_beta,73.55162234604359,14.710324469208718
ATSC1are,73.54529443383217,14.709058886766433
GATS4pe,73.47032976895571,14.694065953791142
GATS8v,73.44922069460154,14.689844138920307
MATS7v,73.04287535324693,14.608575070649385
AATSC0d,72.87556943669915,14.57511388733983
AATS3v,72.14890554919839,14.429781109839677
IC4,72.13550413399935,14.427100826799869
AATS5m,71.8826369419694,14.376527388393878
AATS6v,71.59401373937726,14.318802747875452
AATS4s,71.52450290322304,14.304900580644608
ATS2m,71.50346466898918,14.300692933797837
MATS7se,71.44383858144283,14.288767716288566
SRW06,71.2578895688057,14.251577913761139
AATSC1p,71.1251724511385,14.2250344902277
GATS3pe,71.08944994956255,14.21788998991251
ATSC7dv,70.91910367459059,14.183820734918118
n6HRing,70.80006039142609,14.160012078285217
ATSC5s,70.65650501102209,14.131301002204419
ATSC1p,70.58156164735556,14.11631232947111
GGI9,70.52015227079391,14.104030454158783
SpAD_D,70.51221615821123,14.102443231642246
GGI7,70.49465449154377,14.098930898308755
MWC08,70.4787660241127,14.09575320482254
SM1_Dzp,70.46285039931536,14.092570079863071
SIC4,70.22140476107597,14.044280952215194
MATS1are,70.21806769818068,14.043613539636135
MATS7p,70.08093093335629,14.016186186671257
ATS3dv,69.98293277993798,13.996586555987596
ATS1Z,69.9226153343916,13.98452306687832
AATS6pe,69.91992568224669,13.983985136449338
nFARing,69.60335817933083,13.920671635866166
AETA_eta_FL,69.44548283144832,13.889096566289663
GATS4are,69.4179624505341,13.883592490106821
ETA_epsilon_5,69.35784322395921,13.871568644791841
MATS5p,69.30264122784138,13.860528245568275
MATS1v,68.72816141694784,13.745632283389568
MATS3v,68.68924428522587,13.737848857045174
ATSC2p,68.67283383011818,13.734566766023637
MAXssNH,68.54062569141388,13.708125138282776
AATSC5s,68.4510955363512,13.690219107270241
ATSC8p,68.41019760072231,13.682039520144462
SpDiam_DzZ,68.3623398989439,13.672467979788781
AATSC2i,68.20967580750585,13.64193516150117
AATSC8c,68.15912313014269,13.631824626028537
ATSC1Z,67.98426736146212,13.596853472292423
Xc-3d,67.92131200060248,13.584262400120497
MINssNH,67.74869691208005,13.54973938241601
AATSC2m,67.70390683412552,13.540781366825104
MATS4c,67.59121372550726,13.518242745101452
AATSC3c,67.3174201771617,13.463484035432339
ATSC7are,67.03492493927479,13.406984987854958
AATSC7v,66.98620277643204,13.397240555286407
MWC02,66.84543452039361,13.369086904078722
AATSC3Z,66.83942541852593,13.367885083705186
TIC3,66.58216248825192,13.316432497650386
ATSC6v,66.50166944041848,13.300333888083696
ATSC6Z,66.32806201279163,13.265612402558327
AATS4se,66.1200038716197,13.22400077432394
ATSC5p,66.04769068211317,13.209538136422633
AATSC7p,65.94743478670716,13.189486957341433
MATS5are,65.9284819252789,13.185696385055781
GATS4i,65.82473240047693,13.164946480095386
ETA_eta_FL,65.66619958728552,13.133239917457104
SlogP_VSA1,65.64105663448572,13.128211326897144
AATSC3i,65.57323843240738,13.114647686481476
ATS8v,65.49269260466099,13.098538520932198
AATS7are,65.49113775789738,13.098227551579475
MINsssN,65.18636627495289,13.037273254990577
piPC2,65.11942962557077,13.023885925114154
ATS4pe,64.64227993786335,12.92845598757267
MPC9,64.57883468270302,12.915766936540603
ATSC8s,64.40137653052807,12.880275306105613
AATSC1pe,64.39608985930681,12.879217971861362
LogEE_D,64.26062995195389,12.852125990390778
ATSC3se,64.12325372546911,12.824650745093823
SM1_Dzare,64.08094643801451,12.816189287602901
MDEC-14,64.01803578436375,12.803607156872749
GATS4p,63.957052029669285,12.791410405933856
MATS8se,63.84926373511553,12.769852747023105
ATS8are,63.613475278019905,12.722695055603982
ATSC7Z,63.59290833026171,12.71858166605234
ATSC6s,63.54088848084211,12.708177696168423
SpAD_Dt,63.39067490771413,12.678134981542826
MPC8,63.390059411525726,12.678011882305146
ATSC7c,63.38309083133936,12.676618166267872
Kier3,63.3735293187201,12.67470586374402
ATS8se,63.34104332327843,12.668208664655685
MATS4Z,63.238606467843056,12.647721293568612
MATS1d,63.20536965876818,12.641073931753635
AATS5pe,63.15780644118786,12.631561288237572
AXp-7dv,63.01078276708722,12.602156553417444
GATS5s,62.92339140176773,12.584678280353547
AATS5are,62.81615951284766,12.563231902569532
AATS6are,62.739361584186554,12.54787231683731
AATS7p,62.69360426813364,12.538720853626728
AATSC7d,62.561937004327774,12.512387400865554
SIC3,62.19879688695073,12.439759377390146
AATS2d,62.139659501612186,12.427931900322438
BCUTi-1l,61.99283154681325,12.39856630936265
ETA_epsilon_4,61.94981908798218,12.389963817596435
SMR_VSA1,61.94880545139313,12.389761090278625
ATS3s,61.90183333307505,12.380366666615009
AATSC4Z,61.848552115261555,12.369710423052311
ATS0p,61.848422944545746,12.369684588909148
GATS6m,61.752152007073164,12.350430401414632
SRW09,61.704212337732315,12.340842467546462
SdO,61.66111379861832,12.332222759723663
AATSC7i,61.23560634255409,12.247121268510819
ATS0v,61.2225758433342,12.24451516866684
AATS4p,61.13131673634052,12.226263347268105
Xpc-4d,61.03293064981699,12.206586129963398
ATS0dv,60.994479421526194,12.198895884305239
GATS2are,60.96044420823455,12.19208884164691
AATSC5pe,60.80131198465824,12.160262396931648
AATSC4are,60.67731159180403,12.135462318360805
GATS4Z,60.66172405332327,12.132344810664653
AXp-2d,60.50733931362629,12.101467862725258
AATS3pe,60.46723149716854,12.093446299433708
GATS8pe,60.39098656177521,12.07819731235504
AATSC0i,60.35870073363185,12.07174014672637
AATS3se,60.21766263246536,12.043532526493072
AETA_beta_ns,60.196455113589764,12.039291022717952
SssO,60.12701154127717,12.025402308255433
VR1_A,59.935753636062145,11.987150727212429
MATS3Z,59.8199114985764,11.96398229971528
Xp-1dv,59.62128238379955,11.924256476759911
AXp-6dv,59.20332909375429,11.840665818750859
ATSC5m,59.19971087574959,11.839942175149918
ATSC4are,59.19843336567283,11.839686673134565
MAXsssCH,59.18151788786054,11.836303577572107
AXp-3dv,59.14251168817282,11.828502337634564
AATSC7pe,59.02233178541064,11.804466357082129
MATS6Z,58.911334585398436,11.782266917079687
MDEO-12,58.82836722582579,11.765673445165158
ATSC3Z,58.746945939958096,11.74938918799162
SMR_VSA4,58.654022600501776,11.730804520100355
AATSC3p,58.580025624483824,11.716005124896764
ATS3i,58.51030181348324,11.702060362696647
MATS4are,58.44348907470703,11.688697814941406
SIC5,58.32277376204729,11.664554752409458
BCUTZ-1h,58.282801911234856,11.65656038224697
MDEC-22,58.062629733234644,11.61252594664693
SRW10,57.92649196833372,11.585298393666744
MDEN-33,57.84966980665922,11.569933961331845
ATSC5Z,57.64857729524374,11.529715459048749
ATSC1m,57.624506913125515,11.524901382625103
GATS3v,57.18676985800266,11.437353971600533
BCUTdv-1l,57.115978844463825,11.423195768892764
AATSC1Z,56.828949980437756,11.365789996087551
MATS6s,56.74241226166487,11.348482452332973
AATSC2se,56.45270359516144,11.290540719032288
AATSC4se,56.32710922509432,11.265421845018864
AATS8Z,56.23513397574425,11.24702679514885
ATSC8se,56.1981703042984,11.23963406085968
ATSC8pe,56.169083561748266,11.233816712349654
ATS0Z,56.15110923349857,11.230221846699715
VE2_A,56.08275490626693,11.216550981253386
ATSC3m,55.98719737306237,11.197439474612475
MATS7pe,55.93181202933192,11.186362405866385
AATS8pe,55.91364872083068,11.182729744166135
VR2_Dzp,55.840160220861435,11.168032044172287
BIC0,55.81102269887924,11.162204539775848
AATS5Z,55.77106600254774,11.154213200509549
ATS1s,55.66882385313511,11.133764770627021
mZagreb1,55.61734304577112,11.123468609154225
ATS3m,55.44433452934027,11.088866905868054
GATS5p,55.39830481261015,11.07966096252203
MATS5se,55.289442636072636,11.057888527214526
AATS7v,55.27880998328328,11.055761996656656
AETA_eta_B,55.03701087832451,11.007402175664902
GATS1dv,54.88438546285033,10.976877092570067
AATS5v,54.878268986940384,10.975653797388077
AATS1are,54.84095337241888,10.968190674483775
AATSC4c,54.83313439041376,10.966626878082753
ATS6p,54.706284165382385,10.941256833076476
AATSC5Z,54.66969894617796,10.933939789235591
BCUTpe-1l,54.54732057452202,10.909464114904404
Xc-6dv,54.45932171493769,10.891864342987537
AATS2s,54.384754698723555,10.876950939744711
AATSC1v,54.28377138823271,10.85675427764654
SMR_VSA7,54.274101823568344,10.85482036471367
AATS7se,54.186424396932125,10.837284879386425
MATS5dv,54.17594785243273,10.835189570486545
MPC5,54.07200229167938,10.814400458335877
AATSC0Z,53.9752004891634,10.795040097832679
ATS4dv,53.97017824649811,10.794035649299621
ATS6v,53.92941875755787,10.785883751511573
ATSC4v,53.832261607050896,10.76645232141018
AATS5dv,53.7658257111907,10.75316514223814
AATSC7Z,53.65486966073513,10.730973932147027
MWC09,53.21677069365978,10.643354138731956
AATS7d,53.21561224758625,10.64312244951725
BCUTv-1h,53.214498087763786,10.642899617552757
MATS1p,53.09825694933534,10.619651389867068
ETA_eta_L,52.78231728076935,10.55646345615387
SpDiam_Dzse,52.562596052885056,10.512519210577011
GATS6dv,52.46713349223137,10.493426698446275
ATSC5are,52.399150520563126,10.479830104112626
piPC3,52.312835201621056,10.462567040324211
MINsssCH,52.27938075363636,10.455876150727272
AATSC2dv,51.81013009697199,10.362026019394397
AATS4v,51.786239214241505,10.3572478428483
AATSC0m,51.663911148905754,10.33278222978115
MATS8are,51.58080642297864,10.316161284595728
MATS5pe,51.569035939872265,10.313807187974453
SaasN,51.56837125867605,10.313674251735211
AETA_beta,51.522893108427525,10.304578621685504
PetitjeanIndex,51.47479144111276,10.294958288222551
AETA_eta_F,51.31514744088054,10.263029488176107
Xp-5dv,51.072888895869255,10.214577779173851
MATS4i,50.95627707615495,10.191255415230989
MATS2v,50.94225109741092,10.188450219482183
AATS8dv,50.77016607671976,10.154033215343953
MATS7dv,50.69167611375451,10.138335222750902
AATSC5dv,50.622305516153574,10.124461103230715
AATS1pe,50.613686092197895,10.122737218439578
AETA_eta_RL,50.55188177153468,10.110376354306936
ATSC2m,50.502537712454796,10.10050754249096
Xp-4dv,50.50167419016361,10.100334838032722
ETA_epsilon_2,50.37627749145031,10.075255498290062
n9FaRing,50.3196702003479,10.06393404006958
AETA_alpha,50.14377577230334,10.028755154460669
AATSC1m,49.72101505100727,9.944203010201454
GATS1p,49.49564927816391,9.899129855632783
AATSC3are,49.49302550405264,9.898605100810528
n6AHRing,49.44701588153839,9.889403176307678
AATSC0se,49.31417379528284,9.862834759056568
MATS7c,49.22367196157575,9.84473439231515
ATSC6se,49.180193435400724,9.836038687080144
BertzCT,49.15123800933361,9.830247601866722
AATSC8dv,49.10497761517763,9.820995523035526
SM1_Dzv,48.78322456777096,9.756644913554192
MATS7are,48.68145003914833,9.736290007829666
CIC4,48.52273868769407,9.704547737538814
MATS3m,48.48512709885836,9.697025419771672
MATS4pe,48.40354414284229,9.68070882856846
ATS1i,48.35466365516186,9.670932731032371
MDEO-11,48.231522515416145,9.646304503083229
SpMAD_Dzare,48.04126767069101,9.608253534138203
AATSC4i,47.744594257324934,9.548918851464986
ATS0i,47.53352899476886,9.50670579895377
MATS4v,47.51016038283706,9.502032076567412
VSA_EState9,47.48506332933903,9.497012665867805
ATSC5se,47.37814753502607,9.475629507005214
ATSC6p,47.331304624676704,9.46626092493534
SsOH,47.086866691708565,9.417373338341713
AATS1dv,47.08232297003269,9.416464594006538
BCUTv-1l,47.05479834973812,9.410959669947625
MATS6v,47.01409923657775,9.40281984731555
AATSC7s,46.81598901748657,9.363197803497314
AATSC1are,46.44987381622195,9.289974763244391
ATSC7pe,46.198692694306374,9.239738538861275
BCUTp-1h,46.10416813194752,9.220833626389503
ATS0are,46.10097435116768,9.220194870233536
MATS8pe,46.059433683753014,9.211886736750603
AATSC6dv,46.04685977473855,9.20937195494771
ATSC0s,45.90352662652731,9.180705325305462
ATSC3pe,45.69766607880592,9.139533215761185
MPC3,45.67458874732256,9.134917749464512
GATS8are,45.62924321368337,9.125848642736674
AETA_eta_L,45.59584992006421,9.119169984012842
n6Ring,45.58700989186764,9.117401978373527
ATS1d,45.52576008439064,9.105152016878128
JGT10,45.302504528313875,9.060500905662774
MINssO,45.146080046892166,9.029216009378434
AATSC4p,45.01815462857485,9.003630925714969
n9FRing,44.72318606078625,8.94463721215725
PEOE_VSA13,44.70673180744052,8.941346361488105
AATSC5c,44.69359439983964,8.938718879967928
AXp-4dv,44.63141732662916,8.926283465325833
PEOE_VSA11,44.573335856199265,8.914667171239852
ATS5d,44.55683137476444,8.911366274952888
ETA_eta_F,44.493718076497316,8.898743615299463
ATSC8m,44.3619679659605,8.8723935931921
FCSP3,44.341459542512894,8.868291908502579
ATS2are,44.21933788061142,8.843867576122284
AATSC5p,44.0716302767396,8.81432605534792
ATS0pe,43.80722090601921,8.761444181203842
GATS2se,43.72743355482817,8.745486710965633
AATSC7se,43.34426421299577,8.668852842599154
ATSC2v,43.32500980421901,8.665001960843801
AATSC2Z,43.30387106537819,8.660774213075637
Mv,43.226283237338066,8.645256647467614
ATSC0se,43.1133161559701,8.62266323119402
MAXdsCH,43.10656300187111,8.621312600374221
AATS3dv,42.667981293052435,8.533596258610487
ATSC0m,42.66791719198227,8.533583438396454
MATS5c,42.55018551647663,8.510037103295327
ATS4i,42.548703327775,8.509740665555
MATS8p,42.53343980759382,8.506687961518764
AATS2se,42.52195419371128,8.504390838742257
ATS2Z,42.48639675229788,8.497279350459575
Xp-2d,42.399673983454704,8.47993479669094
CIC5,42.29663497209549,8.459326994419097
PEOE_VSA12,42.21916811913252,8.443833623826503
ATS3p,42.15622487664223,8.431244975328445
MPC7,42.13257019221783,8.426514038443566
nBridgehead,42.095160476863384,8.419032095372676
GATS3m,41.94867614656687,8.389735229313374
BCUTare-1h,41.7798547744751,8.35597095489502
AATSC6p,41.74397114664316,8.348794229328632
MWC05,41.69641016051173,8.339282032102346
ATS7pe,41.66990938782692,8.333981877565384
MATS6pe,41.563489090651274,8.312697818130255
MATS6are,41.36791370809078,8.273582741618156
MATS4se,41.02102593705058,8.204205187410116
GATS5m,40.94745051860809,8.189490103721619
GATS7m,40.88411670550704,8.176823341101407
MATS7m,40.58459008485079,8.116918016970157
MATS8v,40.571488708257675,8.114297741651535
MPC4,40.09486822783947,8.018973645567893
AATS8m,39.9048822298646,7.980976445972919
AXp-5dv,39.84734344482422,7.969468688964843
MATS7Z,39.69799952954054,7.939599905908108
MW,39.65430016070604,7.930860032141209
MATS6p,39.55814154446125,7.91162830889225
SpMAD_Dzm,39.089636743068695,7.817927348613739
ATS2pe,39.06639574468136,7.813279148936272
SpDiam_Dzi,39.05050638318062,7.810101276636123
MIC2,38.9610958583653,7.792219171673059
MAXsOH,38.83480495214462,7.766960990428925
MINsF,38.82649013027549,7.765298026055097
AATSC5se,38.71649860590696,7.743299721181392
ATS6are,38.59304315596819,7.7186086311936375
GATS1v,38.573215536773205,7.714643107354641
ETA_eta_B,38.55226467177272,7.710452934354544
SMR,38.45729777216911,7.6914595544338225
AATSC0dv,38.272395581007004,7.654479116201401
Kier2,38.140077248215675,7.628015449643135
PEOE_VSA4,37.87666568160057,7.575333136320114
GATS8m,37.87257730215788,7.574515460431575
ATS2s,37.82507020607591,7.565014041215181
NaasC,37.74440881609917,7.548881763219834
MDEC-34,37.679677564650774,7.535935512930155
AATSC7are,37.67409175634384,7.534818351268768
piPC5,37.65640426799655,7.53128085359931
MDEO-22,37.551492273807526,7.5102984547615055
ATS0s,37.538887813687325,7.5077775627374645
Xp-6d,37.27119321748614,7.454238643497229
AATS4are,37.0858845859766,7.41717691719532
mZagreb2,37.06006716936827,7.412013433873653
AATSC4m,36.9633873552084,7.392677471041679
MINaasN,36.92503824457526,7.385007648915052
AATSC3s,36.8999881260097,7.37999762520194
BCUTp-1l,36.805245257914066,7.361049051582813
GATS3are,36.584140088409185,7.316828017681837
ETA_dEpsilon_B,36.57589973509312,7.315179947018623
AATS1p,36.567938420921564,7.313587684184313
ATSC4Z,36.47225371748209,7.294450743496418
AETA_dBeta,36.42986483126879,7.285972966253757
AATSC5i,36.38254625722766,7.276509251445532
n6aHRing,36.31215310841799,7.262430621683597
ATSC0Z,36.30742039531469,7.261484079062939
BCUTs-1h,36.23242676258087,7.246485352516174
VR2_Dzpe,36.06851041316986,7.213702082633972
ATS1p,36.02507132291794,7.205014264583587
MATS8s,35.86383453011513,7.172766906023026
MATS8Z,35.822350487113,7.164470097422599
AATS2p,35.746381148695946,7.149276229739189
piPC4,35.66238820552826,7.132477641105652
MATS3p,35.4368851184845,7.0873770236969
MAXsNH2,35.43573368340731,7.087146736681461
ZMIC0,35.31249209493399,7.062498418986797
MATS4p,35.30679442360997,7.061358884721995
AATS0dv,35.149770595133305,7.029954119026661
ATS7d,34.926199942827225,6.985239988565445
AATS8se,34.882263623178005,6.976452724635601
MATS6i,34.86537450924516,6.9730749018490314
n7Ring,34.67133720219135,6.934267440438271
SsssCH,34.119869366288185,6.823973873257637
nRot,34.05282400548458,6.810564801096916
ATS5se,33.89003748446703,6.778007496893406
AATSC8Z,33.82309540361166,6.764619080722332
BCUTse-1h,33.65000221133232,6.730000442266464
MID_X,33.58636525273323,6.7172730505466465
VR2_Dzv,33.45352120697498,6.690704241394997
AATSC3v,33.440842628479004,6.688168525695801
VE3_A,33.40877814590931,6.681755629181862
bpol,33.21789478883147,6.6435789577662945
AATSC3pe,33.04326830804348,6.608653661608696
MATS6dv,33.01888471096754,6.603776942193508
SpDiam_Dzp,32.90342094749212,6.580684189498425
MWC10,32.86448463797569,6.5728969275951385
SpDiam_Dt,32.85528088733554,6.571056177467108
ATS0m,32.77997387200594,6.555994774401188
Xch-5d,32.76221803575754,6.552443607151508
AATS2pe,32.69296909868717,6.538593819737434
Kier1,32.667405381798744,6.533481076359749
AATSC6se,32.51961158961058,6.5039223179221155
ATS5pe,32.51553068310022,6.503106136620045
AATS0i,32.4870410785079,6.49740821570158
VR3_Dzse,32.385501861572266,6.477100372314453
AATSC4v,32.225939985364676,6.445187997072935
AATS0p,32.19904117286205,6.439808234572411
GGI2,31.98137979954481,6.396275959908962
ATSC6pe,31.807853311300278,6.361570662260055
ATS8p,31.70270062983036,6.340540125966072
Mp,31.624562438577414,6.3249124877154825
ATS5v,31.275951951742172,6.255190390348434
ATSC4pe,31.203127164393663,6.2406254328787325
AATS6m,30.715463560074568,6.143092712014914
VR2_D,30.694718822836876,6.138943764567375
EState_VSA10,30.60949109494686,6.121898218989372
AATSC3m,30.538909640163183,6.107781928032637
SM1_DzZ,30.40226725488901,6.080453450977802
nBondsKS,30.354520320892334,6.070904064178467
ATSC6are,30.035471100360155,6.007094220072031
ETA_epsilon_3,29.638162538409233,5.927632507681847
nBondsA,29.606219798326492,5.921243959665299
AATS8are,29.497682336717844,5.899536467343569
AATSC4pe,29.42707621306181,5.885415242612362
CIC0,29.128114320337772,5.8256228640675545
AATSC6pe,29.07796236500144,5.815592473000288
AATSC8s,28.906325224786997,5.781265044957399
AATS3are,28.685661308467388,5.7371322616934775
AATS7m,28.62334406375885,5.72466881275177
GATS4m,28.609400562942028,5.721880112588406
ETA_eta_R,28.6075422167778,5.72150844335556
AATSC8p,28.2609289214015,5.6521857842803005
naHRing,28.206279516220093,5.641255903244018
AMID_X,28.00024812668562,5.600049625337124
ATSC8are,27.998026207089424,5.599605241417885
GGI1,27.59671412408352,5.519342824816704
AATSC7dv,27.557329684495926,5.511465936899185
VR2_Dt,27.43672703206539,5.487345406413079
AATSC2p,27.419699128717184,5.483939825743437
AATS7Z,27.16181520372629,5.432363040745258
Xp-5d,27.001292183995247,5.400258436799049
MATS6m,26.665468476712704,5.333093695342541
AATS1Z,26.539332017302513,5.307866403460503
ATS7i,26.273410350084305,5.254682070016861
ATS7v,26.218557581305504,5.243711516261101
MATS5m,26.0871401168406,5.21742802336812
n7HRing,25.943438827991486,5.1886877655982975
AATSC5m,25.92639698833227,5.185279397666454
ETA_beta_s,25.87564606964588,5.175129213929177
AATSC6i,25.85888870805502,5.171777741611004
AATS1v,25.75768482685089,5.151536965370179
AATS7pe,25.73009917140007,5.146019834280014
ATSC0dv,25.693344097584486,5.138668819516897
VE3_Dzp,25.68720054626465,5.13744010925293
Mare,25.66029218584299,5.132058437168598
AATSC8m,25.607739739120007,5.121547947824001
nFAHRing,25.25576877593994,5.051153755187988
MPC6,25.139329105615616,5.0278658211231235
AATS1se,25.082672215998173,5.016534443199634
AATS0d,25.07757431268692,5.015514862537384
ETA_beta_ns,25.06901863962412,5.013803727924824
SpDiam_Dzv,24.72309047728777,4.944618095457554
ATS2p,24.705059245228767,4.941011849045753
MATS2p,24.54930492863059,4.909860985726118
ETA_alpha,24.453257516026497,4.8906515032053
IC0,24.419685434550047,4.883937086910009
TIC5,24.37614507973194,4.875229015946388
ATS7p,24.335357680916786,4.867071536183357
nHBDon,24.326352383941412,4.865270476788282
MINsOH,24.322431579232216,4.8644863158464435
AATSC0are,24.31357078999281,4.862714157998562
SaaO,24.23780684173107,4.847561368346215
MPC2,24.164850771427155,4.832970154285431
ETA_dEpsilon_A,24.075581528246403,4.815116305649281
AATS1d,23.81009466946125,4.76201893389225
MINaaO,23.684745870530605,4.736949174106121
Si,23.655788257718086,4.731157651543617
piPC1,23.3502279818058,4.6700455963611605
MIC3,23.126585837453604,4.625317167490721
AATSC5are,23.02342426404357,4.604684852808714
nX,22.89479970932007,4.578959941864014
MATS6se,22.886066995561123,4.577213399112225
MIC0,22.846581287682056,4.5693162575364115
Xp-0d,22.7904310002923,4.55808620005846
ATS4se,22.598533876240253,4.519706775248051
MWC04,22.583945274353027,4.516789054870605
AATSC7m,22.470067877322435,4.494013575464487
ATSC0are,22.447891741991043,4.489578348398209
MATS8m,22.386677742004395,4.4773355484008786
AATSC8pe,22.35717499256134,4.471434998512268
ATS7se,22.356704518198967,4.471340903639794
ATSC0pe,22.29179745540023,4.458359491080046
MAXdCH2,22.15839523077011,4.431679046154022
AATSC6Z,22.105246540158987,4.421049308031797
AATS4dv,22.063640892505646,4.412728178501129
DetourIndex,21.95555903017521,4.391111806035042
ATS8d,21.938273891806602,4.387654778361321
ATS8i,21.906009022146463,4.381201804429293
SpAD_A,21.67516928911209,4.335033857822419
AATS6Z,21.5141864977777,4.30283729955554
Xp-1d,21.44222069531679,4.288444139063358
AATSC8se,21.39187940210104,4.278375880420208
SpAD_Dzpe,21.184838265180588,4.2369676530361176
ATS7are,21.11994904279709,4.223989808559418
Xp-3d,21.04144462198019,4.208288924396038
AATS2v,20.826680313795805,4.165336062759161
AATS3m,20.714085072278976,4.142817014455796
nBondsM,20.65606689453125,4.13121337890625
SM1_Dzpe,20.57544246315956,4.115088492631912
ATS5are,20.52409092336893,4.104818184673786
n6ARing,20.45338835567236,4.090677671134472
ETA_dEpsilon_C,20.40795497968793,4.081590995937586
ETA_beta_ns_d,20.325179159641266,4.065035831928253
SpAbs_DzZ,20.287413872778416,4.057482774555683
SZ,20.26569001376629,4.053138002753258
AATS4Z,19.982720401138067,3.9965440802276135
MATS1m,19.962260901927948,3.9924521803855897
ETA_dBeta,19.09715923294425,3.81943184658885
AATS6dv,19.059718422591686,3.8119436845183374
AATSC8are,19.012898966670036,3.802579793334007
AATS2Z,18.829089783132076,3.765817956626415
nH,18.783307760953903,3.7566615521907805
AATS3Z,18.69477143883705,3.7389542877674105
SpDiam_Dzare,18.633651182055473,3.7267302364110946
ETA_epsilon_1,18.40520503371954,3.681041006743908
AATS0v,18.29328191280365,3.65865638256073
ATS2i,18.15816082805395,3.63163216561079
SIC0,18.045133281499147,3.6090266562998297
SRW07,18.025276631116867,3.6050553262233733
AATS4m,17.951947018504143,3.5903894037008284
MAXsF,17.948090448975563,3.5896180897951124
AATS0pe,17.768377900123596,3.553675580024719
SssssC,17.67721415311098,3.535442830622196
AATS0are,17.596693217754364,3.519338643550873
AATSC6v,17.39194866642356,3.478389733284712
PEOE_VSA5,17.134712040424347,3.4269424080848694
ATS6d,17.06308999657631,3.4126179993152617
TIC4,16.85972848534584,3.371945697069168
SM1_Dzm,16.778134867548943,3.3556269735097883
LogEE_Dzp,16.7755391523242,3.35510783046484
ATSC6m,16.620698392391205,3.324139678478241
VE2_Dt,16.3425460383296,3.2685092076659203
n6aRing,15.65911927819252,3.131823855638504
AATSC2v,15.629882380366325,3.125976476073265
AATS4pe,15.493119180202484,3.0986238360404967
ATS2se,15.473326027393341,3.0946652054786683
nG12FRing,15.349040046334267,3.069808009266853
ATS1are,15.19962590932846,3.039925181865692
SpAD_Dzi,15.135389931499958,3.0270779862999917
MAXaasN,15.017898961901665,3.003579792380333
AATS0se,14.829029656946659,2.965805931389332
GATS1m,14.7400608882308,2.9480121776461603
MZ,14.583254963159561,2.9166509926319124
AATS0Z,13.803828164935112,2.7607656329870225
MAXssO,13.536622881889343,2.707324576377869
VMcGowan,13.387363985180855,2.677472797036171
SM1_Dzse,13.323421858251095,2.664684371650219
AATSC6m,13.259958785027266,2.651991757005453
MDEC-24,13.2345562428236,2.64691124856472
ATS1m,13.167340859770775,2.633468171954155
LogEE_Dt,13.056199073791504,2.6112398147583007
SlogP_VSA11,12.977176994085312,2.595435398817062
ATSC4m,12.880312632769346,2.5760625265538692
ATS1pe,12.818146042525768,2.5636292085051537
AXp-0d,12.678777858614922,2.5357555717229845
NaaaC,12.521934896707535,2.504386979341507
Sp,12.491497173905373,2.4982994347810745
LabuteASA,12.434899173676968,2.4869798347353935
nAcid,12.372990131378174,2.474598026275635
BCUTm-1h,12.309184804558754,2.461836960911751
Mse,12.306349746882915,2.4612699493765833
VE1_D,12.121916681528091,2.424383336305618
NsssN,11.983554154634476,2.396710830926895
AATS2are,11.947911009192467,2.3895822018384933
VR2_DzZ,11.926113963127136,2.3852227926254272
SRW05,11.63053584098816,2.3261071681976317
ETA_dPsi_A,11.356726884841919,2.271345376968384
MWC03,11.23879636451602,2.247759272903204
Zagreb2,11.15310001373291,2.230620002746582
ATS1se,11.003590941429138,2.2007181882858275
VE2_DzZ,10.996289253234863,2.1992578506469727
MDEN-12,10.564399853348732,2.1128799706697463
Xch-3d,10.537720203399658,2.1075440406799317
VR2_Dzm,10.273820698261261,2.054764139652252
AATS0m,10.251393228769302,2.0502786457538607
Sm,10.16578208655119,2.033156417310238
NsCH3,10.023157954216003,2.004631590843201
VE2_Dzp,10.021493535488844,2.0042987070977687
NaaCH,9.9586900472641,1.9917380094528199
MIC5,9.909364104270935,1.981872820854187
SsNH2,9.886357754468918,1.9772715508937835
AATS2m,9.70780524611473,1.9415610492229463
AATSC6are,9.591064162552357,1.9182128325104713
nFHRing,9.541112005710602,1.9082224011421203
Sv,9.328419834375381,1.8656839668750762
ATS1v,9.280131071805954,1.8560262143611908
Xc-4d,9.117382101714611,1.8234764203429221
SpAD_Dzare,8.593598067760468,1.7187196135520935
NssO,8.544059753417969,1.7088119506835937
MAXaaO,8.42594400048256,1.6851888000965118
VE1_Dzp,8.333167135715485,1.666633427143097
AATSC8v,8.329393059015274,1.6658786118030549
AATS2dv,8.322723984718323,1.6645447969436646
Sse,8.120260238647461,1.6240520477294922
Mpe,7.841177120804787,1.5682354241609573
WPol,7.790162779390812,1.5580325558781625
nG12FARing,7.5301879942417145,1.506037598848343
TopoShapeIndex,7.403519988059998,1.4807039976119996
nBondsKD,7.32602196931839,1.465204393863678
NssCH2,7.190118044614792,1.4380236089229583
MAXssssC,7.149758085608482,1.4299516171216964
MIC4,7.097342059016228,1.4194684118032455
C3SP3,7.085838094353676,1.4171676188707352
StN,7.034018039703369,1.4068036079406738
MINssssC,7.002348840236664,1.4004697680473328
HybRatio,6.960596453398466,1.3921192906796933
SsCl,6.69361374527216,1.338722749054432
n5HRing,6.6014420092105865,1.3202884018421173
SpAbs_Dzp,6.284853994846344,1.2569707989692689
nC,6.140790119767189,1.2281580239534378
VE1_Dt,6.126885034143925,1.225377006828785
SpAD_DzZ,5.816288977861404,1.163257795572281
SsF,5.7836281806230545,1.156725636124611
MID,5.610395789146423,1.1220791578292846
ABC,5.5631489753723145,1.1126297950744628
TMWC10,5.47160005569458,1.094320011138916
SpAD_Dzse,5.392980217933655,1.078596043586731
SpAD_Dzm,5.157227948307991,1.0314455896615982
NsOH,5.030480921268463,1.0060961842536926
MINsCl,4.95086096227169,0.9901721924543381
MAXsCl,4.895139127969742,0.9790278255939484
VE1_Dzv,4.887727864086628,0.9775455728173256
ATS0se,4.7523578852415085,0.9504715770483017
SpAD_Dzv,4.748498409986496,0.9496996819972991
n10FRing,4.747788041830063,0.9495576083660126
SpDiam_Dzpe,4.677181214094162,0.9354362428188324
SaaS,4.53092223405838,0.906184446811676
VE3_D,4.404015094041824,0.8808030188083649
SpDiam_Dzm,4.30150106549263,0.860300213098526
nG12FHRing,4.288552984595299,0.8577105969190597
AATS1m,4.174828827381134,0.8349657654762268
Spe,4.158197045326233,0.8316394090652466
Sare,4.125414878129959,0.8250829756259919
NdssC,4.091008946299553,0.8182017892599106
VE2_Dzv,4.0669554732739925,0.8133910946547985
C4SP3,4.022233009338379,0.8044466018676758
VE2_Dzpe,4.008169054985046,0.8016338109970093
ATS3v,3.904043685644865,0.780808737128973
LogEE_Dzv,3.7851565554738045,0.7570313110947609
apol,3.7160298824310303,0.743205976486206
n7ARing,3.6881810426712036,0.7376362085342407
naRing,3.6144749522209167,0.7228949904441834
StsC,3.4776009917259216,0.6955201983451843
ATS3are,3.472330689430237,0.6944661378860474
VE2_D,3.439181562513113,0.6878363125026226
VR2_Dzse,3.4039700031280518,0.6807940006256104
VE1_Dzare,3.3580819964408875,0.6716163992881775
SpAbs_Dzare,3.3213000297546387,0.6642600059509277
n5Ring,3.290290117263794,0.6580580234527588
nSpiro,3.1190760135650635,0.6238152027130127
n10FHRing,3.035418201237917,0.6070836402475834
VR2_Dzi,2.998205989599228,0.5996411979198456
n7AHRing,2.887392997741699,0.5774785995483398
LogEE_Dzare,2.815239906311035,0.563047981262207
NssNH,2.7849300615489483,0.5569860123097896
VE3_Dzi,2.7496299743652344,0.5499259948730468
ETA_dAlpha_B,2.728182017803192,0.5456364035606385
Mm,2.723240789026022,0.5446481578052044
VR1_Dt,2.6247830390930176,0.5249566078186035
VR1_D,2.456688016653061,0.49133760333061216
nG12FAHRing,2.356218993663788,0.47124379873275757
n5ARing,2.3353800773620605,0.4670760154724121
nAHRing,2.1766410022974014,0.4353282004594803
nRing,2.176270008087158,0.43525400161743166
ATS3pe,2.17604398727417,0.435208797454834
n5aHRing,2.142169952392578,0.4284339904785156
AMW,2.1380321383476257,0.42760642766952517
WPath,2.0133869349956512,0.40267738699913025
n5AHRing,1.9715109467506409,0.3943021893501282
nAromAtom,1.9577690064907074,0.3915538012981415
VE1_Dzm,1.9394700527191162,0.3878940105438232
LogEE_Dzi,1.840939998626709,0.3681879997253418
SpAbs_Dzi,1.7718000411987305,0.3543600082397461
SpAbs_Dzv,1.6317850053310394,0.3263570010662079
n10FARing,1.5965499877929688,0.31930999755859374
MINsNH2,1.4694460034370422,0.2938892006874084
SddssS,1.4526810050010681,0.2905362010002136
VR1_Dzare,1.4273300170898438,0.28546600341796874
nARing,1.327869012951851,0.26557380259037017
SpMax_Dt,1.2423110008239746,0.24846220016479492
nFRing,1.2233500480651855,0.24467000961303711
MAXddssS,1.1985307708382607,0.23970615416765212
LogEE_Dzm,1.0432699918746948,0.20865399837493898
VR1_DzZ,1.0063326060771942,0.20126652121543884
MDEN-13,0.977090984582901,0.1954181969165802
SlogP_VSA7,0.9675749912858009,0.19351499825716018
ETA_eta_RL,0.9552910178899765,0.1910582035779953
n5aRing,0.8691839873790741,0.17383679747581482
n4Ring,0.865369014441967,0.1730738028883934
VE3_Dt,0.8636320233345032,0.17272640466690065
LogEE_DzZ,0.7243408747017384,0.14486817494034768
n11FRing,0.7233210206031799,0.144664204120636
Xch-4d,0.7051680088043213,0.14103360176086427
VE1_Dzi,0.6668409705162048,0.13336819410324097
MINddssS,0.6417161114513874,0.12834322229027748
MINaaS,0.5654889941215515,0.1130977988243103
SpMax_Dzp,0.5637549757957458,0.11275099515914917
LogEE_A,0.5551982894539833,0.11103965789079666
nBondsS,0.5465371087193489,0.10930742174386979
nAtom,0.5375949740409851,0.10751899480819702
Xch-4dv,0.495547603815794,0.09910952076315879
nO,0.4857479929924011,0.09714959859848023
VR3_Dzv,0.40094199776649475,0.08018839955329896
SpAbs_Dzm,0.3943573012948036,0.07887146025896072
VR3_Dzp,0.3862770050764084,0.07725540101528168
VR1_Dzpe,0.3505310118198395,0.07010620236396789
VR1_Dzi,0.33660900592803955,0.0673218011856079
VE1_Dzpe,0.33120599389076233,0.06624119877815246
MAXtN,0.3300440013408661,0.06600880026817321
NddsN,0.32890400290489197,0.06578080058097839
MAXaaS,0.2583479881286621,0.05166959762573242
ETA_dAlpha_A,0.2035290002822876,0.04070580005645752
SddsN,0.17092299461364746,0.034184598922729494
NaaN,0.1415960043668747,0.028319200873374938
NdO,0.12325900048017502,0.024651800096035004
MAXtsC,0.05350089818239212,0.010700179636478424
NaaSe,0.0,0.0
NsSH,0.0,0.0
NaasN,0.0,0.0
n11FARing,0.0,0.0
n11AHRing,0.0,0.0
n10FaRing,0.0,0.0
NssS,0.0,0.0
NtCH,0.0,0.0
NsCl,0.0,0.0
NsLi,0.0,0.0
MAXssssN,0.0,0.0
n3HRing,0.0,0.0
n3ARing,0.0,0.0
n12Ring,0.0,0.0
n11Ring,0.0,0.0
MAXdS,0.0,0.0
MDEN-11,0.0,0.0
n5FaHRing,0.0,0.0
n10aHRing,0.0,0.0
VR3_Dzm,0.0,0.0
NaaNH,0.0,0.0
MWC01,0.0,0.0
SsBr,0.0,0.0
SdsN,0.0,0.0
SddC,0.0,0.0
SdSe,0.0,0.0
SdNH,0.0,0.0
NtsC,0.0,0.0
n5FAHRing,0.0,0.0
SpAbs_A,0.0,0.0
SddssSe,0.0,0.0
NsssssP,0.0,0.0
nG12Ring,0.0,0.0
nFaHRing,0.0,0.0
n9aHRing,0.0,0.0
n9FHRing,0.0,0.0
NssssGe,0.0,0.0
MINsI,0.0,0.0
NsssdAs,0.0,0.0
NsssSnH,0.0,0.0
NsssSiH,0.0,0.0
SssPbH2,0.0,0.0
SssGeH2,0.0,0.0
SpMax_D,0.0,0.0
SsGeH3,0.0,0.0
SsAsH2,0.0,0.0
SdsssP,0.0,0.0
NssssBe,0.0,0.0
NsNH2,0.0,0.0
NdssS,0.0,0.0
SaaSe,0.0,0.0
n10AHRing,0.0,0.0
VR3_Dzare,0.0,0.0
VR2_Dzare,0.0,0.0
VE3_Dzare,0.0,0.0
VE2_Dzare,0.0,0.0
SpMax_Dzv,0.0,0.0
SpAbs_D,0.0,0.0
n11FHRing,0.0,0.0
n9FARing,0.0,0.0
n9AHRing,0.0,0.0
n8aHRing,0.0,0.0
NsBr,0.0,0.0
NdsN,0.0,0.0
NddC,0.0,0.0
NdSe,0.0,0.0
NdNH,0.0,0.0
n11FaRing,0.0,0.0
n7FAHRing,0.0,0.0
n6FaHRing,0.0,0.0
n6FAHRing,0.0,0.0
SsI,0.0,0.0
SdS,0.0,0.0
nG12AHRing,0.0,0.0
n12FaHRing,0.0,0.0
NssssB,0.0,0.0
SsssNH,0.0,0.0
NsssAs,0.0,0.0
NssNH2,0.0,0.0
MAXsSH,0.0,0.0
NaaO,0.0,0.0
MINdsssP,0.0,0.0
MAXdsssP,0.0,0.0
n4FaHRing,0.0,0.0
n4FAHRing,0.0,0.0
n12aHRing,0.0,0.0
NsssNH,0.0,0.0
SpAbs_Dzpe,0.0,0.0
SlogP_VSA9,0.0,0.0
LogEE_Dzse,0.0,0.0
LogEE_Dzpe,0.0,0.0
nI,0.0,0.0
nF,0.0,0.0
ETA_dPsi_B,0.0,0.0
nG12aRing,0.0,0.0
n7FaHRing,0.0,0.0
nG12ARing,0.0,0.0
nAromBond,0.0,0.0
n9FaHRing,0.0,0.0
SpMax_Dzse,0.0,0.0
SpMax_Dzpe,0.0,0.0
n3aRing,0.0,0.0
n9FAHRing,0.0,0.0
n8FaHRing,0.0,0.0
n8FAHRing,0.0,0.0
nG12HRing,0.0,0.0
n10FAHRing,0.0,0.0
SssAsH,0.0,0.0
SsSnH3,0.0,0.0
SsSiH3,0.0,0.0
SsPbH3,0.0,0.0
SpMax_Dzm,0.0,0.0
SpMax_Dzi,0.0,0.0
SpMax_DzZ,0.0,0.0
MINddsN,0.0,0.0
n10Ring,0.0,0.0
Zagreb1,0.0,0.0
Xch-3dv,0.0,0.0
SssssB,0.0,0.0
NssssSn,0.0,0.0
SsssAs,0.0,0.0
SssNH2,0.0,0.0
VR3_Dzi,0.0,0.0
MINssssN,0.0,0.0
SssssN,0.0,0.0
MAXddsN,0.0,0.0
MINdCH2,0.0,0.0
MINtCH,0.0,0.0
MAXtCH,0.0,0.0
nP,0.0,0.0
MAXsssB,0.0,0.0
MINsSH,0.0,0.0
MINtsC,0.0,0.0
MINtN,0.0,0.0
n10FaHRing,0.0,0.0
MAXssS,0.0,0.0
MINdNH,0.0,0.0
MAXdNH,0.0,0.0
GhoseFilter,0.0,0.0
MINsssB,0.0,0.0
nB,0.0,0.0
n12FAHRing,0.0,0.0
n11FaHRing,0.0,0.0
n11FAHRing,0.0,0.0
MINssS,0.0,0.0
NsSeH,0.0,0.0
NsPH2,0.0,0.0
NsNH3,0.0,0.0
nCl,0.0,0.0
nBr,0.0,0.0
MAXsBr,0.0,0.0
SpMax_Dzare,0.0,0.0
NtN,0.0,0.0
NssSnH2,0.0,0.0
NsF,0.0,0.0
NdS,0.0,0.0
n3Ring,0.0,0.0
nBondsO,0.0,0.0
MDEC-44,0.0,0.0
MINdsN,0.0,0.0
MAXdsN,0.0,0.0
nS,0.0,0.0
nG12FaHRing,0.0,0.0
NsI,0.0,0.0
SsssdAs,0.0,0.0
SsssSnH,0.0,0.0
n10ARing,0.0,0.0
VR3_Dzpe,0.0,0.0
VR1_Dzse,0.0,0.0
n3aHRing,0.0,0.0
n3AHRing,0.0,0.0
n12aRing,0.0,0.0
n12HRing,0.0,0.0
nG12FaRing,0.0,0.0
VE3_Dzse,0.0,0.0
VE3_Dzpe,0.0,0.0
SsssssAs,0.0,0.0
SpAbs_Dt,0.0,0.0
n11ARing,0.0,0.0
n10aRing,0.0,0.0
n10HRing,0.0,0.0
nHeavyAtom,0.0,0.0
nG12aHRing,0.0,0.0
n12FRing,0.0,0.0
n5FRing,0.0,0.0
SM1_Dt,0.0,0.0
NssssN,0.0,0.0
SssBe,0.0,0.0
SssBH,0.0,0.0
SdssSe,0.0,0.0
SRW03,0.0,0.0
n4aRing,0.0,0.0
n4HRing,0.0,0.0
MINsBr,0.0,0.0
n4ARing,0.0,0.0
NssSe,0.0,0.0
NssPH,0.0,0.0
NssBe,0.0,0.0
NssBH,0.0,0.0
SsssP,0.0,0.0
SsssB,0.0,0.0
SssSe,0.0,0.0
SssPH,0.0,0.0
n4FRing,0.0,0.0
VR1_Dzv,0.0,0.0
VE3_Dzv,0.0,0.0
VE3_Dzm,0.0,0.0
VE3_DzZ,0.0,0.0
nBonds,0.0,0.0
n9Ring,0.0,0.0
n8Ring,0.0,0.0
NssssC,0.0,0.0
n12FaRing,0.0,0.0
n6FRing,0.0,0.0
n12FARing,0.0,0.0
n12AHRing,0.0,0.0
n11aHRing,0.0,0.0
MAXsI,0.0,0.0
MINdS,0.0,0.0
n8FRing,0.0,0.0
n8ARing,0.0,0.0
n7aRing,0.0,0.0
n7FRing,0.0,0.0
n12FHRing,0.0,0.0
n6FaRing,0.0,0.0
n6FHRing,0.0,0.0
n6FARing,0.0,0.0
n5FaRing,0.0,0.0
C2SP1,0.0,0.0
C1SP1,0.0,0.0
NaaS,0.0,0.0
n5FHRing,0.0,0.0
SssssBe,0.0,0.0
n4aHRing,0.0,0.0
n4FaRing,0.0,0.0
n4FHRing,0.0,0.0
n4FARing,0.0,0.0
n4AHRing,0.0,0.0
SssS,0.0,0.0
SsSH,0.0,0.0
SsLi,0.0,0.0
SRW02,0.0,0.0
n5FARing,0.0,0.0
NssssSi,0.0,0.0
NssssPb,0.0,0.0
SpAbs_Dzse,0.0,0.0
NssSiH2,0.0,0.0
NssPbH2,0.0,0.0
NssGeH2,0.0,0.0
NddssSe,0.0,0.0
SMR_VSA8,0.0,0.0
SMR_VSA2,0.0,0.0
n7FARing,0.0,0.0
n8FaRing,0.0,0.0
n8FHRing,0.0,0.0
n8FARing,0.0,0.0
n8AHRing,0.0,0.0
n7aHRing,0.0,0.0
n7FaRing,0.0,0.0
NsssPbH,0.0,0.0
NsssGeH,0.0,0.0
n7FHRing,0.0,0.0
NsssssAs,0.0,0.0
n9ARing,0.0,0.0
n8aRing,0.0,0.0
n8HRing,0.0,0.0
NddssS,0.0,0.0
SsSeH,0.0,0.0
SsPH2,0.0,0.0
SsssSiH,0.0,0.0
SsssPbH,0.0,0.0
SsssGeH,0.0,0.0
NsssP,0.0,0.0
VAdjMat,0.0,0.0
SsssssP,0.0,0.0
SssssSn,0.0,0.0
SssssSi,0.0,0.0
n12ARing,0.0,0.0
n11aRing,0.0,0.0
n11HRing,0.0,0.0
SssssPb,0.0,0.0
SssssGe,0.0,0.0
VE2_Dzm,0.0,0.0
NsssB,0.0,0.0
Lipinski,0.0,0.0
NsPbH3,0.0,0.0
NsGeH3,0.0,0.0
NsAsH2,0.0,0.0
NdsssP,0.0,0.0
NdssSe,0.0,0.0
SssSnH2,0.0,0.0
SssSiH2,0.0,0.0
n9HRing,0.0,0.0
SsNH3,0.0,0.0
SdssS,0.0,0.0
nHetero,0.0,0.0
nFaRing,0.0,0.0
nBondsT,0.0,0.0
NssAsH,0.0,0.0
NsSnH3,0.0,0.0
NsSiH3,0.0,0.0
n9aRing,0.0,0.0
StCH,0.0,0.0
