variable,bin,model,n,value_min,value_max,mae,mean_residual,mean_pred,ensemble_mae,delta_mae_vs_ensemble
abs_family_gap,Q1,ensemble,828,9.147326151559554e-05,0.04474822680155466,0.3301682432389416,-0.03553295907177038,4.333268466318147,0.3301682432389416,0.0
abs_family_gap,Q1,tabpfn_2d_seed10_default,828,9.147326151559554e-05,0.04474822680155466,0.3386027661037906,-0.03971655340010418,4.337452060646481,0.3301682432389416,0.00843452286484897
abs_family_gap,Q1,tabpfn_2d_seed10_top500,828,9.147326151559554e-05,0.04474822680155466,0.3337297673386652,-0.03219092882773727,4.329926436074114,0.3301682432389416,0.003561524099723601
abs_family_gap,Q2,ensemble,828,0.04476388295491507,0.0941539208094282,0.3526514023463848,-0.0022636222378082326,4.363084878276456,0.3526514023463848,0.0
abs_family_gap,Q2,tabpfn_2d_seed10_default,828,0.04476388295491507,0.0941539208094282,0.3635509759101314,-0.006543054949258259,4.367364310987906,0.3526514023463848,0.0108995735637466
abs_family_gap,Q2,tabpfn_2d_seed10_top500,828,0.04476388295491507,0.0941539208094282,0.35413195387752733,0.011464241633668616,4.349357014404979,0.3526514023463848,0.0014805515311425155
abs_family_gap,Q3,ensemble,828,0.0941771666208906,0.15855169296264648,0.35758030079773784,-0.015321968382386848,4.410406509445188,0.35758030079773784,0.0
abs_family_gap,Q3,tabpfn_2d_seed10_default,828,0.0941771666208906,0.15855169296264648,0.3659100409291216,-0.020928499917477222,4.416013040980279,0.35758030079773784,0.008329740131383767
abs_family_gap,Q3,tabpfn_2d_seed10_top500,828,0.0941771666208906,0.15855169296264648,0.36594140284303306,-0.008581808074085035,4.403666349136887,0.35758030079773784,0.008361102045295221
abs_family_gap,Q4,ensemble,828,0.15865111351013184,0.2575331926345825,0.38540005417326156,0.007426400978047563,4.471068229718653,0.38540005417326156,0.0
abs_family_gap,Q4,tabpfn_2d_seed10_default,828,0.15865111351013184,0.2575331926345825,0.4008147995212873,0.008481284911512788,4.470013345785187,0.38540005417326156,0.015414745348025727
abs_family_gap,Q4,tabpfn_2d_seed10_top500,828,0.15865111351013184,0.2575331926345825,0.38834731003685974,0.004549240497582232,4.473945390199118,0.38540005417326156,0.002947255863598175
abs_family_gap,Q5,ensemble,828,0.25759005546569824,1.636091629664103,0.5467383347149835,-0.015374267300556882,4.087306634450315,0.5467383347149835,0.0
abs_family_gap,Q5,tabpfn_2d_seed10_default,828,0.25759005546569824,1.636091629664103,0.5590662183393027,-0.013634708699396831,4.085567075849156,0.5467383347149835,0.012327883624319247
abs_family_gap,Q5,tabpfn_2d_seed10_top500,828,0.25759005546569824,1.636091629664103,0.541638019107966,0.0018482499767616886,4.070084117172997,0.5467383347149835,-0.005100315607017403
counter_emax,Q1,ensemble,531,0.806,1.44,0.44185997710134595,-0.03435327422365356,4.597027473847006,0.44185997710134595,0.0
counter_emax,Q1,tabpfn_2d_seed10_default,531,0.806,1.44,0.45373698022630476,-0.028356926535482437,4.591031126158835,0.44185997710134595,0.011877003124958818
counter_emax,Q1,tabpfn_2d_seed10_top500,531,0.806,1.44,0.4392611591604918,-0.017795859478736756,4.580470059102089,0.44185997710134595,-0.002598817940854148
counter_emax,Q2,ensemble,674,1.45,1.57,0.35674032084246965,0.027194971056598193,4.8025305482312355,0.35674032084246965,0.0
counter_emax,Q2,tabpfn_2d_seed10_default,674,1.45,1.57,0.3613801507780035,0.024261433731554517,4.805464085556279,0.35674032084246965,0.004639829935533857
counter_emax,Q2,tabpfn_2d_seed10_top500,674,1.45,1.57,0.3568683942206182,0.02782307125340583,4.801902448034428,0.35674032084246965,0.00012807337814857434
counter_emax,Q3,ensemble,435,1.58,1.58,0.3366690390516826,0.1182775981997477,4.924825850076115,0.3366690390516826,0.0
counter_emax,Q3,tabpfn_2d_seed10_default,435,1.58,1.58,0.3490628561699528,0.12187208416818204,4.92123136410768,0.3366690390516826,0.0123938171182702
counter_emax,Q3,tabpfn_2d_seed10_top500,435,1.58,1.58,0.31717202655748394,0.10443157492012815,4.938671873355734,0.3366690390516826,-0.019497012494198662
counter_emax,Q4,ensemble,488,1.59,1.65,0.3182868678700615,0.025353372349123368,4.78320195551973,0.3182868678700615,0.0
counter_emax,Q4,tabpfn_2d_seed10_default,488,1.59,1.65,0.3271127277124123,0.01897734931257903,4.789577978556274,0.3182868678700615,0.008825859842350792
counter_emax,Q4,tabpfn_2d_seed10_top500,488,1.59,1.65,0.3182609928240541,0.019833095151869956,4.7887222327169825,0.3182868678700615,-2.5875046007373115e-05
counter_emax,Q5,ensemble,520,1.66,5.92,0.3703279431034951,0.018575066856834258,4.4578095485277816,0.3703279431034951,0.0
counter_emax,Q5,tabpfn_2d_seed10_default,520,1.66,5.92,0.37864772921342116,0.011902212583101724,4.464482402801513,0.3703279431034951,0.008319786109926064
counter_emax,Q5,tabpfn_2d_seed10_top500,520,1.66,5.92,0.36966470824755154,0.012682674884796153,4.463701940499819,0.3703279431034951,-0.0006632348559435508
counter_emax,missing,ensemble,1492,,,0.44493670482179326,-0.08319909519315584,3.663700807134756,0.44493670482179326,0.0
counter_emax,missing,tabpfn_2d_seed10_default,1492,,,0.4599621743916225,-0.08690209149259281,3.667403803434193,0.44493670482179326,0.015025469569829253
counter_emax,missing,tabpfn_2d_seed10_top500,1492,,,0.4579711941653257,-0.06030478356254899,3.6408064955041493,0.44493670482179326,0.013034489343532463
counter_emax_vs_pos_ctrl,Q1,ensemble,531,0.212,0.594,0.37630380851230766,0.008426675130638803,4.730763532025669,0.37630380851230766,0.0
counter_emax_vs_pos_ctrl,Q1,tabpfn_2d_seed10_default,531,0.212,0.594,0.39049441522573125,0.012679115769553329,4.726511091386755,0.37630380851230766,0.014190606713423592
counter_emax_vs_pos_ctrl,Q1,tabpfn_2d_seed10_top500,531,0.212,0.594,0.3794231745976737,0.010494360160468454,4.728695846995841,0.37630380851230766,0.00311936608536606
counter_emax_vs_pos_ctrl,Q2,ensemble,530,0.595,0.692,0.33464577623399805,0.05052308535292002,4.8201938957791555,0.33464577623399805,0.0
counter_emax_vs_pos_ctrl,Q2,tabpfn_2d_seed10_default,530,0.595,0.692,0.3419484646815174,0.051774726237890846,4.818942254894185,0.33464577623399805,0.0073026884475193565
counter_emax_vs_pos_ctrl,Q2,tabpfn_2d_seed10_top500,530,0.595,0.692,0.330273560757907,0.05493521776739156,4.815781763364684,0.33464577623399805,-0.004372215476091068
counter_emax_vs_pos_ctrl,Q3,ensemble,530,0.693,0.775,0.3354320827872135,0.05383313260320407,4.831412150415664,0.3354320827872135,0.0
counter_emax_vs_pos_ctrl,Q3,tabpfn_2d_seed10_default,530,0.693,0.775,0.3435757367475977,0.04652473014255742,4.83872055287631,0.3354320827872135,0.008143653960384245
counter_emax_vs_pos_ctrl,Q3,tabpfn_2d_seed10_top500,530,0.693,0.775,0.32433951025189095,0.050603714852962875,4.834641568165905,0.3354320827872135,-0.011092572535322531
counter_emax_vs_pos_ctrl,Q4,ensemble,528,0.776,0.934,0.3362467773487969,0.03970433499996175,4.840589225606099,0.3362467773487969,0.0
counter_emax_vs_pos_ctrl,Q4,tabpfn_2d_seed10_default,528,0.776,0.934,0.34541583910132895,0.03924417481277929,4.841049385793282,0.3362467773487969,0.00916906175253207
counter_emax_vs_pos_ctrl,Q4,tabpfn_2d_seed10_top500,528,0.776,0.934,0.33005122775381257,0.041007044044407935,4.8392865165616525,0.3362467773487969,-0.0061955495949843065
counter_emax_vs_pos_ctrl,Q5,ensemble,529,0.935,47.9,0.4478625557071576,-0.013567469419454374,4.327546675468604,0.4478625557071576,0.0
counter_emax_vs_pos_ctrl,Q5,tabpfn_2d_seed10_default,529,0.935,47.9,0.4533361183087181,-0.01851250414136229,4.332491710190512,0.4478625557071576,0.005473562601560511
counter_emax_vs_pos_ctrl,Q5,tabpfn_2d_seed10_top500,529,0.935,47.9,0.44725545549663115,-0.02297813550736369,4.336957341556513,0.4478625557071576,-0.0006071002105264567
counter_emax_vs_pos_ctrl,missing,ensemble,1492,,,0.44493670482179326,-0.08319909519315584,3.663700807134756,0.44493670482179326,0.0
counter_emax_vs_pos_ctrl,missing,tabpfn_2d_seed10_default,1492,,,0.4599621743916225,-0.08690209149259281,3.667403803434193,0.44493670482179326,0.015025469569829253
counter_emax_vs_pos_ctrl,missing,tabpfn_2d_seed10_top500,1492,,,0.4579711941653257,-0.06030478356254899,3.6408064955041493,0.44493670482179326,0.013034489343532463
counter_pec50,Q1,ensemble,530,1.76,1.97,0.3716766972573692,0.08387505403620196,4.659974002567571,0.3716766972573692,0.0
counter_pec50,Q1,tabpfn_2d_seed10_default,530,1.76,1.97,0.383115139799298,0.0845516703983523,4.659297386205421,0.3716766972573692,0.011438442541928828
counter_pec50,Q1,tabpfn_2d_seed10_top500,530,1.76,1.97,0.3683089135547854,0.07710397646562109,4.666745080138153,0.3716766972573692,-0.003367783702583782
counter_pec50,Q2,ensemble,533,1.98,2.62,0.454506306770723,-0.02964182253402775,4.578234693078117,0.454506306770723,0.0
counter_pec50,Q2,tabpfn_2d_seed10_default,533,1.98,2.62,0.4609109645041919,-0.030744853833826566,4.5793377243779165,0.454506306770723,0.006404657733468877
counter_pec50,Q2,tabpfn_2d_seed10_top500,533,1.98,2.62,0.44038103865861444,-0.02125203023484678,4.569844900778937,0.454506306770723,-0.014125268112108569
counter_pec50,Q3,ensemble,537,2.63,3.18,0.3552757784252612,0.033617554253889424,4.724017455057099,0.3552757784252612,0.0
counter_pec50,Q3,tabpfn_2d_seed10_default,537,2.63,3.18,0.3594970735802109,0.03443578208624984,4.723199227224737,0.3552757784252612,0.004221295154949678
counter_pec50,Q3,tabpfn_2d_seed10_top500,537,2.63,3.18,0.3469107527528617,0.030705290977293333,4.726929718333694,0.3552757784252612,-0.008365025672399495
counter_pec50,Q4,ensemble,523,3.19,4.15,0.31386261252178405,0.005036132893768469,4.75909388622669,0.31386261252178405,0.0
counter_pec50,Q4,tabpfn_2d_seed10_default,523,3.19,4.15,0.32200468526515635,0.0019959795133105513,4.762134039607148,0.31386261252178405,0.008142072743372308
counter_pec50,Q4,tabpfn_2d_seed10_top500,523,3.19,4.15,0.31846467187710065,0.01882542276473619,4.745304596355723,0.31386261252178405,0.004602059355316601
counter_pec50,Q5,ensemble,525,4.16,7.16,0.3337951001753699,0.04615018324166407,4.831811721520242,0.3337951001753699,0.0
counter_pec50,Q5,tabpfn_2d_seed10_default,525,4.16,7.16,0.3479995881761823,0.04151969806126187,4.836442206700643,0.3337951001753699,0.01420448800081242
counter_pec50,Q5,tabpfn_2d_seed10_top500,525,4.16,7.16,0.3362074326651437,0.02882326158796039,4.849138643173944,0.3337951001753699,0.002412332489773794
counter_pec50,missing,ensemble,1492,,,0.44493670482179326,-0.08319909519315584,3.663700807134756,0.44493670482179326,0.0
counter_pec50,missing,tabpfn_2d_seed10_default,1492,,,0.4599621743916225,-0.08690209149259281,3.667403803434193,0.44493670482179326,0.015025469569829253
counter_pec50,missing,tabpfn_2d_seed10_top500,1492,,,0.4579711941653257,-0.06030478356254899,3.6408064955041493,0.44493670482179326,0.013034489343532463
exactmw,Q1,ensemble,828,61.052764892578125,306.1368408203125,0.4345823823060715,-0.023255142986754733,3.3792092492669483,0.4345823823060715,0.0
exactmw,Q1,tabpfn_2d_seed10_default,828,61.052764892578125,306.1368408203125,0.44430629147423645,-0.017902024725209097,3.3738561310054025,0.4345823823060715,0.009723909168164957
exactmw,Q1,tabpfn_2d_seed10_top500,828,61.052764892578125,306.1368408203125,0.43918486362494136,-0.01012578335361203,3.3660798896338053,0.4345823823060715,0.0046024813188698666
exactmw,Q2,ensemble,828,306.1379699707031,334.1560363769531,0.37517804742457694,0.00927791253061474,4.457068705826873,0.37517804742457694,0.0
exactmw,Q2,tabpfn_2d_seed10_default,828,306.1379699707031,334.1560363769531,0.3818231375896989,0.009629513342023482,4.456717105015464,0.37517804742457694,0.006645090165121936
exactmw,Q2,tabpfn_2d_seed10_top500,828,306.1379699707031,334.1560363769531,0.37596947707991674,0.013742349009582972,4.452604269347905,0.37517804742457694,0.0007914296553397926
exactmw,Q3,ensemble,831,334.1605224609375,355.09906005859375,0.3467917442380551,-0.003827820831201609,4.653599180638662,0.3467917442380551,0.0
exactmw,Q3,tabpfn_2d_seed10_default,831,334.1605224609375,355.09906005859375,0.3572736947946744,-0.01138653369586821,4.661157893503329,0.3467917442380551,0.010481950556619324
exactmw,Q3,tabpfn_2d_seed10_top500,831,334.1605224609375,355.09906005859375,0.34812485426341583,-0.001324010715874812,4.651095370523335,0.3467917442380551,0.0013331100253607397
exactmw,Q4,ensemble,825,355.11322021484375,384.2161560058594,0.4024453468217258,-0.019838282813644127,4.5046928282681895,0.4024453468217258,0.0
exactmw,Q4,tabpfn_2d_seed10_default,825,355.11322021484375,384.2161560058594,0.41644635012077563,-0.025984512814608483,4.510839058269154,0.4024453468217258,0.014001003299049852
exactmw,Q4,tabpfn_2d_seed10_top500,825,355.11322021484375,384.2161560058594,0.40159598460341944,-0.009759065015388263,4.4946136104699335,0.4024453468217258,-0.0008493622183063376
exactmw,Q5,ensemble,828,384.2213134765625,1735.0001220703125,0.41374245796850206,-0.023481090833715294,4.670025238438628,0.41374245796850206,0.0
exactmw,Q5,tabpfn_2d_seed10_default,828,384.2213134765625,1735.0001220703125,0.4283097205029663,-0.026750865389752482,4.673295012994665,0.41374245796850206,0.01456726253446422
exactmw,Q5,tabpfn_2d_seed10_top500,828,384.2213134765625,1735.0001220703125,0.4191070096118508,-0.015475056509457897,4.662019204114371,0.41374245796850206,0.005364551643348758
family_gap,Q1,ensemble,828,-1.636091629664103,-0.1595460573832197,0.5425807506127539,-0.08789993546949594,3.795798486194134,0.5425807506127539,0.0
family_gap,Q1,tabpfn_2d_seed10_default,828,-1.636091629664103,-0.1595460573832197,0.5534023330177086,-0.08259909465117155,3.790497645375809,0.5425807506127539,0.010821582404954677
family_gap,Q1,tabpfn_2d_seed10_top500,828,-1.636091629664103,-0.1595460573832197,0.553477315488069,0.023879373292416194,3.6840191774322215,0.5425807506127539,0.010896564875315096
family_gap,Q2,ensemble,828,-0.15948088963826468,-0.045415004094442324,0.37500042371536074,-0.002357994516606541,4.13480364669052,0.37500042371536074,0.0
family_gap,Q2,tabpfn_2d_seed10_default,828,-0.15948088963826468,-0.045415004094442324,0.38356631904408556,-0.008066102168410295,4.140511754342324,0.37500042371536074,0.008565895328724815
family_gap,Q2,tabpfn_2d_seed10_top500,828,-0.15948088963826468,-0.045415004094442324,0.3827878144167472,0.04281612299490667,4.089629529179007,0.37500042371536074,0.007787390701386454
family_gap,Q3,ensemble,828,-0.04520003000895123,0.04446808497111032,0.33020798121019307,-0.03681155066011329,4.3343055120127705,0.33020798121019307,0.0
family_gap,Q3,tabpfn_2d_seed10_default,828,-0.04520003000895123,0.04446808497111032,0.33836742626872046,-0.04132303154986838,4.338816992902525,0.33020798121019307,0.008159445058527393
family_gap,Q3,tabpfn_2d_seed10_top500,828,-0.04520003000895123,0.04446808497111032,0.33387233377078884,-0.03317065549933392,4.330664616851991,0.33020798121019307,0.003664352560595774
family_gap,Q4,ensemble,828,0.04456003506978368,0.1570912202199306,0.3346349853056635,-0.015109408797189267,4.63355747643004,0.3346349853056635,0.0
family_gap,Q4,tabpfn_2d_seed10_default,828,0.04456003506978368,0.1570912202199306,0.34575161862488524,-0.018859725413115133,4.637307793045966,0.3346349853056635,0.011116633319221747
family_gap,Q4,tabpfn_2d_seed10_top500,828,0.04456003506978368,0.1570912202199306,0.33698709080184713,-0.03925811760667442,4.657706185239524,0.3346349853056635,0.002352105496183643
family_gap,Q5,ensemble,828,0.15732415517171194,1.220101237297058,0.3901141944273382,0.08111247342893024,4.766669596881296,0.3901141944273382,0.0
family_gap,Q5,tabpfn_2d_seed10_default,828,0.15732415517171194,1.220101237297058,0.406857103848234,0.07850642172784164,4.769275648582385,0.3901141944273382,0.01674290942089579
family_gap,Q5,tabpfn_2d_seed10_top500,828,0.15732415517171194,1.220101237297058,0.37666389872659933,-0.017177727975124287,4.8649597982853505,0.3901141944273382,-0.013450295700738857
fractioncsp3,Q1,ensemble,877,0.0,0.2222222238779068,0.44240322368432233,-0.016274691146401052,4.000801487041498,0.44240322368432233,0.0
fractioncsp3,Q1,tabpfn_2d_seed10_default,877,0.0,0.2222222238779068,0.458283002498892,-0.01349105239050418,3.9980178482856013,0.44240322368432233,0.015879778814569645
fractioncsp3,Q1,tabpfn_2d_seed10_top500,877,0.0,0.2222222238779068,0.4522273955568077,-0.00962451254084553,3.9941513084359426,0.44240322368432233,0.009824171872485354
fractioncsp3,Q2,ensemble,824,0.22727273404598236,0.31578946113586426,0.3859665914978405,-0.005140859056527735,4.46362818213525,0.3859665914978405,0.0
fractioncsp3,Q2,tabpfn_2d_seed10_default,824,0.22727273404598236,0.31578946113586426,0.3971463667958755,-0.007561677108104915,4.466049000186827,0.3859665914978405,0.011179775298034988
fractioncsp3,Q2,tabpfn_2d_seed10_top500,824,0.22727273404598236,0.31578946113586426,0.3875693559490431,0.0016656111820299994,4.456821711896692,0.3859665914978405,0.0016027644512026096
fractioncsp3,Q3,ensemble,798,0.3181818127632141,0.4000000059604645,0.38051009713691164,-0.04952660545739001,4.495015327261902,0.38051009713691164,0.0
fractioncsp3,Q3,tabpfn_2d_seed10_default,798,0.3181818127632141,0.4000000059604645,0.3952851173333955,-0.05256682410276026,4.498055545907271,0.38051009713691164,0.014775020196483857
fractioncsp3,Q3,tabpfn_2d_seed10_top500,798,0.3181818127632141,0.4000000059604645,0.38307721454696847,-0.04238838569861009,4.487877107503121,0.38051009713691164,0.0025671174100568295
fractioncsp3,Q4,ensemble,847,0.40909090638160706,0.529411792755127,0.3827054528363862,0.01579963653260708,4.47608348035051,0.3827054528363862,0.0
fractioncsp3,Q4,tabpfn_2d_seed10_default,847,0.40909090638160706,0.529411792755127,0.3905750401552059,0.009265977066832708,4.482617139816284,0.3827054528363862,0.007869587318819704
fractioncsp3,Q4,tabpfn_2d_seed10_top500,847,0.40909090638160706,0.529411792755127,0.38439290304532997,0.02090496831126028,4.470978148571857,0.3827054528363862,0.001687450208943786
fractioncsp3,Q5,ensemble,794,0.5333333611488342,1.0,0.37712728837732784,-0.0074484653024351494,4.249035367065659,0.37712728837732784,0.0
fractioncsp3,Q5,tabpfn_2d_seed10_default,794,0.5333333611488342,1.0,0.3825200415498364,-0.009743413853104833,4.251330315616329,0.37712728837732784,0.005392753172508535
fractioncsp3,Q5,tabpfn_2d_seed10_top500,794,0.5333333611488342,1.0,0.3719645566243669,0.005311518316004677,4.23627538344722,0.37712728837732784,-0.005162731752960947
log2fc_3_30e_5,Q1,ensemble,465,-0.8192832724402411,1.0905758579850957,0.43997609522019376,0.07050960526474852,4.324522652799767,0.43997609522019376,0.0
log2fc_3_30e_5,Q1,tabpfn_2d_seed10_default,465,-0.8192832724402411,1.0905758579850957,0.4484804858751194,0.07875602002297681,4.31627623804154,0.43997609522019376,0.008504390654925642
log2fc_3_30e_5,Q1,tabpfn_2d_seed10_top500,465,-0.8192832724402411,1.0905758579850957,0.4287105053522254,0.06164202677819039,4.333390231286326,0.43997609522019376,-0.011265589867968384
log2fc_3_30e_5,Q2,ensemble,464,1.0907645320850403,1.2393947333518087,0.2936088350175275,0.09989873881843105,4.765144364629845,0.2936088350175275,0.0
log2fc_3_30e_5,Q2,tabpfn_2d_seed10_default,464,1.0907645320850403,1.2393947333518087,0.30155052972250973,0.10126078669367168,4.763782316754604,0.2936088350175275,0.007941694704982238
log2fc_3_30e_5,Q2,tabpfn_2d_seed10_top500,464,1.0907645320850403,1.2393947333518087,0.30092942192636685,0.10162782849936652,4.763415274948909,0.2936088350175275,0.007320586908839355
log2fc_3_30e_5,Q3,ensemble,464,1.2394669721209888,1.3899758205133028,0.29661132251818245,0.0886162423215008,4.884638068023327,0.29661132251818245,0.0
log2fc_3_30e_5,Q3,tabpfn_2d_seed10_default,464,1.2394669721209888,1.3899758205133028,0.30592984382448524,0.09203467921964054,4.881219631125187,0.29661132251818245,0.009318521306302785
log2fc_3_30e_5,Q3,tabpfn_2d_seed10_top500,464,1.2394669721209888,1.3899758205133028,0.285179395223486,0.07307242183849728,4.900181888506331,0.29661132251818245,-0.011431927294696442
log2fc_3_30e_5,Q4,ensemble,464,1.3903190077350878,1.6318052634825873,0.2790082960461829,0.05099737423766144,4.993172884383028,0.2790082960461829,0.0
log2fc_3_30e_5,Q4,tabpfn_2d_seed10_default,464,1.3903190077350878,1.6318052634825873,0.28986350766543684,0.050445176650737895,4.993725081969952,0.2790082960461829,0.010855211619253957
log2fc_3_30e_5,Q4,tabpfn_2d_seed10_top500,464,1.3903190077350878,1.6318052634825873,0.27157641314227005,0.03931530050162611,5.004854958119063,0.2790082960461829,-0.007431882903912834
log2fc_3_30e_5,Q5,ensemble,464,1.632943479233708,4.239256659654055,0.2664095194582401,-0.028669756591958365,5.111234411764372,0.2664095194582401,0.0
log2fc_3_30e_5,Q5,tabpfn_2d_seed10_default,464,1.632943479233708,4.239256659654055,0.27956428207200146,-0.04554069749240217,5.128105352664816,0.2664095194582401,0.013154762613761362
log2fc_3_30e_5,Q5,tabpfn_2d_seed10_top500,464,1.632943479233708,4.239256659654055,0.2702013146877289,-0.052233514991299856,5.134798170163713,0.2664095194582401,0.0037917952294888035
log2fc_3_30e_5,missing,ensemble,1819,,,0.49573218132854996,-0.09960468650061999,3.7173636497864186,0.49573218132854996,0.0
log2fc_3_30e_5,missing,tabpfn_2d_seed10_default,1819,,,0.5082515015775158,-0.10362018271865864,3.721379146004457,0.49573218132854996,0.012519320248965793
log2fc_3_30e_5,missing,tabpfn_2d_seed10_top500,1819,,,0.5057103339161728,-0.06745504071176098,3.6852140039975594,0.49573218132854996,0.009978152587622857
log2fc_8_25e_6,Q1,ensemble,475,-1.1367185681707104,0.4870707102408467,0.43971112530951484,-0.0811002589352956,3.987542364198454,0.43971112530951484,0.0
log2fc_8_25e_6,Q1,tabpfn_2d_seed10_default,475,-1.1367185681707104,0.4870707102408467,0.4474478861357036,-0.08557116044697007,3.992013265710128,0.43971112530951484,0.007736760826188738
log2fc_8_25e_6,Q1,tabpfn_2d_seed10_top500,475,-1.1367185681707104,0.4870707102408467,0.4358409778594971,-0.01730183689719751,3.9237439421603555,0.43971112530951484,-0.0038701474500177357
log2fc_8_25e_6,Q2,ensemble,475,0.487738329799954,0.6873961121433726,0.2840841817953298,0.013283132826484145,4.695453709278779,0.2840841817953298,0.0
log2fc_8_25e_6,Q2,tabpfn_2d_seed10_default,475,0.487738329799954,0.6873961121433726,0.2866809324565686,0.009005153856779392,4.699731688248484,0.2840841817953298,0.0025967506612388225
log2fc_8_25e_6,Q2,tabpfn_2d_seed10_top500,475,0.487738329799954,0.6873961121433726,0.29001289719029477,0.028890475524099242,4.679846366581164,0.2840841817953298,0.0059287153949649785
log2fc_8_25e_6,Q3,ensemble,474,0.6877510446516065,0.9039584031136192,0.2914971455042758,0.008207454911992013,4.880864275045814,0.2914971455042758,0.0
log2fc_8_25e_6,Q3,tabpfn_2d_seed10_default,474,0.6877510446516065,0.9039584031136192,0.29848741340234813,0.005118126949680509,4.883953603008125,0.2914971455042758,0.006990267898072333
log2fc_8_25e_6,Q3,tabpfn_2d_seed10_top500,474,0.6877510446516065,0.9039584031136192,0.29696345019441117,0.009615916079106716,4.879455813878699,0.2914971455042758,0.005466304690135371
log2fc_8_25e_6,Q4,ensemble,475,0.9050363480978004,1.17417498880606,0.30643702554001034,0.12980473365895795,5.079153161077885,0.30643702554001034,0.0
log2fc_8_25e_6,Q4,tabpfn_2d_seed10_default,475,0.9050363480978004,1.17417498880606,0.32288105812072754,0.1322839227576005,5.0766739719792415,0.30643702554001034,0.016444032580717194
log2fc_8_25e_6,Q4,tabpfn_2d_seed10_top500,475,0.9050363480978004,1.17417498880606,0.2969513155284681,0.08444607710587353,5.124511817630968,0.30643702554001034,-0.009485710011542248
log2fc_8_25e_6,Q5,ensemble,475,1.175343490068012,3.9182277227356246,0.3221205831942902,0.1581401240973068,5.278333560113219,0.3221205831942902,0.0
log2fc_8_25e_6,Q5,tabpfn_2d_seed10_default,475,1.175343490068012,3.9182277227356246,0.33695544479771666,0.16593198665819667,5.270541697552329,0.3221205831942902,0.014834861603426452
log2fc_8_25e_6,Q5,tabpfn_2d_seed10_top500,475,1.175343490068012,3.9182277227356246,0.29941081964593186,0.07930044013575505,5.3571732440747715,0.3221205831942902,-0.022709763548358353
log2fc_8_25e_6,missing,ensemble,1766,,,0.48285643239638926,-0.09004190182378802,3.726485024256895,0.48285643239638926,0.0
log2fc_8_25e_6,missing,tabpfn_2d_seed10_default,1766,,,0.4957654209485308,-0.09490854165210809,3.7313516640852153,0.48285643239638926,0.012908988552141565
log2fc_8_25e_6,missing,tabpfn_2d_seed10_top500,1766,,,0.49476985221082254,-0.06048270397979782,3.696925826412905,0.48285643239638926,0.01191341981443328
logp,Q1,ensemble,828,-5.397200107574463,1.8942999839782715,0.4288489160845625,-0.025754659963025235,3.23239717204032,0.4288489160845625,0.0
logp,Q1,tabpfn_2d_seed10_default,828,-5.397200107574463,1.8942999839782715,0.44248164525930433,-0.02669856473443588,3.2333410768117306,0.4288489160845625,0.013632729174741842
logp,Q1,tabpfn_2d_seed10_top500,828,-5.397200107574463,1.8942999839782715,0.4339080611864725,0.0002255760529191039,3.2064169360243757,0.4288489160845625,0.005059145101910023
logp,Q2,ensemble,828,1.8956999778747559,2.643399953842163,0.4005592652606694,-0.01736231505865209,4.263231880276043,0.4005592652606694,0.0
logp,Q2,tabpfn_2d_seed10_default,828,1.8956999778747559,2.643399953842163,0.40795402288436894,-0.01788581531404872,4.26375538053144,0.4005592652606694,0.007394757623699566
logp,Q2,tabpfn_2d_seed10_top500,828,1.8956999778747559,2.643399953842163,0.40470096185011567,-0.011011376380920413,4.256880941598312,0.4005592652606694,0.004141696589446298
logp,Q3,ensemble,828,2.6435000896453857,3.176340103149414,0.3664709204483992,0.013668129044102409,4.626259407187781,0.3664709204483992,0.0
logp,Q3,tabpfn_2d_seed10_default,828,2.6435000896453857,3.176340103149414,0.37837260128795236,0.010417951892539502,4.629509584339345,0.3664709204483992,0.011901680839553175
logp,Q3,tabpfn_2d_seed10_top500,828,2.6435000896453857,3.176340103149414,0.3716700975215377,0.01733571130872349,4.622591824923161,0.3664709204483992,0.0051991770731384945
logp,Q4,ensemble,828,3.177000045776367,3.7203800678253174,0.3716773471064161,0.002480871503289906,4.734560191298643,0.3716773471064161,0.0
logp,Q4,tabpfn_2d_seed10_default,828,3.177000045776367,3.7203800678253174,0.384734611361499,-0.0033875982888078924,4.74042866109074,0.3716773471064161,0.013057264255082912
logp,Q4,tabpfn_2d_seed10_top500,828,3.177000045776367,3.7203800678253174,0.362339066353397,0.0038229785909975186,4.733218084210935,0.3716773471064161,-0.009338280753019068
logp,Q5,ensemble,828,3.723299980163574,10.812700271606445,0.40498188637126203,-0.03409844154018976,4.808686067405971,0.40498188637126203,0.0
logp,Q5,tabpfn_2d_seed10_default,828,3.723299980163574,10.812700271606445,0.4144019200105092,-0.0347875056099707,4.809375131475752,0.40498188637126203,0.00942003363924715
logp,Q5,tabpfn_2d_seed10_top500,828,3.723299980163574,10.812700271606445,0.41117026629252834,-0.03328389436552947,4.807871520231312,0.40498188637126203,0.006188379921266307
member_range,Q1,ensemble,828,0.08010292053222656,0.3518803119659424,0.30657828309204876,-0.003871389479402377,4.209227669672639,0.30657828309204876,0.0
member_range,Q1,tabpfn_2d_seed10_default,828,0.08010292053222656,0.3518803119659424,0.31353249028109126,-0.01135754825988254,4.216713828453119,0.30657828309204876,0.006954207189042494
member_range,Q1,tabpfn_2d_seed10_top500,828,0.08010292053222656,0.3518803119659424,0.31031595963786773,0.0009921505946468032,4.20436412959859,0.30657828309204876,0.0037376765458189687
member_range,Q2,ensemble,828,0.3520240783691406,0.4805464744567871,0.3197369883254861,0.004293711177432209,4.611104839547206,0.3197369883254861,0.0
member_range,Q2,tabpfn_2d_seed10_default,828,0.3520240783691406,0.4805464744567871,0.33014605630423133,-0.0005651593784203182,4.615963710103058,0.3197369883254861,0.010409067978745246
member_range,Q2,tabpfn_2d_seed10_top500,828,0.3520240783691406,0.4805464744567871,0.31939806089309103,0.0019356657917372886,4.6134628849329005,0.3197369883254861,-0.0003389274323950531
member_range,Q3,ensemble,828,0.4806075096130371,0.6389975547790527,0.3268696190472934,-0.006905826930927782,4.577177566061363,0.3268696190472934,0.0
member_range,Q3,tabpfn_2d_seed10_default,828,0.4806075096130371,0.6389975547790527,0.338906950685713,-0.008596350248309154,4.578868089378744,0.3268696190472934,0.012037331638419635
member_range,Q3,tabpfn_2d_seed10_top500,828,0.4806075096130371,0.6389975547790527,0.32479037827339724,-0.005807466195977252,4.576079205326412,0.3268696190472934,-0.0020792407738961516
member_range,Q4,ensemble,828,0.6392030715942383,0.9315266609191895,0.44011689866407266,-0.02139265525307895,4.2989996047903585,0.44011689866407266,0.0
member_range,Q4,tabpfn_2d_seed10_default,828,0.6392030715942383,0.9315266609191895,0.46011703783360774,-0.015934751694322187,4.293541701231602,0.44011689866407266,0.02000013916953508
member_range,Q4,tabpfn_2d_seed10_top500,828,0.6392030715942383,0.9315266609191895,0.44891036739269435,-0.01513631695537058,4.29274326649265,0.44011689866407266,0.00879346872862169
member_range,Q5,ensemble,828,0.9332942962646484,2.7649688720703125,0.5792365461424085,-0.03319025552849788,3.968625038137194,0.5792365461424085,0.0
member_range,Q5,tabpfn_2d_seed10_default,828,0.9332942962646484,2.7649688720703125,0.5852422656989904,-0.035887722473789505,3.971322505082485,0.5792365461424085,0.006005719556581912
member_range,Q5,tabpfn_2d_seed10_top500,828,0.9332942962646484,2.7649688720703125,0.580373687007001,-0.004895038028846033,3.9403298206375417,0.5792365461424085,0.0011371408645924896
member_std,Q1,ensemble,828,0.026430031141425017,0.10914947629416873,0.3077157223823175,-0.015896370571525324,4.173088399557033,0.3077157223823175,0.0
member_std,Q1,tabpfn_2d_seed10_default,828,0.026430031141425017,0.10914947629416873,0.31284743861875675,-0.024633231623737137,4.181825260609244,0.3077157223823175,0.0051317162364392654
member_std,Q1,tabpfn_2d_seed10_top500,828,0.026430031141425017,0.10914947629416873,0.31004090217000624,-0.011529656101540093,4.168721685087047,0.3077157223823175,0.002325179787688758
member_std,Q2,ensemble,828,0.10929877670293386,0.14933399976168713,0.3131765531870735,0.012676037984686039,4.66275874462401,0.3131765531870735,0.0
member_std,Q2,tabpfn_2d_seed10_default,828,0.10929877670293386,0.14933399976168713,0.324320080810123,0.009720564475957897,4.665714218132738,0.3131765531870735,0.011143527623049487
member_std,Q2,tabpfn_2d_seed10_top500,828,0.10929877670293386,0.14933399976168713,0.3141736271300754,0.011664237676611271,4.663770544932085,0.3131765531870735,0.0009970739430019138
member_std,Q3,ensemble,828,0.14934321432521822,0.19738916584889235,0.33543224891717327,-0.00532275789498336,4.5612225163490905,0.33543224891717327,0.0
member_std,Q3,tabpfn_2d_seed10_default,828,0.14934321432521822,0.19738916584889235,0.3481877649924605,-0.007028677428978075,4.562928435883085,0.33543224891717327,0.012755516075287243
member_std,Q3,tabpfn_2d_seed10_top500,828,0.14934321432521822,0.19738916584889235,0.3356077747989968,-0.0036486892193411846,4.559548447673447,0.33543224891717327,0.0001755258818235128
member_std,Q4,ensemble,828,0.1974481278780735,0.29113918565762464,0.43119507075463265,-0.015934328762283914,4.322170505352704,0.43119507075463265,0.0
member_std,Q4,tabpfn_2d_seed10_default,828,0.1974481278780735,0.29113918565762464,0.44934850009340715,-0.01132808223841153,4.317564258828831,0.43119507075463265,0.018153429338774507
member_std,Q4,tabpfn_2d_seed10_top500,828,0.1974481278780735,0.29113918565762464,0.4371576000601842,-0.011473011939990894,4.317709188530411,0.43119507075463265,0.005962529305551578
member_std,Q5,ensemble,828,0.29125726508310384,1.0653115316695174,0.5850187400301123,-0.03658899677036822,3.9458945523259237,0.5850187400301123,0.0
member_std,Q5,tabpfn_2d_seed10_default,828,0.29125726508310384,1.0653115316695174,0.5932410162888864,-0.03907210523955487,3.9483776607951104,0.5850187400301123,0.00822227625877403
member_std,Q5,tabpfn_2d_seed10_top500,828,0.29125726508310384,1.0653115316695174,0.5868085490447889,-0.007923885209548872,3.9172294407651043,0.5850187400301123,0.0017898090146765133
nn_potent46_tanimoto,Q1,ensemble,830,0.05454545454545454,0.18571428571428572,0.44582192145279237,-0.029754683450084248,3.698060170458358,0.44582192145279237,0.0
nn_potent46_tanimoto,Q1,tabpfn_2d_seed10_default,830,0.05454545454545454,0.18571428571428572,0.45806563071343526,-0.027598173007613466,3.6959036600158877,0.44582192145279237,0.012243709260642888
nn_potent46_tanimoto,Q1,tabpfn_2d_seed10_top500,830,0.05454545454545454,0.18571428571428572,0.4483020300078174,-0.006366015564670311,3.674671502572944,0.44582192145279237,0.002480108555025007
nn_potent46_tanimoto,Q2,ensemble,834,0.18584070796460178,0.20652173913043478,0.3827342466520532,-0.021342944098735512,4.319124718679071,0.3827342466520532,0.0
nn_potent46_tanimoto,Q2,tabpfn_2d_seed10_default,834,0.18584070796460178,0.20652173913043478,0.3906271030233918,-0.026239553972971525,4.324021328553307,0.3827342466520532,0.00789285637133863
nn_potent46_tanimoto,Q2,tabpfn_2d_seed10_top500,834,0.18584070796460178,0.20652173913043478,0.3911185659092965,-0.015855839383973776,4.31363761396431,0.3827342466520532,0.008384319257243311
nn_potent46_tanimoto,Q3,ensemble,845,0.20689655172413793,0.2261904761904762,0.4008384374269922,-0.049698601531757605,4.423231145910456,0.4008384374269922,0.0
nn_potent46_tanimoto,Q3,tabpfn_2d_seed10_default,845,0.20689655172413793,0.2261904761904762,0.41216165123888726,-0.052063015356571714,4.42559555973527,0.4008384374269922,0.01132321381189505
nn_potent46_tanimoto,Q3,tabpfn_2d_seed10_top500,845,0.20689655172413793,0.2261904761904762,0.4054115486145019,-0.03631012565567648,4.409842670034375,0.4008384374269922,0.004573111187509693
nn_potent46_tanimoto,Q4,ensemble,821,0.22666666666666666,0.25,0.3523863220287585,-0.012671852768120696,4.615637748017816,0.3523863220287585,0.0
nn_potent46_tanimoto,Q4,tabpfn_2d_seed10_default,821,0.22666666666666666,0.25,0.3600242401127693,-0.01752392945423195,4.620489824703927,0.3523863220287585,0.007637918084010764
nn_potent46_tanimoto,Q4,tabpfn_2d_seed10_top500,821,0.22666666666666666,0.25,0.354422657997977,-0.008501709555882623,4.611467604805578,0.3523863220287585,0.0020363359692184835
nn_potent46_tanimoto,Q5,ensemble,810,0.25263157894736843,1.0,0.3901376976291296,0.05473125876406484,4.617435407902602,0.3901376976291296,0.0
nn_potent46_tanimoto,Q5,tabpfn_2d_seed10_default,810,0.25263157894736843,1.0,0.40654854471889545,0.053422070526782384,4.6187445961398845,0.3901376976291296,0.016410847089765868
nn_potent46_tanimoto,Q5,tabpfn_2d_seed10_top500,810,0.25263157894736843,1.0,0.38362902417595,0.04592495150624971,4.626241715160417,0.3901376976291296,-0.00650867345317957
num_heavy_atoms,Q1,ensemble,1194,4.0,22.0,0.4050581768008003,-0.018015097662668463,3.726448933508564,0.4050581768008003,0.0
num_heavy_atoms,Q1,tabpfn_2d_seed10_default,1194,4.0,22.0,0.41552105539408163,-0.015704292651995938,3.7241381284978923,0.4050581768008003,0.010462878593281322
num_heavy_atoms,Q1,tabpfn_2d_seed10_top500,1194,4.0,22.0,0.41122205433134656,-0.007359302726822279,3.7157931385727183,0.4050581768008003,0.006163877530546258
num_heavy_atoms,Q2,ensemble,956,23.0,24.0,0.3766260803091336,-0.003987952479520053,4.5439513416008595,0.3766260803091336,0.0
num_heavy_atoms,Q2,tabpfn_2d_seed10_default,956,23.0,24.0,0.3844231322120922,-0.004692760641105995,4.544656149762445,0.3766260803091336,0.007797051902958596
num_heavy_atoms,Q2,tabpfn_2d_seed10_top500,956,23.0,24.0,0.37491825070840046,-0.00038654651601941706,4.540349935637359,0.3766260803091336,-0.001707829600733124
num_heavy_atoms,Q3,ensemble,509,25.0,25.0,0.3776000339479152,-0.013420118989578103,4.58367552174007,0.3776000339479152,0.0
num_heavy_atoms,Q3,tabpfn_2d_seed10_default,509,25.0,25.0,0.38796527008176557,-0.020973227562745105,4.591228630313236,0.3776000339479152,0.010365236133850375
num_heavy_atoms,Q3,tabpfn_2d_seed10_top500,509,25.0,25.0,0.3729207191204978,-0.006111715519123795,4.576367118269615,0.3776000339479152,-0.004679314827417402
num_heavy_atoms,Q4,ensemble,719,26.0,27.0,0.35333045640115324,-0.007025952420236486,4.578069067858344,0.35333045640115324,0.0
num_heavy_atoms,Q4,tabpfn_2d_seed10_default,719,26.0,27.0,0.36783936178236576,-0.015917933759835242,4.586961049197944,0.35333045640115324,0.014508905381212522
num_heavy_atoms,Q4,tabpfn_2d_seed10_top500,719,26.0,27.0,0.3588301494158027,0.0014878401404793257,4.569555275297629,0.35333045640115324,0.005499693014649476
num_heavy_atoms,Q5,ensemble,762,28.0,123.0,0.4505573888412582,-0.017530161318231634,4.62022511435874,0.4505573888412582,0.0
num_heavy_atoms,Q5,tabpfn_2d_seed10_default,762,28.0,123.0,0.4639722007046922,-0.019082961599963196,4.621777914640472,0.4505573888412582,0.013414811863434017
num_heavy_atoms,Q5,tabpfn_2d_seed10_top500,762,28.0,123.0,0.45320253968740193,-0.010200341083864492,4.612895294124373,0.4505573888412582,0.002645150846143751
num_heteroatoms,Q1,ensemble,1217,1.0,5.0,0.37693942247704304,-0.023552891133521856,4.130693400582988,0.37693942247704304,0.0
num_heteroatoms,Q1,tabpfn_2d_seed10_default,1217,1.0,5.0,0.3838114423054403,-0.022891858499757358,4.130032367949223,0.37693942247704304,0.006872019828397247
num_heteroatoms,Q1,tabpfn_2d_seed10_top500,1217,1.0,5.0,0.38175317107602624,-0.01606551906175073,4.123206028511216,0.37693942247704304,0.004813748598983203
num_heteroatoms,Q2,ensemble,917,6.0,6.0,0.38272188276137986,0.013045662561973502,4.497401447579794,0.38272188276137986,0.0
num_heteroatoms,Q2,tabpfn_2d_seed10_default,917,6.0,6.0,0.39427072277505887,0.009935708789555055,4.500511401352211,0.38272188276137986,0.011548840013679007
num_heteroatoms,Q2,tabpfn_2d_seed10_top500,917,6.0,6.0,0.38086425835329685,0.02616850664727431,4.484278603494492,0.38272188276137986,-0.001857624408083014
num_heteroatoms,Q3,ensemble,865,7.0,7.0,0.3742041780232407,-0.013816515589999166,4.517521717902138,0.3742041780232407,0.0
num_heteroatoms,Q3,tabpfn_2d_seed10_default,865,7.0,7.0,0.3866825527676268,-0.018137437533781022,4.52184263984592,0.3742041780232407,0.012478374744386123
num_heteroatoms,Q3,tabpfn_2d_seed10_top500,865,7.0,7.0,0.3770890582531174,-0.012190164907819276,4.515895367219958,0.3742041780232407,0.0028848802298767073
num_heteroatoms,Q4,ensemble,534,8.0,8.0,0.41172262291631534,-0.03111583325465023,4.392623323891354,0.41172262291631534,0.0
num_heteroatoms,Q4,tabpfn_2d_seed10_default,534,8.0,8.0,0.4274245255180959,-0.03848024759399756,4.399987738230702,0.41172262291631534,0.01570190260178056
num_heteroatoms,Q4,tabpfn_2d_seed10_top500,534,8.0,8.0,0.4134996200054326,-0.028977459878957217,4.390484950515662,0.41172262291631534,0.0017769970891172715
num_heteroatoms,Q5,ensemble,607,9.0,28.0,0.46132455243901455,-0.008722991065051427,4.175030329148853,0.46132455243901455,0.0
num_heteroatoms,Q5,tabpfn_2d_seed10_default,607,9.0,28.0,0.47408305144036,-0.008094079118967418,4.174401417202769,0.46132455243901455,0.012758499001345458
num_heteroatoms,Q5,tabpfn_2d_seed10_top500,607,9.0,28.0,0.4641513553074298,0.004288896793990816,4.162018441289811,0.46132455243901455,0.0028268028684152458
num_rings,Q1,ensemble,1052,0.0,2.0,0.39796156249217973,-0.008964221768896559,3.683682429199379,0.39796156249217973,0.0
num_rings,Q1,tabpfn_2d_seed10_default,1052,0.0,2.0,0.40870373652145076,-0.009948977801730855,3.6846671852322133,0.39796156249217973,0.010742174029271023
num_rings,Q1,tabpfn_2d_seed10_top500,1052,0.0,2.0,0.40746948034274355,0.0002624142455565428,3.6744557931849258,0.39796156249217973,0.009507917850563818
num_rings,Q2,ensemble,1696,3.0,3.0,0.37049814930536096,-0.01045969662715273,4.4940328098346995,0.37049814930536096,0.0
num_rings,Q2,tabpfn_2d_seed10_default,1696,3.0,3.0,0.3838849520233442,-0.01580628266874349,4.499379395876291,0.37049814930536096,0.01338680271798326
num_rings,Q2,tabpfn_2d_seed10_top500,1696,3.0,3.0,0.3730434502014574,-0.0016145734910695054,4.485187686698617,0.37049814930536096,0.0025453008960964474
num_rings,Q3,ensemble,1137,4.0,4.0,0.41134972626915517,-0.026157628012717555,4.6142139164911695,0.41134972626915517,0.0
num_rings,Q3,tabpfn_2d_seed10_default,1137,4.0,4.0,0.41884299475368747,-0.02507840434185957,4.613134692820312,0.41134972626915517,0.0074932684845323005
num_rings,Q3,tabpfn_2d_seed10_top500,1137,4.0,4.0,0.4088558006957632,-0.02151577695378527,4.609572065432237,0.41134972626915517,-0.002493925573391953
num_rings,Q4,ensemble,255,5.0,14.0,0.46484971714882134,0.0248950485137449,4.68728142207449,0.46484971714882134,0.0
num_rings,Q4,tabpfn_2d_seed10_default,255,5.0,14.0,0.4779945120717965,0.023094655878403595,4.689081814709832,0.46484971714882134,0.013144794922975156
num_rings,Q4,tabpfn_2d_seed10_top500,255,5.0,14.0,0.45634591764562266,0.031197581496893178,4.680978889091342,0.46484971714882134,-0.008503799503198683
num_rotatable_bonds,Q1,ensemble,1342,0.0,3.0,0.4222490303551023,-0.03378663209911323,4.098652503932198,0.4222490303551023,0.0
num_rotatable_bonds,Q1,tabpfn_2d_seed10_default,1342,0.0,3.0,0.4300621062987963,-0.03377053080301526,4.0986364026361,0.4222490303551023,0.007813075943694014
num_rotatable_bonds,Q1,tabpfn_2d_seed10_top500,1342,0.0,3.0,0.42462973631618633,-0.02363773905928906,4.088503610892374,0.4222490303551023,0.0023807059610840287
num_rotatable_bonds,Q2,ensemble,950,4.0,4.0,0.3702087626416523,0.010206485805672487,4.49253035629959,0.3702087626416523,0.0
num_rotatable_bonds,Q2,tabpfn_2d_seed10_default,950,4.0,4.0,0.38067874495857645,0.007533487872073538,4.4952033542331895,0.3702087626416523,0.010469982316924142
num_rotatable_bonds,Q2,tabpfn_2d_seed10_top500,950,4.0,4.0,0.3671388250652113,0.016168735504150406,4.486568106601113,0.3702087626416523,-0.0030699375764410286
num_rotatable_bonds,Q3,ensemble,778,5.0,5.0,0.3814427450900054,0.015675906481349276,4.4452091246457295,0.3814427450900054,0.0
num_rotatable_bonds,Q3,tabpfn_2d_seed10_default,778,5.0,5.0,0.39303919446070706,0.013217643547188074,4.447667387579891,0.3814427450900054,0.011596449370701645
num_rotatable_bonds,Q3,tabpfn_2d_seed10_top500,778,5.0,5.0,0.38238398780737687,0.01852475929567443,4.442360271831404,0.3814427450900054,0.0009412427173714488
num_rotatable_bonds,Q4,ensemble,550,6.0,6.0,0.3776645769146619,-0.018690620880471895,4.4492815299713815,0.3776645769146619,0.0
num_rotatable_bonds,Q4,tabpfn_2d_seed10_default,550,6.0,6.0,0.4003442627299916,-0.024745266307484023,4.4553361753983936,0.3776645769146619,0.022679685815329698
num_rotatable_bonds,Q4,tabpfn_2d_seed10_top500,550,6.0,6.0,0.38631474895477297,-0.010358696070584383,4.440949605161493,0.3776645769146619,0.008650172040111093
num_rotatable_bonds,Q5,ensemble,520,7.0,23.0,0.4046677795681516,-0.03237212972421964,4.355689437416528,0.4046677795681516,0.0
num_rotatable_bonds,Q5,tabpfn_2d_seed10_default,520,7.0,23.0,0.41226212098048287,-0.03540188440909753,4.358719192101405,0.4046677795681516,0.007594341412331285
num_rotatable_bonds,Q5,tabpfn_2d_seed10_top500,520,7.0,23.0,0.41148845166426434,-0.021776432257432206,4.34509373994974,0.4046677795681516,0.0068206720961127565
pec50,Q1,ensemble,831,1.61,3.25,0.6075159140381806,-0.4615264526447542,2.9042460675665347,0.6075159140381806,0.0
pec50,Q1,tabpfn_2d_seed10_default,831,1.61,3.25,0.6174716399177891,-0.470465748863817,2.913185363785598,0.6075159140381806,0.009955725879608468
pec50,Q1,tabpfn_2d_seed10_top500,831,1.61,3.25,0.5825408001611666,-0.40397503872353824,2.846694653645319,0.6075159140381806,-0.02497511387701401
pec50,Q2,ensemble,842,3.26,4.41,0.43910610594768257,-0.09359907201143411,4.0390444401824555,0.43910610594768257,0.0
pec50,Q2,tabpfn_2d_seed10_default,842,3.26,4.41,0.45716392690382207,-0.09129735105111308,4.036742719222135,0.43910610594768257,0.018057820956139503
pec50,Q2,tabpfn_2d_seed10_top500,842,3.26,4.41,0.46986985900906086,-0.05863344336348871,4.0040788115345105,0.43910610594768257,0.030763753061378296
pec50,Q3,ensemble,820,4.42,4.85,0.26450874225333376,-0.015485203163081057,4.668601056821617,0.26450874225333376,0.0
pec50,Q3,tabpfn_2d_seed10_default,820,4.42,4.85,0.2758320130138862,-0.024179586922250144,4.677295440580787,0.26450874225333376,0.01132327076055245
pec50,Q3,tabpfn_2d_seed10_top500,820,4.42,4.85,0.27854682280377646,0.0008087026549548548,4.652307151003582,0.26450874225333376,0.0140380805504427
pec50,Q4,ensemble,842,4.859999999999999,5.22,0.2502375372296877,0.13118162521689095,4.9107126740705205,0.2502375372296877,0.0
pec50,Q4,tabpfn_2d_seed10_default,842,4.859999999999999,5.22,0.25663875932081864,0.12526627577965163,4.9166280235077595,0.2502375372296877,0.00640122209113092
pec50,Q4,tabpfn_2d_seed10_top500,842,4.859999999999999,5.22,0.2765054989200873,0.12137444925421491,4.920519850033196,0.2502375372296877,0.026267961690399577
pec50,Q5,ensemble,805,5.23,7.54855421686747,0.41129378985818216,0.3900855235807919,5.169384730104758,0.41129378985818216,0.0
pec50,Q5,tabpfn_2d_seed10_default,805,5.23,7.54855421686747,0.42088850909464826,0.40035239182526255,5.159117861860287,0.41129378985818216,0.009594719236466098
pec50,Q5,tabpfn_2d_seed10_top500,805,5.23,7.54855421686747,0.3746943953336467,0.3270085491589209,5.232461704526629,0.41129378985818216,-0.03659939452453548
tpsa,Q1,ensemble,831,0.0,50.79999923706055,0.4029792433649205,-0.03561423914777883,4.074398836019018,0.4029792433649205,0.0
tpsa,Q1,tabpfn_2d_seed10_default,831,0.0,50.79999923706055,0.4116741683881923,-0.02734851122189371,4.066133108093133,0.4029792433649205,0.008694925023271793
tpsa,Q1,tabpfn_2d_seed10_top500,831,0.0,50.79999923706055,0.40715101887029287,-0.023444109754872232,4.062228706626112,0.4029792433649205,0.004171775505372344
tpsa,Q2,ensemble,825,50.939998626708984,60.560001373291016,0.33436868225826166,0.005706658021098497,4.678673407696317,0.33436868225826166,0.0
tpsa,Q2,tabpfn_2d_seed10_default,825,50.939998626708984,60.560001373291016,0.3398573217524974,0.002094145371993122,4.682285920345422,0.33436868225826166,0.005488639494235725
tpsa,Q2,tabpfn_2d_seed10_top500,825,50.939998626708984,60.560001373291016,0.3344872683282401,0.005778353981834211,4.678601711735581,0.33436868225826166,0.00011858606997844356
tpsa,Q3,ensemble,829,60.619998931884766,72.18000030517578,0.3613532820075954,-0.00011999191113635304,4.559233381537192,0.3613532820075954,0.0
tpsa,Q3,tabpfn_2d_seed10_default,829,60.619998931884766,72.18000030517578,0.37094777340768187,-0.007451642546061301,4.566565032172117,0.3613532820075954,0.009594491400086447
tpsa,Q3,tabpfn_2d_seed10_top500,829,60.619998931884766,72.18000030517578,0.3604039794889664,0.001903919466154411,4.557209470159901,0.3613532820075954,-0.0009493025186290138
tpsa,Q4,ensemble,827,72.19000244140625,87.58000183105469,0.4069960564931988,-0.016409487784145884,4.366433671581002,0.4069960564931988,0.0
tpsa,Q4,tabpfn_2d_seed10_default,827,72.19000244140625,87.58000183105469,0.41757034776865215,-0.025187692769060965,4.375211876565917,0.4069960564931988,0.01057429127545334
tpsa,Q4,tabpfn_2d_seed10_top500,827,72.19000244140625,87.58000183105469,0.41340819906583,-0.007027769353974968,4.357051953150831,0.4069960564931988,0.006412142572631174
tpsa,Q5,ensemble,828,87.62000274658203,340.1199951171875,0.466647606281591,-0.01449931510116726,3.988351972105998,0.466647606281591,0.0
tpsa,Q5,tabpfn_2d_seed10_default,828,87.62000274658203,340.1199951171875,0.48769129097749647,-0.014362574948204894,3.9882152319530357,0.466647606281591,0.02104368469590545
tpsa,Q5,tabpfn_2d_seed10_top500,828,87.62000274658203,340.1199951171875,0.46813872775017923,-2.6307704943968173e-05,3.9738789647097748,0.466647606281591,0.001491121468588208
