candidate,path,single_mae,single_sp,residual_r_vs_current_ensemble,decision,reasons
oof_chemprop_proj32_kron,track1_activity/submissions/krovex_grid/oof_chemprop_proj32_kron.npy,0.49057294514594013,0.7516669257839027,0.79176287966838,close,weak_single
oof_chemprop_proj32_kron,track1_activity/submissions/krovex_dimsweep/oof_chemprop_proj32_kron.npy,0.49057294514594013,0.7516669257839027,0.79176287966838,close,weak_single
oof_chemprop_proj128_concat,track1_activity/submissions/krovex_dimsweep/oof_chemprop_proj128_concat.npy,0.49227902302108667,0.7677819515917815,0.8255625927870681,close,weak_single
oof_chemprop_proj64_concat,track1_activity/submissions/krovex_dimsweep/oof_chemprop_proj64_concat.npy,0.49314502149998996,0.7663091409202276,0.8348982766164149,close,weak_single
oof_chemprop_proj128_kron,track1_activity/submissions/krovex_dimsweep/oof_chemprop_proj128_kron.npy,0.4947803699489967,0.7509513977331853,0.7964906037733357,close,weak_single
oof_chemprop_proj32_concat,track1_activity/submissions/krovex_grid/oof_chemprop_proj32_concat.npy,0.4963407913156192,0.7727550382525271,0.8450425470894509,close,weak_single
oof_chemprop_proj32_concat,track1_activity/submissions/krovex_dimsweep/oof_chemprop_proj32_concat.npy,0.4963407913156192,0.7727550382525271,0.8450425470894509,close,weak_single
oof_chemprop_proj64_kron,track1_activity/submissions/krovex_dimsweep/oof_chemprop_proj64_kron.npy,0.4963527416380145,0.7394302729889519,0.7955637045348205,close,weak_single
oof_chemprop_proj16_concat,track1_activity/submissions/krovex_dimsweep/oof_chemprop_proj16_concat.npy,0.4981979147573614,0.7652366646473115,0.8410488154980456,close,weak_single
oof_chemprop_raw_concat,track1_activity/submissions/krovex_dimsweep/oof_chemprop_raw_concat.npy,0.4991562079822398,0.766102142658565,0.8358070420709427,close,weak_single
oof_chemprop256_concat,track1_activity/submissions/krovex_grid/oof_chemprop256_concat.npy,0.4991562079822398,0.766102142658565,0.8358070420709427,close,weak_single
oof_chemprop_proj16_kron,track1_activity/submissions/krovex_dimsweep/oof_chemprop_proj16_kron.npy,0.5008230006583085,0.7411798425574256,0.7858337050514252,close,weak_single
oof_chemprop_raw_kron,track1_activity/submissions/krovex_dimsweep/oof_chemprop_raw_kron.npy,0.5053627224997059,0.7391360107594549,0.8023990399063599,close,weak_single
oof_chemprop256_kron,track1_activity/submissions/krovex_grid/oof_chemprop256_kron.npy,0.5053627224997059,0.7391360107594549,0.8023990399063599,close,weak_single
phaseD2_atom_bond_kan_oof,track1_activity/submissions/umsgfnet_fp_kan/phaseD2_atom_bond_kan_oof.npy,0.52524230590339,0.706582187052198,0.769996206066786,close,weak_single
phaseC_b1_kan_only_seed44_oof,track1_activity/submissions/umsgfnet_fp_kan/phaseC_b1_kan_only_seed44_oof.npy,0.5270224123073675,0.7068466818099143,0.7674932337278446,close,weak_single
phaseD3_hier_kan_oof,track1_activity/submissions/umsgfnet_fp_kan/phaseD3_hier_kan_oof.npy,0.5270325624024824,0.7055877489441513,0.7785032176401114,close,weak_single
phaseC_b1_kan_only_seed43_oof,track1_activity/submissions/umsgfnet_fp_kan/phaseC_b1_kan_only_seed43_oof.npy,0.5285732922384718,0.7089154657514211,0.7586255815713733,close,weak_single
phase_b1_a5_kan_only_oof,track1_activity/submissions/umsgfnet_fp_kan/phase_b1_a5_kan_only_oof.npy,0.5290245156360722,0.7070378327373205,0.766200101539549,close,weak_single
phaseC_b1_kan_only_seed42_oof,track1_activity/submissions/umsgfnet_fp_kan/phaseC_b1_kan_only_seed42_oof.npy,0.5290245156360722,0.7070378327373205,0.766200101539549,close,weak_single
phaseD1_atom_gcn_kan_oof,track1_activity/submissions/umsgfnet_fp_kan/phaseD1_atom_gcn_kan_oof.npy,0.5300884299523603,0.7046546480657171,0.763498378958834,close,weak_single
oof_cheme300_kron,track1_activity/submissions/krovex_grid/oof_cheme300_kron.npy,0.5320545730674914,0.7042598492648372,0.7625748244582926,close,weak_single
oof_cheme_raw_kron,track1_activity/submissions/krovex_dimsweep/oof_cheme_raw_kron.npy,0.5320545730674914,0.7042598492648372,0.7625748244582926,close,weak_single
phaseC_b2_fused_alpha_seed42_oof,track1_activity/submissions/umsgfnet_fp_kan/phaseC_b2_fused_alpha_seed42_oof.npy,0.5348115806237524,0.7061915053274247,0.7608426307412282,close,weak_single
phase_b2_a5_fused_alpha_oof,track1_activity/submissions/umsgfnet_fp_kan/phase_b2_a5_fused_alpha_oof.npy,0.5348115806237524,0.7061915053274247,0.7608426307412282,close,weak_single
phase_b2_a5_kan_only_oof,track1_activity/submissions/umsgfnet_fp_kan/phase_b2_a5_kan_only_oof.npy,0.5376966119553169,0.7011849346673221,0.7569868839892315,close,weak_single
phase_b1_a5_fused_alpha_oof,track1_activity/submissions/umsgfnet_fp_kan/phase_b1_a5_fused_alpha_oof.npy,0.5407501251793152,0.7026974550251284,0.7643960210971428,close,weak_single
oof_cheme_proj128_concat,track1_activity/submissions/krovex_dimsweep/oof_cheme_proj128_concat.npy,0.5430053112763726,0.7188658061026336,0.775673023607026,close,weak_single
phaseA5_kan_only_oof,track1_activity/submissions/umsgfnet_fp_kan/phaseA5_kan_only_oof.npy,0.5430375393120002,0.693177071640461,0.7585993776849148,close,weak_single
oof_cheme_proj128_kron,track1_activity/submissions/krovex_dimsweep/oof_cheme_proj128_kron.npy,0.5433828952822722,0.6962665697168011,0.7479706568946948,close,weak_single
phaseC_b2_fused_alpha_seed44_oof,track1_activity/submissions/umsgfnet_fp_kan/phaseC_b2_fused_alpha_seed44_oof.npy,0.5436852742293045,0.6988819999985534,0.7593564437193404,close,weak_single
phaseA5_fused_alpha_oof,track1_activity/submissions/umsgfnet_fp_kan/phaseA5_fused_alpha_oof.npy,0.5442480392494078,0.6928611056947949,0.7590409319294886,close,weak_single
phaseC_b2_fused_alpha_seed43_oof,track1_activity/submissions/umsgfnet_fp_kan/phaseC_b2_fused_alpha_seed43_oof.npy,0.5463107805462866,0.7000279360258165,0.7591074341202835,close,weak_single
oof_cheme_proj16_kron,track1_activity/submissions/krovex_dimsweep/oof_cheme_proj16_kron.npy,0.5475199544306553,0.6944225897698953,0.7492838432980872,close,weak_single
oof_cheme_proj16_concat,track1_activity/submissions/krovex_dimsweep/oof_cheme_proj16_concat.npy,0.5478211698777448,0.7174905246099985,0.7812061387153129,close,weak_single
oof_cheme_proj64_kron,track1_activity/submissions/krovex_dimsweep/oof_cheme_proj64_kron.npy,0.5481577495581875,0.7011735788236079,0.747627052189207,close,weak_single
oof_cheme_proj32_kron,track1_activity/submissions/krovex_dimsweep/oof_cheme_proj32_kron.npy,0.5516314776477045,0.6951324100093423,0.7454266186236231,close,weak_single
oof_cheme_proj32_concat,track1_activity/submissions/krovex_dimsweep/oof_cheme_proj32_concat.npy,0.5532680032452537,0.7204297624481596,0.7773300763505825,close,weak_single
oof_cheme_proj64_concat,track1_activity/submissions/krovex_dimsweep/oof_cheme_proj64_concat.npy,0.5553764856636827,0.7188982672733409,0.7774998943100231,close,weak_single
oof_cheme300_concat,track1_activity/submissions/krovex_grid/oof_cheme300_concat.npy,0.5580154329985251,0.7083050222498036,0.7584847490730032,close,weak_single
oof_cheme_raw_concat,track1_activity/submissions/krovex_dimsweep/oof_cheme_raw_concat.npy,0.5580154329985251,0.7083050222498036,0.7584847490730032,close,weak_single
phaseA_kan_only_oof,track1_activity/submissions/umsgfnet_fp_kan/phaseA_kan_only_oof.npy,0.561442212725954,0.6811949381686041,0.7412639887984904,close,weak_single
oof_kron,track1_activity/submissions/krovex/oof_kron.npy,0.5627130323093308,0.6912519227570971,0.7462673371116044,close,weak_single
phaseA_fused_alpha_oof,track1_activity/submissions/umsgfnet_fp_kan/phaseA_fused_alpha_oof.npy,0.5629060744574694,0.6723743522664918,0.7323095632178246,close,weak_single
phase_b1_a5_mlp_only_oof,track1_activity/submissions/umsgfnet_fp_kan/phase_b1_a5_mlp_only_oof.npy,0.5677423209041803,0.69500569056754,0.7248291641934481,close,weak_single
phase_b2_a5_mlp_only_oof,track1_activity/submissions/umsgfnet_fp_kan/phase_b2_a5_mlp_only_oof.npy,0.570427299308663,0.6907917820576345,0.738125661765282,close,weak_single
phaseA5_mlp_only_oof,track1_activity/submissions/umsgfnet_fp_kan/phaseA5_mlp_only_oof.npy,0.576400556212233,0.6930525235965047,0.7309300431528722,close,weak_single
oof_concat,track1_activity/submissions/krovex/oof_concat.npy,0.58190045501564,0.6837112741111036,0.7491550124582763,close,weak_single
oof_z_only,track1_activity/submissions/krovex/oof_z_only.npy,0.5877050237083218,0.6947826640593934,0.7558154107367333,close,weak_single
oof_hg_only,track1_activity/submissions/krovex/oof_hg_only.npy,0.7934815983268964,0.3613772175891211,0.5568863004416668,close,weak_single
phaseA_mlp_only_oof,track1_activity/submissions/umsgfnet_fp_kan/phaseA_mlp_only_oof.npy,1.0310616204136223,0.5527171803825575,0.07896812807127761,close,weak_single
